source_path,slug,published_date,category,current_url,likely_parent,likely_child,title
_posts/2026-09-13-goi-y-kham-pha-ha-noi-bang-xe-may-cho-nguoi-moi.md,goi-y-kham-pha-ha-noi-bang-xe-may-cho-nguoi-moi,2026-09-13,Du lịch,/blog/du lịch/2026/09/13/goi-y-kham-pha-ha-noi-bang-xe-may-cho-nguoi-moi/,P-DU-LICH,C-DIEM-DEN,Gợi ý khám phá Hà Nội bằng xe máy cho người mới
_posts/2026-09-13-kinh-nghiem-thue-xe-may-ha-noi.md,kinh-nghiem-thue-xe-may-ha-noi,2026-09-13,Kinh nghiệm,/blog/kinh nghiệm/2026/09/13/kinh-nghiem-thue-xe-may-ha-noi/,P-KY-NANG,C-KY-NANG-CO-BAN,Kinh nghiệm thuê xe máy tại Hà Nội: Những điều nên biết trước khi nhận xe
_posts/2026-09-13-xe-so-xe-ga-hay-xe-50cc-nen-chon-loai-nao.md,xe-so-xe-ga-hay-xe-50cc-nen-chon-loai-nao,2026-09-13,Chia sẻ,/blog/chia sẻ/2026/09/13/xe-so-xe-ga-hay-xe-50cc-nen-chon-loai-nao/,P-XE-MAY,C-XE-50CC,"Xe số, xe ga hay xe 50cc: Nên chọn loại nào?"
_posts/2026-09-17-thu-tuc-thue-xe-may-o-ha-noi-cho-nguoi-moi.md,thu-tuc-thue-xe-may-o-ha-noi-cho-nguoi-moi,2026-09-17,Kinh nghiệm,/blog/kinh nghiệm/2026/09/17/thu-tuc-thue-xe-may-o-ha-noi-cho-nguoi-moi/,P-THUE-XE,C-THUE-THU-TUC,Thủ tục thuê xe máy ở Hà Nội: quy trình từng bước cho người lần đầu thuê
_posts/2026-09-18-an-toan-khi-chay-xe-duong-truong.md,an-toan-khi-chay-xe-duong-truong,2026-09-18,Kinh nghiệm,/blog/kinh nghiệm/2026/09/18/an-toan-khi-chay-xe-duong-truong/,P-KY-NANG,C-KY-NANG-TINH-HUONG,An toàn khi chạy xe đường trường: kỹ năng và nguyên tắc khi rời khỏi phố
_posts/2026-09-18-ap-suat-lop-xe-may-kiem-tra-the-nao.md,ap-suat-lop-xe-may-kiem-tra-the-nao,2026-09-18,Chia sẻ,/blog/chia sẻ/2026/09/18/ap-suat-lop-xe-may-kiem-tra-the-nao/,P-XE-MAY,C-BAO-DUONG,Áp suất lốp xe máy: kiểm tra thế nào và vì sao quan trọng hơn bạn nghĩ
_posts/2026-09-18-cach-dat-xe-may-truoc-tu-xa.md,cach-dat-xe-may-truoc-tu-xa,2026-09-18,Chia sẻ,/blog/chia sẻ/2026/09/18/cach-dat-xe-may-truoc-tu-xa/,P-THUE-XE,C-THUE-THU-TUC,Đặt xe máy trước từ xa: cách đặt qua Zalo hoặc điện thoại để chủ động chọn xe
_posts/2026-09-18-cau-long-bien-va-khu-long-bien-bang-xe-may.md,cau-long-bien-va-khu-long-bien-bang-xe-may,2026-09-18,Du lịch,/blog/du lịch/2026/09/18/cau-long-bien-va-khu-long-bien-bang-xe-may/,P-CUNG-DUONG,C-CD-NOI-THANH,Cầu Long Biên và khu Long Biên bằng xe máy: trải nghiệm đáng đi ở Hà Nội
_posts/2026-09-18-cham-soc-day-xich-xe-may.md,cham-soc-day-xich-xe-may,2026-09-18,Chia sẻ,/blog/chia sẻ/2026/09/18/cham-soc-day-xich-xe-may/,P-THUE-XE,C-THUE-SU-CO,Chăm sóc dây xích xe máy: nhận biết xích khô và cách xử lý đúng
_posts/2026-09-18-checklist-kiem-tra-xe-khi-nhan-xe-thue.md,checklist-kiem-tra-xe-khi-nhan-xe-thue,2026-09-18,Kinh nghiệm,/blog/kinh nghiệm/2026/09/18/checklist-kiem-tra-xe-khi-nhan-xe-thue/,P-THUE-XE,C-THUE-NHAN-TRA,Danh sách kiểm tra xe khi nhận xe thuê: những điểm cần soi kỹ
_posts/2026-09-18-cho-hanh-ly-an-toan-tren-xe-may.md,cho-hanh-ly-an-toan-tren-xe-may,2026-09-18,Chia sẻ,/blog/chia sẻ/2026/09/18/cho-hanh-ly-an-toan-tren-xe-may/,P-KY-NANG,C-KY-NANG-CHO-DO,"Chở hành lý an toàn trên xe máy: theo dung lượng, không theo cảm hứng"
_posts/2026-09-18-chon-loai-xe-cho-chuyen-di-dai.md,chon-loai-xe-cho-chuyen-di-dai,2026-09-18,Chia sẻ,/blog/chia sẻ/2026/09/18/chon-loai-xe-cho-chuyen-di-dai/,P-THUE-XE,C-THUE-TUAN,Chọn loại xe cho chuyến đi dài: xe số hay xe ga hợp với đường trường
_posts/2026-09-18-chuan-bi-chuyen-di-gan-ha-noi-bang-xe-may.md,chuan-bi-chuyen-di-gan-ha-noi-bang-xe-may,2026-09-18,Kinh nghiệm,/blog/kinh nghiệm/2026/09/18/chuan-bi-chuyen-di-gan-ha-noi-bang-xe-may/,P-KY-NANG,C-KY-NANG-CO-BAN,Chuẩn bị chuyến đi gần Hà Nội bằng xe máy: từng bước từ chọn tuyến đến kiểm tra xe
_posts/2026-09-18-danh-sach-do-cho-chuyen-di-1-ngay-bang-xe-may.md,danh-sach-do-cho-chuyen-di-1-ngay-bang-xe-may,2026-09-18,Chia sẻ,/blog/chia sẻ/2026/09/18/danh-sach-do-cho-chuyen-di-1-ngay-bang-xe-may/,P-THUE-XE,C-THUE-NGAY,Danh sách đồ cho chuyến đi một ngày bằng xe máy: gọn nhẹ nhưng đủ dùng
_posts/2026-09-18-dau-hieu-xe-thue-can-bao-cua-hang-ngay.md,dau-hieu-xe-thue-can-bao-cua-hang-ngay,2026-09-18,Chia sẻ,/blog/chia sẻ/2026/09/18/dau-hieu-xe-thue-can-bao-cua-hang-ngay/,P-THUE-XE,C-THUE-SU-CO,Dấu hiệu xe thuê cần báo cửa hàng ngay
_posts/2026-09-18-den-xe-va-tam-nhin-khi-di-xe-may-ban-dem.md,den-xe-va-tam-nhin-khi-di-xe-may-ban-dem,2026-09-18,Chia sẻ,/blog/chia sẻ/2026/09/18/den-xe-va-tam-nhin-khi-di-xe-may-ban-dem/,P-XE-MAY,C-BAO-DUONG,Đèn xe và tầm nhìn khi đi xe máy ban đêm
_posts/2026-09-18-di-xe-may-o-ha-noi-mua-dong.md,di-xe-may-o-ha-noi-mua-dong,2026-09-18,Kinh nghiệm,/blog/kinh nghiệm/2026/09/18/di-xe-may-o-ha-noi-mua-dong/,P-KY-NANG,C-KY-NANG-THOI-TIET,Đi xe máy ở Hà Nội mùa đông: giữ ấm và an toàn khi trời lạnh
_posts/2026-09-18-di-xe-may-o-ha-noi-ngay-mua.md,di-xe-may-o-ha-noi-ngay-mua,2026-09-18,Kinh nghiệm,/blog/kinh nghiệm/2026/09/18/di-xe-may-o-ha-noi-ngay-mua/,P-KY-NANG,C-KY-NANG-THOI-TIET,Đi xe máy ở Hà Nội ngày mưa: chuẩn bị và kỹ thuật giữ an toàn
_posts/2026-09-18-do-bao-ho-khi-di-xe-may.md,do-bao-ho-khi-di-xe-may,2026-09-18,Chia sẻ,/blog/chia sẻ/2026/09/18/do-bao-ho-khi-di-xe-may/,P-KY-NANG,C-KY-NANG-TINH-HUONG,Đồ bảo hộ khi đi xe máy: chọn đúng mức cho từng loại chuyến đi
_posts/2026-09-18-giay-to-thue-xe-may-o-ha-noi-can-mang-gi.md,giay-to-thue-xe-may-o-ha-noi-can-mang-gi,2026-09-18,Kinh nghiệm,/blog/kinh nghiệm/2026/09/18/giay-to-thue-xe-may-o-ha-noi-can-mang-gi/,P-PHAP-LY,C-GIAY-TO,Giấy tờ thuê xe máy ở Hà Nội: cần mang gì khi đến cửa hàng
_posts/2026-09-18-gui-xe-o-ha-noi-meo-thuc-te.md,gui-xe-o-ha-noi-meo-thuc-te,2026-09-18,Kinh nghiệm,/blog/kinh nghiệm/2026/09/18/gui-xe-o-ha-noi-meo-thuc-te/,P-KY-NANG,C-KY-NANG-GUI-XE,Gửi xe ở Hà Nội: mẹo thực tế để gửi và nhận xe thuận lợi
_posts/2026-09-18-kham-pha-gia-lam-va-ven-song-hong-bang-xe-may.md,kham-pha-gia-lam-va-ven-song-hong-bang-xe-may,2026-09-18,Du lịch,/blog/du lịch/2026/09/18/kham-pha-gia-lam-va-ven-song-hong-bang-xe-may/,P-DU-LICH,C-HO-TAY,"Gia Lâm và ven sông Hồng bằng xe máy: đường đê, đồng ruộng và làng gốm"
_posts/2026-09-18-kham-pha-khu-ba-dinh-bang-xe-may.md,kham-pha-khu-ba-dinh-bang-xe-may,2026-09-18,Du lịch,/blog/du lịch/2026/09/18/kham-pha-khu-ba-dinh-bang-xe-may/,P-DU-LICH,C-DIEM-DEN,Khám phá khu Ba Đình bằng xe máy: điểm đến và lưu ý gửi xe quanh khu di tích
_posts/2026-09-18-kham-pha-khu-hoan-kiem-bang-xe-may.md,kham-pha-khu-hoan-kiem-bang-xe-may,2026-09-18,Du lịch,/blog/du lịch/2026/09/18/kham-pha-khu-hoan-kiem-bang-xe-may/,P-DU-LICH,C-PHO-CO,"Khám phá khu Hoàn Kiếm bằng xe máy: lịch trình, gửi xe và những trải nghiệm đáng giá"
_posts/2026-09-18-kham-pha-khu-tay-ho-bang-xe-may.md,kham-pha-khu-tay-ho-bang-xe-may,2026-09-18,Du lịch,/blog/du lịch/2026/09/18/kham-pha-khu-tay-ho-bang-xe-may/,P-DU-LICH,C-HO-TAY,Khám phá khu Tây Hồ bằng xe máy: đường ven hồ và những thời điểm đẹp nhất
_posts/2026-09-18-kham-pha-pho-co-ha-noi-bang-xe-may.md,kham-pha-pho-co-ha-noi-bang-xe-may,2026-09-18,Du lịch,/blog/du lịch/2026/09/18/kham-pha-pho-co-ha-noi-bang-xe-may/,P-DU-LICH,C-PHO-CO,"Khám phá Phố Cổ Hà Nội bằng xe máy: cách đi, gửi xe và thời điểm hợp lý"
_posts/2026-09-18-kiem-tra-xe-truoc-moi-chuyen-di.md,kiem-tra-xe-truoc-moi-chuyen-di,2026-09-18,Kinh nghiệm,/blog/kinh nghiệm/2026/09/18/kiem-tra-xe-truoc-moi-chuyen-di/,P-THUE-XE,C-THUE-NHAN-TRA,Kiểm tra xe trước mỗi chuyến đi: quy trình hai phút cho mọi người
_posts/2026-09-18-kinh-nghiem-do-xang-va-nghi-tuyen.md,kinh-nghiem-do-xang-va-nghi-tuyen,2026-09-18,Chia sẻ,/blog/chia sẻ/2026/09/18/kinh-nghiem-do-xang-va-nghi-tuyen/,P-HOI-DAP,C-HD-NGUOI-MOI,Kinh nghiệm đổ xăng và nghỉ trên tuyến khi chạy xe đường trường
_posts/2026-09-18-lai-xe-trong-pho-co-gio-cao-diem.md,lai-xe-trong-pho-co-gio-cao-diem,2026-09-18,Kinh nghiệm,/blog/kinh nghiệm/2026/09/18/lai-xe-trong-pho-co-gio-cao-diem/,P-KY-NANG,C-KY-NANG-TINH-HUONG,Lái xe trong phố cổ giờ cao điểm: cách xử lý mật độ xe dày
_posts/2026-09-18-len-ke-hoach-chuyen-cuoi-tuan-bang-xe-may.md,len-ke-hoach-chuyen-cuoi-tuan-bang-xe-may,2026-09-18,Du lịch,/blog/du lịch/2026/09/18/len-ke-hoach-chuyen-cuoi-tuan-bang-xe-may/,P-CUNG-DUONG,C-CD-CUOI-TUAN,Lên kế hoạch chuyến cuối tuần bằng xe máy: sắp xếp hai ngày gọn gàng
_posts/2026-09-18-nen-thue-hay-mua-xe-may-o-ha-noi.md,nen-thue-hay-mua-xe-may-o-ha-noi,2026-09-18,Chia sẻ,/blog/chia sẻ/2026/09/18/nen-thue-hay-mua-xe-may-o-ha-noi/,P-KY-NANG,C-KY-NANG-THOI-TIET,Nên thuê hay mua xe máy ở Hà Nội
_posts/2026-09-18-nen-thue-xe-may-tu-lai-hay-di-xe-cong-nghe.md,nen-thue-xe-may-tu-lai-hay-di-xe-cong-nghe,2026-09-18,Chia sẻ,/blog/chia sẻ/2026/09/18/nen-thue-xe-may-tu-lai-hay-di-xe-cong-nghe/,P-KY-NANG,C-KY-NANG-TINH-HUONG,Nên thuê xe máy tự lái hay đi xe công nghệ ở Hà Nội: so sánh theo tần suất di chuyển
_posts/2026-09-18-phan-biet-xe-dap-dien-va-xe-may-dien.md,phan-biet-xe-dap-dien-va-xe-may-dien,2026-09-18,Chia sẻ,/blog/chia sẻ/2026/09/18/phan-biet-xe-dap-dien-va-xe-may-dien/,P-XE-MAY,C-XE-DAP-DIEN,Xe đạp điện và xe máy điện khác nhau thế nào: chọn theo nhu cầu thực tế
_posts/2026-09-18-quang-duong-hop-ly-trong-ngay-khi-di-xe-may.md,quang-duong-hop-ly-trong-ngay-khi-di-xe-may,2026-09-18,Du lịch,/blog/du lịch/2026/09/18/quang-duong-hop-ly-trong-ngay-khi-di-xe-may/,P-THUE-XE,C-THUE-NGAY,Quãng đường hợp lý trong ngày khi đi xe máy: nên chạy bao nhiêu cây số
_posts/2026-09-18-quy-trinh-tra-xe-thue-dung-cach-tranh-tranh-chap.md,quy-trinh-tra-xe-thue-dung-cach-tranh-tranh-chap,2026-09-18,Kinh nghiệm,/blog/kinh nghiệm/2026/09/18/quy-trinh-tra-xe-thue-dung-cach-tranh-tranh-chap/,P-THUE-XE,C-THUE-NHAN-TRA,Trả xe thuê đúng cách: quy trình tránh mọi tranh chấp
_posts/2026-09-18-sac-pin-xe-may-dien-dung-cach.md,sac-pin-xe-may-dien-dung-cach,2026-09-18,Chia sẻ,/blog/chia sẻ/2026/09/18/sac-pin-xe-may-dien-dung-cach/,P-XE-MAY,C-XE-DIEN,Sạc pin xe máy điện đúng cách
_posts/2026-09-18-thay-nhot-dinh-ky-cho-xe-may.md,thay-nhot-dinh-ky-cho-xe-may,2026-09-18,Chia sẻ,/blog/chia sẻ/2026/09/18/thay-nhot-dinh-ky-cho-xe-may/,P-XE-MAY,C-BAO-DUONG,"Thay nhớt định kỳ cho xe máy: kỳ hạn, dấu hiệu và ai chịu khi đi xe thuê"
_posts/2026-09-18-thoi-tiet-va-ke-hoach-chuyen-di-bang-xe-may.md,thoi-tiet-va-ke-hoach-chuyen-di-bang-xe-may,2026-09-18,Kinh nghiệm,/blog/kinh nghiệm/2026/09/18/thoi-tiet-va-ke-hoach-chuyen-di-bang-xe-may/,P-KY-NANG,C-KY-NANG-CO-BAN,Thời tiết và kế hoạch chuyến đi bằng xe máy: đọc dự báo và quyết định có nên đi
_posts/2026-09-18-thue-honda-air-blade-o-ha-noi.md,thue-honda-air-blade-o-ha-noi,2026-09-18,Chia sẻ,/blog/chia sẻ/2026/09/18/thue-honda-air-blade-o-ha-noi/,P-XE-MAY,C-HONDA-AIR-BLADE,Thuê Honda Air Blade ở Hà Nội: dòng xe ga thể thao khác gì xe ga phổ thông
_posts/2026-09-18-thue-honda-click-va-yamaha-mio-o-ha-noi.md,thue-honda-click-va-yamaha-mio-o-ha-noi,2026-09-18,Chia sẻ,/blog/chia sẻ/2026/09/18/thue-honda-click-va-yamaha-mio-o-ha-noi/,P-XE-MAY,C-HONDA-CLICK,Thuê Honda Click và Yamaha Mio ở Hà Nội: dòng xe ga nhỏ gọn cho phố
_posts/2026-09-18-thue-honda-vision-o-ha-noi.md,thue-honda-vision-o-ha-noi,2026-09-18,Chia sẻ,/blog/chia sẻ/2026/09/18/thue-honda-vision-o-ha-noi/,P-XE-MAY,C-HONDA-VISION,Thuê Honda Vision ở Hà Nội: dòng xe ga nhỏ gọn hợp với ai
_posts/2026-09-18-thue-honda-wave-o-ha-noi.md,thue-honda-wave-o-ha-noi,2026-09-18,Chia sẻ,/blog/chia sẻ/2026/09/18/thue-honda-wave-o-ha-noi/,P-XE-MAY,C-HONDA-WAVE,Thuê Honda Wave ở Hà Nội: dòng xe số bền bỉ hợp với nhu cầu nào
_posts/2026-09-18-thue-xe-con-tay-co-nen-thu-cho-nguoi-moi-khong.md,thue-xe-con-tay-co-nen-thu-cho-nguoi-moi-khong,2026-09-18,Chia sẻ,/blog/chia sẻ/2026/09/18/thue-xe-con-tay-co-nen-thu-cho-nguoi-moi-khong/,P-XE-MAY,C-XE-GA,Thuê xe côn tay ở Hà Nội: có nên thử nếu bạn mới biết lái
_posts/2026-09-18-thue-xe-may-cho-sinh-vien-o-ha-noi.md,thue-xe-may-cho-sinh-vien-o-ha-noi,2026-09-18,Chia sẻ,/blog/chia sẻ/2026/09/18/thue-xe-may-cho-sinh-vien-o-ha-noi/,P-THUE-XE,C-THUE-THANG,"Thuê xe máy cho sinh viên ở Hà Nội: chọn xe và chi phí hợp lý khi đi học, đi làm thêm"
_posts/2026-09-18-thue-xe-may-dien-o-ha-noi-can-biet-gi.md,thue-xe-may-dien-o-ha-noi-can-biet-gi,2026-09-18,Chia sẻ,/blog/chia sẻ/2026/09/18/thue-xe-may-dien-o-ha-noi-can-biet-gi/,P-XE-MAY,C-XE-DIEN,"Thuê xe máy điện ở Hà Nội: quãng đường, sạc pin và những điều cần biết"
_posts/2026-09-18-thue-xe-may-ha-noi-cho-nguoi-nuoc-ngoai.md,thue-xe-may-ha-noi-cho-nguoi-nuoc-ngoai,2026-09-18,Kinh nghiệm,/blog/kinh nghiệm/2026/09/18/thue-xe-may-ha-noi-cho-nguoi-nuoc-ngoai/,P-THUE-XE,C-THUE-QUOC-TE,Thuê xe máy ở Hà Nội cho người nước ngoài: điều kiện giấy tờ và lưu ý giao thông
_posts/2026-09-18-thue-xe-may-theo-ngay-tuan-hay-thang.md,thue-xe-may-theo-ngay-tuan-hay-thang,2026-09-18,Kinh nghiệm,/blog/kinh nghiệm/2026/09/17/thue-xe-may-theo-ngay-tuan-hay-thang/,P-THUE-XE,C-THUE-NGAY,"Thuê xe máy theo ngày, theo tuần hay theo tháng: nên chọn kiểu nào"
_posts/2026-09-18-thue-xe-tay-ga-o-ha-noi-phu-hop-voi-ai.md,thue-xe-tay-ga-o-ha-noi-phu-hop-voi-ai,2026-09-18,Chia sẻ,/blog/chia sẻ/2026/09/18/thue-xe-tay-ga-o-ha-noi-phu-hop-voi-ai/,P-XE-MAY,C-XE-GA,Thuê xe tay ga ở Hà Nội: dòng xe phù hợp với ai và lưu ý khi lái trong phố
_posts/2026-09-18-tien-dat-coc-khi-thue-xe-may-o-ha-noi.md,tien-dat-coc-khi-thue-xe-may-o-ha-noi,2026-09-18,Kinh nghiệm,/blog/kinh nghiệm/2026/09/17/tien-dat-coc-khi-thue-xe-may-o-ha-noi/,P-THUE-XE,C-THUE-DAT-COC,Tiền đặt cọc khi thuê xe máy ở Hà Nội: cần biết gì trước khi đưa tiền
_posts/2026-09-18-xe-50cc-co-phu-hop-voi-ban-khong.md,xe-50cc-co-phu-hop-voi-ban-khong,2026-09-18,Chia sẻ,/blog/chia sẻ/2026/09/18/xe-50cc-co-phu-hop-voi-ban-khong/,P-XE-MAY,C-XE-50CC,Thuê xe 50cc ở Hà Nội: dòng xe nhẹ có phù hợp với bạn
_posts/2026-09-18-xe-so-uu-va-nhuoc-diem-khi-thue-o-ha-noi.md,xe-so-uu-va-nhuoc-diem-khi-thue-o-ha-noi,2026-09-18,Chia sẻ,/blog/chia sẻ/2026/09/18/xe-so-uu-va-nhuoc-diem-khi-thue-o-ha-noi/,P-XE-MAY,C-XE-SO,"Xe số là gì, ưu và nhược điểm khi thuê xe số ở Hà Nội"
_posts/2026-09-20-ac-quy-xe-tay-ga-yeu-va-khoa-tu.md,ac-quy-xe-tay-ga-yeu-va-khoa-tu,2026-09-20,Kinh nghiệm,/blog/kinh nghiệm/2026/09/19/ac-quy-xe-tay-ga-yeu-va-khoa-tu/,P-THUE-XE,C-THUE-SU-CO,"Ắc quy xe tay ga yếu và khóa từ: dấu hiệu, xử lý và phòng tránh"
_posts/2026-09-20-an-toan-khi-chay-xe-may-o-ha-noi.md,an-toan-khi-chay-xe-may-o-ha-noi,2026-09-20,Kinh nghiệm,/blog/kinh nghiệm/2026/09/19/an-toan-khi-chay-xe-may-o-ha-noi/,P-KY-NANG,C-KY-NANG-TINH-HUONG,An toàn khi chạy xe máy ở Hà Nội: tổng quan cho người thuê xe
_posts/2026-09-20-anh-chi-shipper-di-cuoc-cuoi-ngay.md,anh-chi-shipper-di-cuoc-cuoi-ngay,2026-09-20,Chia sẻ,/blog/chia sẻ/2026/09/19/anh-chi-shipper-di-cuoc-cuoi-ngay/,P-KY-NANG,C-KY-NANG-TINH-HUONG,Shipper chạy cước khung giờ cuối ngày
_posts/2026-09-20-ba-me-di-cho-cuoi-tuan-cho-ca-nha.md,ba-me-di-cho-cuoi-tuan-cho-ca-nha,2026-09-20,Chia sẻ,/blog/chia sẻ/2026/09/19/ba-me-di-cho-cuoi-tuan-cho-ca-nha/,P-CUNG-DUONG,C-CD-CUOI-TUAN,Bà mẹ đi chợ cuối tuần cho cả nhà
_posts/2026-09-20-ban-do-dan-vao-ngo-cut.md,ban-do-dan-vao-ngo-cut,2026-09-20,Kinh nghiệm,/blog/kinh nghiệm/2026/09/19/ban-do-dan-vao-ngo-cut/,P-THUE-XE,C-THUE-SU-CO,Đi vào ngõ cụt và ngõ nhỏ: xử lý sao cho gọn
_posts/2026-09-20-ban-do-offline-vung-ven-song-yeu.md,ban-do-offline-vung-ven-song-yeu,2026-09-20,Kinh nghiệm,/blog/kinh nghiệm/2026/09/19/ban-do-offline-vung-ven-song-yeu/,P-THUE-XE,C-THUE-SU-CO,Bản đồ offline khi đi vùng ven sóng yếu
_posts/2026-09-20-bao-duong-giua-ky-thue-xe-dai-han.md,bao-duong-giua-ky-thue-xe-dai-han,2026-09-20,Kinh nghiệm,/blog/kinh nghiệm/2026/09/19/bao-duong-giua-ky-thue-xe-dai-han/,P-THUE-XE,C-THUE-THANG,Bảo dưỡng giữa kỳ khi thuê xe dài hạn: phối hợp với cửa hàng
_posts/2026-09-20-bao-hiem-cho-nguoi-thue-xe-may-o-ha-noi.md,bao-hiem-cho-nguoi-thue-xe-may-o-ha-noi,2026-09-20,Kinh nghiệm,/blog/kinh nghiệm/2026/09/19/bao-hiem-cho-nguoi-thue-xe-may-o-ha-noi/,P-PHAP-LY,C-BAO-HIEM,Bảo hiểm cho người thuê xe máy ở Hà Nội: những điều cần hiểu rõ
_posts/2026-09-20-bao-hiem-lun-mam-xe-sau-mua-to.md,bao-hiem-lun-mam-xe-sau-mua-to,2026-09-20,Kinh nghiệm,/blog/kinh nghiệm/2026/09/19/bao-hiem-lun-mam-xe-sau-mua-to/,P-PHAP-LY,C-BAO-HIEM,Xe lún mềm bất thường sau mưa to
_posts/2026-09-20-bao-quan-xe-thue-khi-khong-dung-nhieu-ngay.md,bao-quan-xe-thue-khi-khong-dung-nhieu-ngay,2026-09-20,Kinh nghiệm,/blog/kinh nghiệm/2026/09/19/bao-quan-xe-thue-khi-khong-dung-nhieu-ngay/,P-KY-NANG,C-KY-NANG-TINH-HUONG,Bảo quản xe máy thuê khi không dùng trong nhiều ngày
_posts/2026-09-20-bao-ve-giay-to-khoi-mua-khi-di-xe-may.md,bao-ve-giay-to-khoi-mua-khi-di-xe-may,2026-09-20,Kinh nghiệm,/blog/kinh nghiệm/2026/09/19/bao-ve-giay-to-khoi-mua-khi-di-xe-may/,P-PHAP-LY,C-GIAY-TO,Bảo vệ giấy tờ và tài liệu khỏi mưa khi đi xe máy ở Hà Nội
_posts/2026-09-20-bao-vi-tri-chinh-xac-khi-xe-thue-su-co-giua-duong.md,bao-vi-tri-chinh-xac-khi-xe-thue-su-co-giua-duong,2026-09-20,Kinh nghiệm,/blog/kinh nghiệm/2026/09/19/bao-vi-tri-chinh-xac-khi-xe-thue-su-co-giua-duong/,P-THUE-XE,C-THUE-SU-CO,Báo vị trí chính xác khi xe máy thuê gặp sự cố giữa đường
_posts/2026-09-20-bi-dung-kiem-tra-giay-to-khi-di-xe-thue.md,bi-dung-kiem-tra-giay-to-khi-di-xe-thue,2026-09-20,Kinh nghiệm,/blog/kinh nghiệm/2026/09/19/bi-dung-kiem-tra-giay-to-khi-di-xe-thue/,P-PHAP-LY,C-GIAY-TO,Bị dừng kiểm tra giấy tờ khi đi xe máy thuê: nên làm gì
_posts/2026-09-20-bi-kiem-tra-giay-to-khi-di-xe-thue.md,bi-kiem-tra-giay-to-khi-di-xe-thue,2026-09-20,Kinh nghiệm,/blog/kinh nghiệm/2026/09/19/bi-kiem-tra-giay-to-khi-di-xe-thue/,P-PHAP-LY,C-GIAY-TO,Bị kiểm tra giấy tờ khi đi xe máy thuê cần lưu ý gì
_posts/2026-09-20-bi-phat-nguoi-qua-camera-giua-ky-thue.md,bi-phat-nguoi-qua-camera-giua-ky-thue,2026-09-20,Kinh nghiệm,/blog/kinh nghiệm/2026/09/19/bi-phat-nguoi-qua-camera-giua-ky-thue/,P-PHAP-LY,C-PHAT-NGUOI,Bị phạt nguội qua camera giữa kỳ thuê
_posts/2026-09-20-bi-va-quet-roi-bo-di-xu-ly-tung-buoc.md,bi-va-quet-roi-bo-di-xu-ly-tung-buoc,2026-09-20,Kinh nghiệm,/blog/kinh nghiệm/2026/09/19/bi-va-quet-roi-bo-di-xu-ly-tung-buoc/,P-KY-NANG,C-KY-NANG-CO-BAN,Bị va quẹt rồi bỏ đi: xử lý từng bước
_posts/2026-09-20-bien-bao-giao-thong-thuong-gap-khi-di-trong-pho.md,bien-bao-giao-thong-thuong-gap-khi-di-trong-pho,2026-09-20,Kinh nghiệm,/blog/kinh nghiệm/2026/09/19/bien-bao-giao-thong-thuong-gap-khi-di-trong-pho/,P-PHAP-LY,C-BIEN-BAO,Biển báo giao thông thường gặp khi đi trong phố
_posts/2026-09-20-bo-do-che-mua-che-nang-mang-tren-xe-ca-ngay.md,bo-do-che-mua-che-nang-mang-tren-xe-ca-ngay,2026-09-20,Chia sẻ,/blog/chia sẻ/2026/09/19/bo-do-che-mua-che-nang-mang-tren-xe-ca-ngay/,P-KY-NANG,C-KY-NANG-THOI-TIET,Bộ đồ che mưa che nắng nên mang theo khi đi xe máy cả ngày
_posts/2026-09-20-bo-do-nghe-sua-xe-mini-khi-di-xe-thue-dai-han.md,bo-do-nghe-sua-xe-mini-khi-di-xe-thue-dai-han,2026-09-20,Kinh nghiệm,/blog/kinh nghiệm/2026/09/19/bo-do-nghe-sua-xe-mini-khi-di-xe-thue-dai-han/,P-THUE-XE,C-THUE-THANG,Bộ đồ nghề sửa xe mini nên mang theo khi thuê xe dài hạn
_posts/2026-09-20-bo-y-te-mini-tren-xe-may-cho-nguoi-di-duong-nhieu.md,bo-y-te-mini-tren-xe-may-cho-nguoi-di-duong-nhieu,2026-09-20,Chia sẻ,/blog/chia sẻ/2026/09/19/bo-y-te-mini-tren-xe-may-cho-nguoi-di-duong-nhieu/,P-KY-NANG,C-KY-NANG-TINH-HUONG,Bộ y tế mini nên có trên xe máy cho người đi đường nhiều
_posts/2026-09-20-buoi-toi-chay-xe-giai-toa-dau-oc.md,buoi-toi-chay-xe-giai-toa-dau-oc,2026-09-20,Chia sẻ,/blog/chia sẻ/2026/09/19/buoi-toi-chay-xe-giai-toa-dau-oc/,P-KY-NANG,C-KY-NANG-SUC-KHOE,Buổi tối chạy xe giải tỏa đầu óc
_posts/2026-09-20-cach-danh-gia-cua-hang-cho-thue-xe-may.md,cach-danh-gia-cua-hang-cho-thue-xe-may,2026-09-20,Chia sẻ,/blog/chia sẻ/2026/09/19/cach-danh-gia-cua-hang-cho-thue-xe-may/,P-THUE-XE,C-THUE-THU-TUC,Cách đánh giá một cửa hàng cho thuê xe máy ở Hà Nội trước khi đặt
_posts/2026-09-20-cam-giac-lang-xe-khi-di-qua-vung-co-gio-ngang.md,cam-giac-lang-xe-khi-di-qua-vung-co-gio-ngang,2026-09-20,Kinh nghiệm,/blog/kinh nghiệm/2026/09/19/cam-giac-lang-xe-khi-di-qua-vung-co-gio-ngang/,P-KY-NANG,C-KY-NANG-TINH-HUONG,Cảm giác lạng xe khi qua vùng có gió ngang
_posts/2026-09-20-cam-nhan-do-an-phanh-dinh-ky-tren-xe-may-thue.md,cam-nhan-do-an-phanh-dinh-ky-tren-xe-may-thue,2026-09-20,Kinh nghiệm,/blog/kinh nghiệm/2026/09/19/cam-nhan-do-an-phanh-dinh-ky-tren-xe-may-thue/,P-XE-MAY,C-BAO-DUONG,Cảm nhận độ ăn phanh định kỳ trên xe máy thuê
_posts/2026-09-20-can-ho-tro-ngoai-gio-hoat-dong.md,can-ho-tro-ngoai-gio-hoat-dong,2026-09-20,Chia sẻ,/blog/chia sẻ/2026/09/19/can-ho-tro-ngoai-gio-hoat-dong/,P-HOI-DAP,C-HD-NGUOI-MOI,Cần hỗ trợ ngoài giờ hoạt động thì xử lý thế nào
_posts/2026-09-20-can-roi-ha-noi-dot-xuat-giua-ky-thue-xe.md,can-roi-ha-noi-dot-xuat-giua-ky-thue-xe,2026-09-20,Kinh nghiệm,/blog/kinh nghiệm/2026/09/19/can-roi-ha-noi-dot-xuat-giua-ky-thue-xe/,P-KY-NANG,C-KY-NANG-CO-BAN,Cần rời Hà Nội đột ngột giữa kỳ thuê xe
_posts/2026-09-20-can-thi-kinh-can-va-thi-giac-khi-di-xe-may.md,can-thi-kinh-can-va-thi-giac-khi-di-xe-may,2026-09-20,Kinh nghiệm,/blog/kinh nghiệm/2026/09/19/can-thi-kinh-can-va-thi-giac-khi-di-xe-may/,P-KY-NANG,C-KY-NANG-SUC-KHOE,"Cận thị, kính và việc nhìn rõ khi đi xe máy"
_posts/2026-09-20-can-xe-truoc-9-gio-sang.md,can-xe-truoc-9-gio-sang,2026-09-20,Chia sẻ,/blog/chia sẻ/2026/09/19/can-xe-truoc-9-gio-sang/,P-HOI-DAP,C-HD-NGUOI-MOI,Cấn xe trước 9 giờ sáng: nhận xe sớm như thế nào
_posts/2026-09-20-cau-be-trung-hoc-di-xe-may-toan-truong.md,cau-be-trung-hoc-di-xe-may-toan-truong,2026-09-20,Chia sẻ,/blog/chia sẻ/2026/09/19/cau-be-trung-hoc-di-xe-may-toan-truong/,P-KY-NANG,C-KY-NANG-SUC-KHOE,Học sinh trung học đi xe máy tới trường
_posts/2026-09-20-cau-hoi-thuong-gap-khi-thue-xe-may-o-ha-noi.md,cau-hoi-thuong-gap-khi-thue-xe-may-o-ha-noi,2026-09-20,Chia sẻ,/blog/chia sẻ/2026/09/19/cau-hoi-thuong-gap-khi-thue-xe-may-o-ha-noi/,P-THUE-XE,C-THUE-THU-TUC,Câu hỏi thường gặp khi thuê xe máy ở Hà Nội: giải đáp từ giấy tờ đến trả xe
_posts/2026-09-20-cham-soc-xe-thue-sau-khi-di-mua.md,cham-soc-xe-thue-sau-khi-di-mua,2026-09-20,Kinh nghiệm,/blog/kinh nghiệm/2026/09/19/cham-soc-xe-thue-sau-khi-di-mua/,P-XE-MAY,C-BAO-DUONG,Chăm sóc xe máy thuê sau những chuyến đi mưa
_posts/2026-09-20-chay-pho-ngam-den-tet.md,chay-pho-ngam-den-tet,2026-09-20,Chia sẻ,/blog/chia sẻ/2026/09/19/chay-pho-ngam-den-tet/,P-KY-NANG,C-KY-NANG-THOI-TIET,Chạy phố ngắm đèn Tết bằng xe máy
_posts/2026-09-20-chay-thu-tuyen-moi-truoc-ngay-dau-tien.md,chay-thu-tuyen-moi-truoc-ngay-dau-tien,2026-09-20,Kinh nghiệm,/blog/kinh nghiệm/2026/09/19/chay-thu-tuyen-moi-truoc-ngay-dau-tien/,P-KY-NANG,C-KY-NANG-TINH-HUONG,Chạy thử tuyến mới trước ngày đầu tiên dùng xe máy thuê
_posts/2026-09-20-chay-xe-chieu-toi-mua-dong-lanh-buot.md,chay-xe-chieu-toi-mua-dong-lanh-buot,2026-09-20,Kinh nghiệm,/blog/kinh nghiệm/2026/09/19/chay-xe-chieu-toi-mua-dong-lanh-buot/,P-KY-NANG,C-KY-NANG-THOI-TIET,Chạy xe chiều tối mùa đông lạnh buốt
_posts/2026-09-20-chay-xe-dung-o-do-chen-lan-xe-dung.md,chay-xe-dung-o-do-chen-lan-xe-dung,2026-09-20,Kinh nghiệm,/blog/kinh nghiệm/2026/09/19/chay-xe-dung-o-do-chen-lan-xe-dung/,P-KY-NANG,C-KY-NANG-TINH-HUONG,Chạy xe đúng chỗ ở đoạn chen làn xe dừng
_posts/2026-09-20-chay-xe-duong-lang-duong-trong-khu-vuc-moi.md,chay-xe-duong-lang-duong-trong-khu-vuc-moi,2026-09-20,Kinh nghiệm,/blog/kinh nghiệm/2026/09/19/chay-xe-duong-lang-duong-trong-khu-vuc-moi/,P-KY-NANG,C-KY-NANG-TINH-HUONG,Chạy xe đường làng đường trơn khu vực mới mở
_posts/2026-09-20-chay-xe-giua-cong-bao-lon-mua-he.md,chay-xe-giua-cong-bao-lon-mua-he,2026-09-20,Kinh nghiệm,/blog/kinh nghiệm/2026/09/19/chay-xe-giua-cong-bao-lon-mua-he/,P-KY-NANG,C-KY-NANG-THOI-TIET,Chạy xe giữa cơn bão lớn mùa hè
_posts/2026-09-20-chay-xe-khi-dau-nhot-bao-ky-han.md,chay-xe-khi-dau-nhot-bao-ky-han,2026-09-20,Kinh nghiệm,/blog/kinh nghiệm/2026/09/19/chay-xe-khi-dau-nhot-bao-ky-han/,P-XE-MAY,C-BAO-DUONG,Chạy xe khi đến hạn nhớt sắp đến
_posts/2026-09-20-chay-xe-may-tren-duong-doc-va-cau-vuot.md,chay-xe-may-tren-duong-doc-va-cau-vuot,2026-09-20,Kinh nghiệm,/blog/kinh nghiệm/2026/09/19/chay-xe-may-tren-duong-doc-va-cau-vuot/,P-KY-NANG,C-KY-NANG-TINH-HUONG,Chạy xe máy trên đường dốc và cầu vượt ở Hà Nội: kỹ năng cần tập
_posts/2026-09-20-chay-xe-om-cong-nghe-thoi-vu-bang-xe-thue.md,chay-xe-om-cong-nghe-thoi-vu-bang-xe-thue,2026-09-20,Kinh nghiệm,/blog/kinh nghiệm/2026/09/19/chay-xe-om-cong-nghe-thoi-vu-bang-xe-thue/,P-PHAP-LY,C-QUY-DINH,Chạy xe ôm công nghệ thời vụ bằng xe thuê
_posts/2026-09-20-chay-xe-qua-cau-vong-kinh-ha-noi-ban-dem.md,chay-xe-qua-cau-vong-kinh-ha-noi-ban-dem,2026-09-20,Kinh nghiệm,/blog/kinh nghiệm/2026/09/19/chay-xe-qua-cau-vong-kinh-ha-noi-ban-dem/,P-KY-NANG,C-KY-NANG-TINH-HUONG,Chạy xe qua cầu vòng kính Hà Nội ban đêm
_posts/2026-09-20-chay-xe-qua-do-duong-dang-sua-ne-tranh.md,chay-xe-qua-do-duong-dang-sua-ne-tranh,2026-09-20,Kinh nghiệm,/blog/kinh nghiệm/2026/09/19/chay-xe-qua-do-duong-dang-sua-ne-tranh/,P-KY-NANG,C-KY-NANG-TINH-HUONG,Chạy xe qua đoạn đường đang sửa và cách né tránh
_posts/2026-09-20-chay-xe-sang-som-co-vang-suong.md,chay-xe-sang-som-co-vang-suong,2026-09-20,Kinh nghiệm,/blog/kinh nghiệm/2026/09/19/chay-xe-sang-som-co-vang-suong/,P-KY-NANG,C-KY-NANG-THOI-TIET,Chạy xe sáng sớm có vàng sương
_posts/2026-09-20-chay-xe-sang-som-quanh-ho-ne-dong-nguoi-tap-the-duc.md,chay-xe-sang-som-quanh-ho-ne-dong-nguoi-tap-the-duc,2026-09-20,Kinh nghiệm,/blog/kinh nghiệm/2026/09/19/chay-xe-sang-som-quanh-ho-ne-dong-nguoi-tap-the-duc/,P-KY-NANG,C-KY-NANG-SUC-KHOE,"Chạy xe sáng sớm quanh hồ, né dòng người tập thể dục"
_posts/2026-09-20-chay-xe-sang-som-ve-lang-nghe-vung-ven-ha-noi.md,chay-xe-sang-som-ve-lang-nghe-vung-ven-ha-noi,2026-09-20,Du lịch,/blog/du lịch/2026/09/19/chay-xe-sang-som-ve-lang-nghe-vung-ven-ha-noi/,P-KY-NANG,C-KY-NANG-TINH-HUONG,Chạy xe sáng sớm về làng nghề vùng ven Hà Nội
_posts/2026-09-20-chay-xe-sang-toi-cho-dau-moi-mua-ra-si.md,chay-xe-sang-toi-cho-dau-moi-mua-ra-si,2026-09-20,Kinh nghiệm,/blog/kinh nghiệm/2026/09/19/chay-xe-sang-toi-cho-dau-moi-mua-ra-si/,P-KY-NANG,C-KY-NANG-THOI-TIET,Chạy xe sáng tới chợ đầu mối mua rau sỉ
_posts/2026-09-20-chay-xe-toi-cho-hoa-tet-o-ha-noi.md,chay-xe-toi-cho-hoa-tet-o-ha-noi,2026-09-20,Du lịch,/blog/du lịch/2026/09/19/chay-xe-toi-cho-hoa-tet-o-ha-noi/,P-KY-NANG,C-KY-NANG-CHO-DO,Chạy xe tới chợ hoa Tết ở Hà Nội
_posts/2026-09-20-chay-xe-tren-duong-da-dam-soi.md,chay-xe-tren-duong-da-dam-soi,2026-09-20,Kinh nghiệm,/blog/kinh nghiệm/2026/09/19/chay-xe-tren-duong-da-dam-soi/,P-KY-NANG,C-KY-NANG-TINH-HUONG,Chạy xe trên đường đá dăm và sỏi
_posts/2026-09-20-checklist-ngay-tra-xe-may-thue.md,checklist-ngay-tra-xe-may-thue,2026-09-20,Kinh nghiệm,/blog/kinh nghiệm/2026/09/19/checklist-ngay-tra-xe-may-thue/,P-THUE-XE,C-THUE-NHAN-TRA,Ngày trả xe máy thuê: danh sách việc cần làm cho buổi tất toán
_posts/2026-09-20-checklist-nhan-xe-may-dien-thue.md,checklist-nhan-xe-may-dien-thue,2026-09-20,Kinh nghiệm,/blog/kinh nghiệm/2026/09/19/checklist-nhan-xe-may-dien-thue/,P-THUE-XE,C-THUE-NHAN-TRA,"Kiểm tra khi nhận xe máy điện thuê: pin, sạc và đèn báo"
_posts/2026-09-20-chi-phi-thue-xe-may-o-ha-noi-toan-canh.md,chi-phi-thue-xe-may-o-ha-noi-toan-canh,2026-09-20,Kinh nghiệm,/blog/kinh nghiệm/2026/09/19/chi-phi-thue-xe-may-o-ha-noi-toan-canh/,P-THUE-XE,C-THUE-GIA,Chi phí thuê xe máy ở Hà Nội nhìn tổng thể: tính đủ mọi khoản trước khi đặt cọc
_posts/2026-09-20-chia-lan-voi-xe-dap-xe-dien.md,chia-lan-voi-xe-dap-xe-dien,2026-09-20,Kinh nghiệm,/blog/kinh nghiệm/2026/09/19/chia-lan-voi-xe-dap-xe-dien/,P-XE-MAY,C-XE-DIEN,Chia làn với xe đạp và xe đạp điện trên đường
_posts/2026-09-20-chia-se-vi-tri-voi-nguoi-than-khi-di-khuya.md,chia-se-vi-tri-voi-nguoi-than-khi-di-khuya,2026-09-20,Chia sẻ,/blog/chia sẻ/2026/09/19/chia-se-vi-tri-voi-nguoi-than-khi-di-khuya/,P-HOI-DAP,C-HD-NGUOI-MOI,Chia sẻ vị trí với người thân khi đi khuya
_posts/2026-09-20-chien-luoc-di-xe-gio-cao-diem-ha-noi.md,chien-luoc-di-xe-gio-cao-diem-ha-noi,2026-09-20,Kinh nghiệm,/blog/kinh nghiệm/2026/09/19/chien-luoc-di-xe-gio-cao-diem-ha-noi/,P-KY-NANG,C-KY-NANG-TINH-HUONG,Đi xe máy giờ cao điểm ở Hà Nội: chiến lược thời gian và tuyến đường
_posts/2026-09-20-chinh-guong-chieu-hau-xe-may-dung-cach.md,chinh-guong-chieu-hau-xe-may-dung-cach,2026-09-20,Kinh nghiệm,/blog/kinh nghiệm/2026/09/19/chinh-guong-chieu-hau-xe-may-dung-cach/,P-KY-NANG,C-KY-NANG-TINH-HUONG,Chỉnh gương chiếu hậu xe máy đúng cách cho người thuê xe
_posts/2026-09-20-cho-banh-keo-dai-hoi-lang-xom.md,cho-banh-keo-dai-hoi-lang-xom,2026-09-20,Chia sẻ,/blog/chia sẻ/2026/09/19/cho-banh-keo-dai-hoi-lang-xom/,P-DU-LICH,C-NGOAI-THANH,Chở bánh kẹo đi hội làng
_posts/2026-09-20-cho-binh-nuoc-lon-tren-xe-may.md,cho-binh-nuoc-lon-tren-xe-may,2026-09-20,Kinh nghiệm,/blog/kinh nghiệm/2026/09/19/cho-binh-nuoc-lon-tren-xe-may/,P-KY-NANG,C-KY-NANG-CHO-DO,Chở bình nước lớn trên xe máy an toàn
_posts/2026-09-20-cho-cay-canh-nho-mua-vuon.md,cho-cay-canh-nho-mua-vuon,2026-09-20,Kinh nghiệm,/blog/kinh nghiệm/2026/09/19/cho-cay-canh-nho-mua-vuon/,P-KY-NANG,C-KY-NANG-CHO-DO,Chở cây cảnh nhỏ mua ở vườn
_posts/2026-09-20-cho-chay-theo-xe-xu-ly-the-nao.md,cho-chay-theo-xe-xu-ly-the-nao,2026-09-20,Kinh nghiệm,/blog/kinh nghiệm/2026/09/19/cho-chay-theo-xe-xu-ly-the-nao/,P-KY-NANG,C-KY-NANG-TINH-HUONG,Chó chạy theo xe: xử lý thế nào
_posts/2026-09-20-cho-do-an-thuc-uong-khong-do-vang.md,cho-do-an-thuc-uong-khong-do-vang,2026-09-20,Kinh nghiệm,/blog/kinh nghiệm/2026/09/19/cho-do-an-thuc-uong-khong-do-vang/,P-KY-NANG,C-KY-NANG-CHO-DO,Chở đồ ăn thức uống trên xe máy thuê mà không đổ vỡ
_posts/2026-09-20-cho-do-di-cam-trai-picnic.md,cho-do-di-cam-trai-picnic,2026-09-20,Du lịch,/blog/du lịch/2026/09/19/cho-do-di-cam-trai-picnic/,P-KY-NANG,C-KY-NANG-CHO-DO,Chở đồ đi cắm trại picnic bằng xe máy
_posts/2026-09-20-cho-do-di-cho-va-mua-sam-bang-xe-thue.md,cho-do-di-cho-va-mua-sam-bang-xe-thue,2026-09-20,Kinh nghiệm,/blog/kinh nghiệm/2026/09/19/cho-do-di-cho-va-mua-sam-bang-xe-thue/,P-THUE-XE,C-THUE-NGAY,Chở đồ đi chợ và mua sắm an toàn bằng xe máy thuê
_posts/2026-09-20-cho-do-di-tap-the-thao.md,cho-do-di-tap-the-thao,2026-09-20,Kinh nghiệm,/blog/kinh nghiệm/2026/09/19/cho-do-di-tap-the-thao/,P-KY-NANG,C-KY-NANG-CHO-DO,Chở đồ đi tập thể thao trên xe máy gọn gàng
_posts/2026-09-20-cho-do-dien-tu-gia-dung-kho-vo.md,cho-do-dien-tu-gia-dung-kho-vo,2026-09-20,Kinh nghiệm,/blog/kinh nghiệm/2026/09/19/cho-do-dien-tu-gia-dung-kho-vo/,P-KY-NANG,C-KY-NANG-CHO-DO,Chở đồ điện tử gia dụng dễ vỡ
_posts/2026-09-20-cho-do-dung-cho-em-be-tren-xe-may.md,cho-do-dung-cho-em-be-tren-xe-may,2026-09-20,Kinh nghiệm,/blog/kinh nghiệm/2026/09/19/cho-do-dung-cho-em-be-tren-xe-may/,P-KY-NANG,C-KY-NANG-CHO-DO,Chở đồ dùng cho em bé trên xe máy: sắp xếp gọn và an toàn
_posts/2026-09-20-cho-do-hinh-tru-va-do-de-lan-tren-xe-may.md,cho-do-hinh-tru-va-do-de-lan-tren-xe-may,2026-09-20,Kinh nghiệm,/blog/kinh nghiệm/2026/09/19/cho-do-hinh-tru-va-do-de-lan-tren-xe-may/,P-KY-NANG,C-KY-NANG-CHO-DO,Chở đồ hình trụ và đồ dễ lăn trên xe máy
_posts/2026-09-20-cho-do-noi-that-nho-tren-xe-may.md,cho-do-noi-that-nho-tren-xe-may,2026-09-20,Kinh nghiệm,/blog/kinh nghiệm/2026/09/19/cho-do-noi-that-nho-tren-xe-may/,P-KY-NANG,C-KY-NANG-CHO-DO,Chở nội thất nhỏ trên xe máy
_posts/2026-09-20-cho-do-tiep-te-cho-gia-dinh-co-em-be-moi-sinh.md,cho-do-tiep-te-cho-gia-dinh-co-em-be-moi-sinh,2026-09-20,Chia sẻ,/blog/chia sẻ/2026/09/19/cho-do-tiep-te-cho-gia-dinh-co-em-be-moi-sinh/,P-KY-NANG,C-KY-NANG-CHO-DO,Chở đồ tiếp tế cho gia đình có em bé mới sinh
_posts/2026-09-20-cho-dung-cu-lam-viec-tren-xe-may-thue.md,cho-dung-cu-lam-viec-tren-xe-may-thue,2026-09-20,Kinh nghiệm,/blog/kinh nghiệm/2026/09/19/cho-dung-cu-lam-viec-tren-xe-may-thue/,P-KY-NANG,C-KY-NANG-CO-BAN,Chở dụng cụ làm việc trên xe máy thuê: nguyên tắc an toàn
_posts/2026-09-20-cho-hanh-ly-vali-tren-xe-may-thue.md,cho-hanh-ly-vali-tren-xe-may-thue,2026-09-20,Kinh nghiệm,/blog/kinh nghiệm/2026/09/19/cho-hanh-ly-vali-tren-xe-may-thue/,P-KY-NANG,C-KY-NANG-CHO-DO,"Chở hành lý vali trên xe máy thuê khi chuyển chỗ, ra ga"
_posts/2026-09-20-cho-hoa-va-cay-canh-tren-xe-may.md,cho-hoa-va-cay-canh-tren-xe-may,2026-09-20,Kinh nghiệm,/blog/kinh nghiệm/2026/09/19/cho-hoa-va-cay-canh-tren-xe-may/,P-KY-NANG,C-KY-NANG-CHO-DO,Chở hoa và cây cảnh trên xe máy sao cho an toàn
_posts/2026-09-20-cho-hop-qua-le-cuoi-tren-xe-may.md,cho-hop-qua-le-cuoi-tren-xe-may,2026-09-20,Kinh nghiệm,/blog/kinh nghiệm/2026/09/19/cho-hop-qua-le-cuoi-tren-xe-may/,P-KY-NANG,C-KY-NANG-THOI-TIET,Chở hộp quà lễ cưới trên xe máy
_posts/2026-09-20-cho-laptop-an-toan-tren-xe-may-thue.md,cho-laptop-an-toan-tren-xe-may-thue,2026-09-20,Kinh nghiệm,/blog/kinh nghiệm/2026/09/19/cho-laptop-an-toan-tren-xe-may-thue/,P-KY-NANG,C-KY-NANG-CHO-DO,Chở laptop an toàn trên xe máy thuê ở Hà Nội
_posts/2026-09-20-cho-long-chim-di-dao-sang.md,cho-long-chim-di-dao-sang,2026-09-20,Chia sẻ,/blog/chia sẻ/2026/09/19/cho-long-chim-di-dao-sang/,P-HOI-DAP,C-HD-NGUOI-MOI,Chở lồng chim đi dạo sáng ở Hà Nội
_posts/2026-09-20-cho-may-anh-thiet-bi-quay-phim-tren-xe-may.md,cho-may-anh-thiet-bi-quay-phim-tren-xe-may,2026-09-20,Kinh nghiệm,/blog/kinh nghiệm/2026/09/19/cho-may-anh-thiet-bi-quay-phim-tren-xe-may/,P-KY-NANG,C-KY-NANG-CHO-DO,Chở máy ảnh và thiết bị quay phim an toàn trên xe máy
_posts/2026-09-20-cho-nguoi-khac-muon-xe-thue-trach-nhiem.md,cho-nguoi-khac-muon-xe-thue-trach-nhiem,2026-09-20,Kinh nghiệm,/blog/kinh nghiệm/2026/09/19/cho-nguoi-khac-muon-xe-thue-trach-nhiem/,P-KY-NANG,C-KY-NANG-TINH-HUONG,Cho người khác mượn xe máy thuê: trách nhiệm nằm ở đâu
_posts/2026-09-20-cho-nguoi-lon-tuoi-di-kham-benh-dinh-ky.md,cho-nguoi-lon-tuoi-di-kham-benh-dinh-ky,2026-09-20,Chia sẻ,/blog/chia sẻ/2026/09/19/cho-nguoi-lon-tuoi-di-kham-benh-dinh-ky/,P-KY-NANG,C-KY-NANG-SUC-KHOE,Chở người lớn tuổi đi khám bệnh định kỳ
_posts/2026-09-20-cho-nguoi-lon-tuoi-ngoi-sau-xe-may.md,cho-nguoi-lon-tuoi-ngoi-sau-xe-may,2026-09-20,Chia sẻ,/blog/chia sẻ/2026/09/19/cho-nguoi-lon-tuoi-ngoi-sau-xe-may/,P-KY-NANG,C-KY-NANG-SUC-KHOE,Chở người lớn tuổi ngồi sau xe máy: những điều cần để ý
_posts/2026-09-20-cho-qua-tai-tren-xe-thue.md,cho-qua-tai-tren-xe-thue,2026-09-20,Kinh nghiệm,/blog/kinh nghiệm/2026/09/19/cho-qua-tai-tren-xe-thue/,P-KY-NANG,C-KY-NANG-CHO-DO,Chở quá tải trên xe thuê: giới hạn thực tế ở đâu
_posts/2026-09-20-cho-thu-cung-tren-xe-may-an-toan-cho-ca-hai.md,cho-thu-cung-tren-xe-may-an-toan-cho-ca-hai,2026-09-20,Chia sẻ,/blog/chia sẻ/2026/09/19/cho-thu-cung-tren-xe-may-an-toan-cho-ca-hai/,P-KY-NANG,C-KY-NANG-CHO-DO,Chở thú cưng trên xe máy: an toàn cho cả hai
_posts/2026-09-20-cho-tre-em-di-xe-may-thue-o-ha-noi.md,cho-tre-em-di-xe-may-thue-o-ha-noi,2026-09-20,Chia sẻ,/blog/chia sẻ/2026/09/19/cho-tre-em-di-xe-may-thue-o-ha-noi/,P-KY-NANG,C-KY-NANG-TINH-HUONG,Cho trẻ em đi trên xe máy thuê ở Hà Nội: lưu ý an toàn dành cho phụ huynh
_posts/2026-09-20-cho-tre-moi-lon-du-tuoi-ngoi-sau-lan-dau.md,cho-tre-moi-lon-du-tuoi-ngoi-sau-lan-dau,2026-09-20,Chia sẻ,/blog/chia sẻ/2026/09/19/cho-tre-moi-lon-du-tuoi-ngoi-sau-lan-dau/,P-KY-NANG,C-KY-NANG-SUC-KHOE,Chở trẻ mới lớn đủ tuổi ngồi sau lần đầu
_posts/2026-09-20-cho-tru-tam-khi-mua-lon-dang-giua-duong.md,cho-tru-tam-khi-mua-lon-dang-giua-duong,2026-09-20,Kinh nghiệm,/blog/kinh nghiệm/2026/09/19/cho-tru-tam-khi-mua-lon-dang-giua-duong/,P-KY-NANG,C-KY-NANG-THOI-TIET,Trú tạm ở đâu khi mưa lớn đang giữa đường
_posts/2026-09-20-cho-vat-dai-tren-xe-may-an-toan.md,cho-vat-dai-tren-xe-may-an-toan,2026-09-20,Kinh nghiệm,/blog/kinh nghiệm/2026/09/19/cho-vat-dai-tren-xe-may-an-toan/,P-KY-NANG,C-KY-NANG-CHO-DO,Chở vật dài trên xe máy an toàn
_posts/2026-09-20-chon-cua-hang-gan-nha-hay-gan-noi-lam-viec.md,chon-cua-hang-gan-nha-hay-gan-noi-lam-viec,2026-09-20,Kinh nghiệm,/blog/kinh nghiệm/2026/09/19/chon-cua-hang-gan-nha-hay-gan-noi-lam-viec/,P-KY-NANG,C-KY-NANG-CO-BAN,Chọn cửa hàng cho thuê gần nhà hay gần nơi làm việc
_posts/2026-09-20-chon-tuyen-di-xe-may-theo-tinh-trang-mat-duong-o-ha-noi.md,chon-tuyen-di-xe-may-theo-tinh-trang-mat-duong-o-ha-noi,2026-09-20,Kinh nghiệm,/blog/kinh nghiệm/2026/09/19/chon-tuyen-di-xe-may-theo-tinh-trang-mat-duong-o-ha-noi/,P-KY-NANG,C-KY-NANG-TINH-HUONG,Chọn tuyến đi xe máy theo tình trạng mặt đường ở Hà Nội
_posts/2026-09-20-chon-xe-theo-voc-dang-va-chieu-cao-yen.md,chon-xe-theo-voc-dang-va-chieu-cao-yen,2026-09-20,Kinh nghiệm,/blog/kinh nghiệm/2026/09/19/chon-xe-theo-voc-dang-va-chieu-cao-yen/,P-XE-MAY,C-XE-GA,Chọn xe máy thuê theo vóc dáng và chiều cao yên xe
_posts/2026-09-20-chong-buon-ngu-khi-chay-xe-buoi-trua.md,chong-buon-ngu-khi-chay-xe-buoi-trua,2026-09-20,Kinh nghiệm,/blog/kinh nghiệm/2026/09/19/chong-buon-ngu-khi-chay-xe-buoi-trua/,P-KY-NANG,C-KY-NANG-SUC-KHOE,Chống buồn ngủ khi chạy xe buổi trưa
_posts/2026-09-20-chup-anh-khi-nhan-va-tra-xe-thue.md,chup-anh-khi-nhan-va-tra-xe-thue,2026-09-20,Kinh nghiệm,/blog/kinh nghiệm/2026/09/19/chup-anh-khi-nhan-va-tra-xe-thue/,P-THUE-XE,C-THUE-NHAN-TRA,Chụp ảnh khi nhận và trả xe thuê: bộ bằng chứng nhỏ có tác dụng lớn
_posts/2026-09-20-chuyen-cho-o-giua-ky-thue-xe-may.md,chuyen-cho-o-giua-ky-thue-xe-may,2026-09-20,Kinh nghiệm,/blog/kinh nghiệm/2026/09/19/chuyen-cho-o-giua-ky-thue-xe-may/,P-THUE-XE,C-THUE-THU-TUC,"Chuyển chỗ ở giữa kỳ thuê xe máy ở Hà Nội: dọn đồ, chỗ gửi xe mới và các thủ tục"
_posts/2026-09-20-chuyen-den-ha-noi-di-chuyen-tuan-dau.md,chuyen-den-ha-noi-di-chuyen-tuan-dau,2026-09-20,Kinh nghiệm,/blog/kinh nghiệm/2026/09/19/chuyen-den-ha-noi-di-chuyen-tuan-dau/,P-KY-NANG,C-KY-NANG-CO-BAN,Chuyển đến Hà Nội sinh sống: thiết lập việc đi lại trong tuần đầu
_posts/2026-09-20-chuyen-di-chua-huong-mua-le-bang-xe-may.md,chuyen-di-chua-huong-mua-le-bang-xe-may,2026-09-20,Du lịch,/blog/du lịch/2026/09/19/chuyen-di-chua-huong-mua-le-bang-xe-may/,P-KY-NANG,C-KY-NANG-THOI-TIET,Chuyến đi chùa Hương mùa lễ bằng xe máy
_posts/2026-09-20-chuyen-di-chua-tam-chuc-bang-xe-may.md,chuyen-di-chua-tam-chuc-bang-xe-may,2026-09-20,Du lịch,/blog/du lịch/2026/09/19/chuyen-di-chua-tam-chuc-bang-xe-may/,P-KY-NANG,C-KY-NANG-THOI-TIET,Chuyến đi chùa Tam Chúc bằng xe máy
_posts/2026-09-20-chuyen-hen-ho-bang-xe-may.md,chuyen-hen-ho-bang-xe-may,2026-09-20,Chia sẻ,/blog/chia sẻ/2026/09/19/chuyen-hen-ho-bang-xe-may/,P-KY-NANG,C-KY-NANG-THOI-TIET,Chuyến hẹn hò bằng xe máy
_posts/2026-09-20-chuyen-tu-xe-so-sang-xe-tay-ga.md,chuyen-tu-xe-so-sang-xe-tay-ga,2026-09-20,Kinh nghiệm,/blog/kinh nghiệm/2026/09/19/chuyen-tu-xe-so-sang-xe-tay-ga/,P-XE-MAY,C-XE-SO,Chuyển từ xe số sang xe tay ga: hướng dẫn làm quen cho người thuê
_posts/2026-09-20-co-xe-keo-dai-khi-troi-am.md,co-xe-keo-dai-khi-troi-am,2026-09-20,Kinh nghiệm,/blog/kinh nghiệm/2026/09/19/co-xe-keo-dai-khi-troi-am/,P-KY-NANG,C-KY-NANG-THOI-TIET,Cò xe kéo dài khi trời ẩm ướt
_posts/2026-09-20-con-trung-bay-vao-mat.md,con-trung-bay-vao-mat,2026-09-20,Kinh nghiệm,/blog/kinh nghiệm/2026/09/19/con-trung-bay-vao-mat/,P-KY-NANG,C-KY-NANG-CO-BAN,Côn trùng bay vào mặt khi đang chạy xe
_posts/2026-09-20-danh-ba-diem-sua-xe-cay-xang-tuyen-thuong-di.md,danh-ba-diem-sua-xe-cay-xang-tuyen-thuong-di,2026-09-20,Kinh nghiệm,/blog/kinh nghiệm/2026/09/19/danh-ba-diem-sua-xe-cay-xang-tuyen-thuong-di/,P-KY-NANG,C-KY-NANG-CO-BAN,"Danh bạ điểm sửa xe, vá lốp, cây xăng trên tuyến thường đi"
_posts/2026-09-20-danh-ba-khan-cap-va-phuong-an-du-phong-khi-di-xe-may-thue.md,danh-ba-khan-cap-va-phuong-an-du-phong-khi-di-xe-may-thue,2026-09-20,Kinh nghiệm,/blog/kinh nghiệm/2026/09/19/danh-ba-khan-cap-va-phuong-an-du-phong-khi-di-xe-may-thue/,P-KY-NANG,C-KY-NANG-TINH-HUONG,Danh bạ khẩn cấp và phương án dự phòng khi đi xe máy thuê
_posts/2026-09-20-dat-xe-giup-nguoi-lon-tuoi.md,dat-xe-giup-nguoi-lon-tuoi,2026-09-20,Chia sẻ,/blog/chia sẻ/2026/09/19/dat-xe-giup-nguoi-lon-tuoi/,P-THUE-XE,C-THUE-THU-TUC,Đặt xe giúp người lớn tuổi trong nhà
_posts/2026-09-20-dau-bat-thuong-xuat-hien-giua-duong-dung-o-dau.md,dau-bat-thuong-xuat-hien-giua-duong-dung-o-dau,2026-09-20,Kinh nghiệm,/blog/kinh nghiệm/2026/09/19/dau-bat-thuong-xuat-hien-giua-duong-dung-o-dau/,P-THUE-XE,C-THUE-SU-CO,Đau bất thường xuất hiện giữa đường: dừng ở đâu
_posts/2026-09-20-dau-lung-vai-co-khi-di-xe-may-hang-ngay-nguyen-nhan-va-cach-giam.md,dau-lung-vai-co-khi-di-xe-may-hang-ngay-nguyen-nhan-va-cach-giam,2026-09-20,Chia sẻ,/blog/chia sẻ/2026/09/19/dau-lung-vai-co-khi-di-xe-may-hang-ngay-nguyen-nhan-va-cach-giam/,P-KY-NANG,C-KY-NANG-SUC-KHOE,"Đau lưng, vai cổ khi đi xe máy hằng ngày: nguyên nhân và cách giảm"
_posts/2026-09-20-dau-mat-luc-chieu-nang-nhin-thang.md,dau-mat-luc-chieu-nang-nhin-thang,2026-09-20,Kinh nghiệm,/blog/kinh nghiệm/2026/09/19/dau-mat-luc-chieu-nang-nhin-thang/,P-KY-NANG,C-KY-NANG-SUC-KHOE,Đau mắt lúc chiều nắng chiếu thẳng
_posts/2026-09-20-day-nguoi-khac-lai-tren-xe-thue.md,day-nguoi-khac-lai-tren-xe-thue,2026-09-20,Chia sẻ,/blog/chia sẻ/2026/09/19/day-nguoi-khac-lai-tren-xe-thue/,P-KY-NANG,C-KY-NANG-TINH-HUONG,Dạy người khác lái thử trên xe thuê
_posts/2026-09-20-day-thun-day-buoc-do-vuong-banh-xe.md,day-thun-day-buoc-do-vuong-banh-xe,2026-09-20,Kinh nghiệm,/blog/kinh nghiệm/2026/09/19/day-thun-day-buoc-do-vuong-banh-xe/,P-KY-NANG,C-KY-NANG-TINH-HUONG,"Dây thun, dây buộc và nguy cơ dây lỏng vướng bánh xe khi chở đồ"
_posts/2026-09-20-de-xe-may-buoi-sang-lanh-o-ha-noi.md,de-xe-may-buoi-sang-lanh-o-ha-noi,2026-09-20,Kinh nghiệm,/blog/kinh nghiệm/2026/09/19/de-xe-may-buoi-sang-lanh-o-ha-noi/,P-KY-NANG,C-KY-NANG-GUI-XE,Đề xe máy buổi sáng lạnh ở Hà Nội: thao tác nhẹ nhàng và những điều nên tránh
_posts/2026-09-20-de-xe-may-thue-duoi-nang-ca-ngay-anh-huong-va-cach-bao-ve.md,de-xe-may-thue-duoi-nang-ca-ngay-anh-huong-va-cach-bao-ve,2026-09-20,Kinh nghiệm,/blog/kinh nghiệm/2026/09/19/de-xe-may-thue-duoi-nang-ca-ngay-anh-huong-va-cach-bao-ve/,P-KY-NANG,C-KY-NANG-GUI-XE,Để xe máy thuê dưới nắng cả ngày: ảnh hưởng và cách bảo vệ
_posts/2026-09-20-de-xe-thue-qua-dem-ngoai-troi-o-khu-tro.md,de-xe-thue-qua-dem-ngoai-troi-o-khu-tro,2026-09-20,Chia sẻ,/blog/chia sẻ/2026/09/19/de-xe-thue-qua-dem-ngoai-troi-o-khu-tro/,P-THUE-XE,C-THUE-NGAY,Để xe thuê qua đêm ngoài trời ở khu trọ: bảo vệ xe và giữ quan hệ tốt
_posts/2026-09-20-de-xe-tren-do-doc-nho-va-len-xe-tro-lai.md,de-xe-tren-do-doc-nho-va-len-xe-tro-lai,2026-09-20,Kinh nghiệm,/blog/kinh nghiệm/2026/09/19/de-xe-tren-do-doc-nho-va-len-xe-tro-lai/,P-KY-NANG,C-KY-NANG-GUI-XE,Để xe trên dốc nhỏ và lên xe trở lại
_posts/2026-09-20-dem-phao-hoa-o-ha-noi-di-xe-may-the-nao.md,dem-phao-hoa-o-ha-noi-di-xe-may-the-nao,2026-09-20,Kinh nghiệm,/blog/kinh nghiệm/2026/09/19/dem-phao-hoa-o-ha-noi-di-xe-may-the-nao/,P-KY-NANG,C-KY-NANG-THOI-TIET,Đêm pháo hoa ở Hà Nội: đi xe máy thế nào cho an toàn
_posts/2026-09-20-den-bao-va-tieng-keu-bat-thuong-tren-xe-tay-ga-thue.md,den-bao-va-tieng-keu-bat-thuong-tren-xe-tay-ga-thue,2026-09-20,Kinh nghiệm,/blog/kinh nghiệm/2026/09/19/den-bao-va-tieng-keu-bat-thuong-tren-xe-tay-ga-thue/,P-THUE-XE,C-THUE-SU-CO,Đèn báo và tiếng kêu bất thường trên xe tay ga thuê: đọc đúng và phản ứng đúng
_posts/2026-09-20-den-chieu-choi-tu-xe-nguoc-chieu.md,den-chieu-choi-tu-xe-nguoc-chieu,2026-09-20,Kinh nghiệm,/blog/kinh nghiệm/2026/09/19/den-chieu-choi-tu-xe-nguoc-chieu/,P-KY-NANG,C-KY-NANG-CO-BAN,Đèn chiều hời và chạy xe lúc chạng vạng tối
_posts/2026-09-20-den-pha-yeu-dan-tu-vang-buon.md,den-pha-yeu-dan-tu-vang-buon,2026-09-20,Kinh nghiệm,/blog/kinh nghiệm/2026/09/19/den-pha-yeu-dan-tu-vang-buon/,P-THUE-XE,C-THUE-SU-CO,Đèn pha yếu dần dần buổi tối
_posts/2026-09-20-den-pha-yeu-truoc-chuyen-di-chieu-toi.md,den-pha-yeu-truoc-chuyen-di-chieu-toi,2026-09-20,Kinh nghiệm,/blog/kinh nghiệm/2026/09/19/den-pha-yeu-truoc-chuyen-di-chieu-toi/,P-THUE-XE,C-THUE-SU-CO,Đèn pha yếu trước chuyến đi buổi tối: kiểm tra và quyết định có nên xuất phát
_posts/2026-09-20-deo-balo-nang-khi-di-xe-may.md,deo-balo-nang-khi-di-xe-may,2026-09-20,Kinh nghiệm,/blog/kinh nghiệm/2026/09/19/deo-balo-nang-khi-di-xe-may/,P-KY-NANG,C-KY-NANG-CHO-DO,Đeo ba lô nặng khi đi xe máy: cách giảm mỏi và rủi ro
_posts/2026-09-20-di-an-uong-co-con-ve-nha-the-nao.md,di-an-uong-co-con-ve-nha-the-nao,2026-09-20,Kinh nghiệm,/blog/kinh nghiệm/2026/09/19/di-an-uong-co-con-ve-nha-the-nao/,P-KY-NANG,C-KY-NANG-CO-BAN,Đi ăn uống có dùng đồ có cồn thì về nhà thế nào khi đang thuê xe máy
_posts/2026-09-20-di-chuyen-theo-ca-lam-viec-voi-xe-thue.md,di-chuyen-theo-ca-lam-viec-voi-xe-thue,2026-09-20,Kinh nghiệm,/blog/kinh nghiệm/2026/09/19/di-chuyen-theo-ca-lam-viec-voi-xe-thue/,P-THUE-XE,C-THUE-THANG,"Đi lại theo ca làm việc bằng xe máy thuê: ca đêm, ca xoay và ca sớm"
_posts/2026-09-20-di-dam-cuoc-tiec-tung-va-ruou-bia.md,di-dam-cuoc-tiec-tung-va-ruou-bia,2026-09-20,Kinh nghiệm,/blog/kinh nghiệm/2026/09/19/di-dam-cuoc-tiec-tung-va-ruou-bia/,P-PHAP-LY,C-NOI-DO-CONG,"Đi đám cưới, tiệc tùng về khuya bằng xe máy"
_posts/2026-09-20-di-do-son-hai-ngay-bang-xe-may.md,di-do-son-hai-ngay-bang-xe-may,2026-09-20,Du lịch,/blog/du lịch/2026/09/19/di-do-son-hai-ngay-bang-xe-may/,P-THUE-XE,C-THUE-NGAY,Đi Đồ Sơn hai ngày bằng xe máy
_posts/2026-09-20-di-ho-nui-coc-bang-xe-may.md,di-ho-nui-coc-bang-xe-may,2026-09-20,Du lịch,/blog/du lịch/2026/09/19/di-ho-nui-coc-bang-xe-may/,P-CUNG-DUONG,C-CD-CUOI-TUAN,Đi hồ Núi Cốc Thái Nguyên bằng xe máy
_posts/2026-09-20-di-lai-bang-xe-may-khi-chan-tay-bi-thuong-tam-thoi.md,di-lai-bang-xe-may-khi-chan-tay-bi-thuong-tam-thoi,2026-09-20,Kinh nghiệm,/blog/kinh nghiệm/2026/09/19/di-lai-bang-xe-may-khi-chan-tay-bi-thuong-tam-thoi/,P-KY-NANG,C-KY-NANG-SUC-KHOE,Đi lại bằng xe máy khi chân hoặc tay bị thương tạm thời
_posts/2026-09-20-di-lai-hang-ngay-cho-nguoi-moi-den-ha-noi-lam-viec.md,di-lai-hang-ngay-cho-nguoi-moi-den-ha-noi-lam-viec,2026-09-20,Kinh nghiệm,/blog/kinh nghiệm/2026/09/19/di-lai-hang-ngay-cho-nguoi-moi-den-ha-noi-lam-viec/,P-KY-NANG,C-KY-NANG-TINH-HUONG,Đi lại hằng ngày bằng xe máy cho người mới đến Hà Nội làm việc
_posts/2026-09-20-di-nhom-nhieu-xe-may-giu-lien-lac.md,di-nhom-nhieu-xe-may-giu-lien-lac,2026-09-20,Du lịch,/blog/du lịch/2026/09/19/di-nhom-nhieu-xe-may-giu-lien-lac/,P-HOI-DAP,C-HD-NGUOI-MOI,Đi nhóm nhiều xe máy và cách giữ liên lạc
_posts/2026-09-20-di-qua-vong-xuyen-va-nut-giao-lon-o-ha-noi.md,di-qua-vong-xuyen-va-nut-giao-lon-o-ha-noi,2026-09-20,Kinh nghiệm,/blog/kinh nghiệm/2026/09/19/di-qua-vong-xuyen-va-nut-giao-lon-o-ha-noi/,P-PHAP-LY,C-QUY-DINH,Đi qua vòng xuyến và nút giao lớn ở Hà Nội: hướng dẫn cho người mới
_posts/2026-09-20-di-tam-dao-bang-xe-may-tu-ha-noi.md,di-tam-dao-bang-xe-may-tu-ha-noi,2026-09-20,Du lịch,/blog/du lịch/2026/09/19/di-tam-dao-bang-xe-may-tu-ha-noi/,P-CUNG-DUONG,C-CD-CUOI-TUAN,Đi Tam Đảo bằng xe máy từ Hà Nội
_posts/2026-09-20-di-trang-an-ninh-binh-qua-dem-bang-xe-may.md,di-trang-an-ninh-binh-qua-dem-bang-xe-may,2026-09-20,Du lịch,/blog/du lịch/2026/09/19/di-trang-an-ninh-binh-qua-dem-bang-xe-may/,P-THUE-XE,C-THUE-NGAY,Đi Tràng An Ninh Bình qua đêm bằng xe máy
_posts/2026-09-20-di-vang-ha-noi-nhieu-ngay-trong-ky-thue.md,di-vang-ha-noi-nhieu-ngay-trong-ky-thue,2026-09-20,Chia sẻ,/blog/chia sẻ/2026/09/19/di-vang-ha-noi-nhieu-ngay-trong-ky-thue/,P-KY-NANG,C-KY-NANG-TINH-HUONG,Đi vắng Hà Nội nhiều ngày trong kỳ thuê xe máy xử lý thế nào
_posts/2026-09-20-di-xe-khi-dang-tuc-gian.md,di-xe-khi-dang-tuc-gian,2026-09-20,Kinh nghiệm,/blog/kinh nghiệm/2026/09/19/di-xe-khi-dang-tuc-gian/,P-KY-NANG,C-KY-NANG-SUC-KHOE,Đi xe khi đang tức giận
_posts/2026-09-20-di-xe-may-ban-dem-muon-o-ha-noi.md,di-xe-may-ban-dem-muon-o-ha-noi,2026-09-20,Kinh nghiệm,/blog/kinh nghiệm/2026/09/19/di-xe-may-ban-dem-muon-o-ha-noi/,P-KY-NANG,C-KY-NANG-TINH-HUONG,Đi xe máy về muộn ban đêm ở Hà Nội: cách đi an toàn
_posts/2026-09-20-di-xe-may-den-benh-vien-o-ha-noi.md,di-xe-may-den-benh-vien-o-ha-noi,2026-09-20,Kinh nghiệm,/blog/kinh nghiệm/2026/09/19/di-xe-may-den-benh-vien-o-ha-noi/,P-KY-NANG,C-KY-NANG-TINH-HUONG,Đi xe máy đến bệnh viện ở Hà Nội: chuẩn bị để chuyến đi ít căng thẳng
_posts/2026-09-20-di-xe-may-den-dam-gio-dam-tang-vung-ven-ha-noi.md,di-xe-may-den-dam-gio-dam-tang-vung-ven-ha-noi,2026-09-20,Chia sẻ,/blog/chia sẻ/2026/09/19/di-xe-may-den-dam-gio-dam-tang-vung-ven-ha-noi/,P-KY-NANG,C-KY-NANG-THOI-TIET,"Đi xe máy đến đám giỗ, đám tang vùng ven Hà Nội"
_posts/2026-09-20-di-xe-may-don-ca-sinh-giua-dem.md,di-xe-may-don-ca-sinh-giua-dem,2026-09-20,Chia sẻ,/blog/chia sẻ/2026/09/19/di-xe-may-don-ca-sinh-giua-dem/,P-KY-NANG,C-KY-NANG-TINH-HUONG,Đi xe máy đón ca sinh giữa đêm
_posts/2026-09-20-di-xe-may-dot-gion-lanh-ve-dem-ha-noi.md,di-xe-may-dot-gion-lanh-ve-dem-ha-noi,2026-09-20,Kinh nghiệm,/blog/kinh nghiệm/2026/09/19/di-xe-may-dot-gion-lanh-ve-dem-ha-noi/,P-KY-NANG,C-KY-NANG-THOI-TIET,Đi xe máy đột gió lạnh về đêm Hà Nội
_posts/2026-09-20-di-xe-may-kem-tre-tap-xe-dap-o-khu-dan-cu.md,di-xe-may-kem-tre-tap-xe-dap-o-khu-dan-cu,2026-09-20,Kinh nghiệm,/blog/kinh nghiệm/2026/09/19/di-xe-may-kem-tre-tap-xe-dap-o-khu-dan-cu/,P-KY-NANG,C-KY-NANG-SUC-KHOE,Đi xe máy kèm trẻ tập xe đạp ở khu dân cư
_posts/2026-09-20-di-xe-may-khi-co-viec-gap-can-den-ngay.md,di-xe-may-khi-co-viec-gap-can-den-ngay,2026-09-20,Kinh nghiệm,/blog/kinh nghiệm/2026/09/19/di-xe-may-khi-co-viec-gap-can-den-ngay/,P-KY-NANG,C-KY-NANG-TINH-HUONG,Đi xe máy khi có việc gấp cần đến ngay
_posts/2026-09-20-di-xe-may-khi-dang-om-hoac-dung-thuoc-gay-buon-ngu.md,di-xe-may-khi-dang-om-hoac-dung-thuoc-gay-buon-ngu,2026-09-20,Chia sẻ,/blog/chia sẻ/2026/09/19/di-xe-may-khi-dang-om-hoac-dung-thuoc-gay-buon-ngu/,P-KY-NANG,C-KY-NANG-SUC-KHOE,Đi xe máy khi đang ốm hoặc dùng thuốc gây buồn ngủ
_posts/2026-09-20-di-xe-may-khi-gio-lon-va-gio-ngang-o-ha-noi.md,di-xe-may-khi-gio-lon-va-gio-ngang-o-ha-noi,2026-09-20,Kinh nghiệm,/blog/kinh nghiệm/2026/09/19/di-xe-may-khi-gio-lon-va-gio-ngang-o-ha-noi/,P-KY-NANG,C-KY-NANG-THOI-TIET,Đi xe máy khi gió lớn và gió ngang ở Hà Nội
_posts/2026-09-20-di-xe-may-khi-mac-vay-va-trang-phuc-dai-cac-meo-thuc-te.md,di-xe-may-khi-mac-vay-va-trang-phuc-dai-cac-meo-thuc-te,2026-09-20,Chia sẻ,/blog/chia sẻ/2026/09/19/di-xe-may-khi-mac-vay-va-trang-phuc-dai-cac-meo-thuc-te/,P-KY-NANG,C-KY-NANG-TINH-HUONG,Đi xe máy khi mặc váy và trang phục dài: các mẹo thực tế
_posts/2026-09-20-di-xe-may-khi-mat-ngu-vi-con-nho-quay-dem.md,di-xe-may-khi-mat-ngu-vi-con-nho-quay-dem,2026-09-20,Kinh nghiệm,/blog/kinh nghiệm/2026/09/19/di-xe-may-khi-mat-ngu-vi-con-nho-quay-dem/,P-KY-NANG,C-KY-NANG-TINH-HUONG,Đi xe máy khi mất ngủ vì con nhỏ quấy đêm
_posts/2026-09-20-di-xe-may-khi-troi-mua-rau-rau-nang.md,di-xe-may-khi-troi-mua-rau-rau-nang,2026-09-20,Kinh nghiệm,/blog/kinh nghiệm/2026/09/19/di-xe-may-khi-troi-mua-rau-rau-nang/,P-KY-NANG,C-KY-NANG-THOI-TIET,Đi xe máy khi trời mưa dầm nhiều ngày
_posts/2026-09-20-di-xe-may-khi-vua-ve-tu-chuyen-bay-dai.md,di-xe-may-khi-vua-ve-tu-chuyen-bay-dai,2026-09-20,Kinh nghiệm,/blog/kinh nghiệm/2026/09/19/di-xe-may-khi-vua-ve-tu-chuyen-bay-dai/,P-KY-NANG,C-KY-NANG-SUC-KHOE,Đi xe máy khi vừa về từ chuyến bay dài
_posts/2026-09-20-di-xe-may-ngay-mung-1-va-ram-thang.md,di-xe-may-ngay-mung-1-va-ram-thang,2026-09-20,Kinh nghiệm,/blog/kinh nghiệm/2026/09/19/di-xe-may-ngay-mung-1-va-ram-thang/,P-KY-NANG,C-KY-NANG-TINH-HUONG,Đi xe máy ngày mùng 1 và rằm tháng
_posts/2026-09-20-di-xe-may-ngay-troi-quang-nang-gac.md,di-xe-may-ngay-troi-quang-nang-gac,2026-09-20,Kinh nghiệm,/blog/kinh nghiệm/2026/09/19/di-xe-may-ngay-troi-quang-nang-gac/,P-KY-NANG,C-KY-NANG-THOI-TIET,Đi xe máy ngày trời quang nắng gắt
_posts/2026-09-20-di-xe-may-nguoc-nang-buoi-sang-chieu-giam-choi-va-giu-an-toan.md,di-xe-may-nguoc-nang-buoi-sang-chieu-giam-choi-va-giu-an-toan,2026-09-20,Kinh nghiệm,/blog/kinh nghiệm/2026/09/19/di-xe-may-nguoc-nang-buoi-sang-chieu-giam-choi-va-giu-an-toan/,P-KY-NANG,C-KY-NANG-TINH-HUONG,Đi xe máy ngược nắng buổi sáng chiều: giảm chói và giữ an toàn
_posts/2026-09-20-di-xe-may-qua-cho-tam-va-duong-hop-cho-sang-som-o-ha-noi.md,di-xe-may-qua-cho-tam-va-duong-hop-cho-sang-som-o-ha-noi,2026-09-20,Kinh nghiệm,/blog/kinh nghiệm/2026/09/19/di-xe-may-qua-cho-tam-va-duong-hop-cho-sang-som-o-ha-noi/,P-KY-NANG,C-KY-NANG-TINH-HUONG,Đi xe máy qua chợ tạm và đường họp chợ sáng sớm ở Hà Nội
_posts/2026-09-20-di-xe-may-qua-gam-cau-va-ham-chui-o-ha-noi.md,di-xe-may-qua-gam-cau-va-ham-chui-o-ha-noi,2026-09-20,Kinh nghiệm,/blog/kinh nghiệm/2026/09/19/di-xe-may-qua-gam-cau-va-ham-chui-o-ha-noi/,P-KY-NANG,C-KY-NANG-TINH-HUONG,Đi xe máy qua gầm cầu và hầm chui ở Hà Nội
_posts/2026-09-20-di-xe-may-ra-ga-va-ben-xe.md,di-xe-may-ra-ga-va-ben-xe,2026-09-20,Kinh nghiệm,/blog/kinh nghiệm/2026/09/19/di-xe-may-ra-ga-va-ben-xe/,P-KY-NANG,C-KY-NANG-TINH-HUONG,Đi xe máy ra ga tàu và bến xe ở Hà Nội
_posts/2026-09-20-di-xe-may-tham-gia-hoat-dong-tinh-nguyen.md,di-xe-may-tham-gia-hoat-dong-tinh-nguyen,2026-09-20,Chia sẻ,/blog/chia sẻ/2026/09/19/di-xe-may-tham-gia-hoat-dong-tinh-nguyen/,P-KY-NANG,C-KY-NANG-TINH-HUONG,Đi xe máy tham gia hoạt động tình nguyện
_posts/2026-09-20-di-xe-may-theo-nhom-ban-be-ky-nang-phoi-hop.md,di-xe-may-theo-nhom-ban-be-ky-nang-phoi-hop,2026-09-20,Kinh nghiệm,/blog/kinh nghiệm/2026/09/19/di-xe-may-theo-nhom-ban-be-ky-nang-phoi-hop/,P-KY-NANG,C-KY-NANG-TINH-HUONG,Đi xe máy theo nhóm bạn bè: kỹ năng phối hợp cần biết
_posts/2026-09-20-di-xe-may-thue-buoi-sang-suong-mu-tam-nhin-thap-can-lam-gi.md,di-xe-may-thue-buoi-sang-suong-mu-tam-nhin-thap-can-lam-gi,2026-09-20,Kinh nghiệm,/blog/kinh nghiệm/2026/09/19/di-xe-may-thue-buoi-sang-suong-mu-tam-nhin-thap-can-lam-gi/,P-KY-NANG,C-KY-NANG-THOI-TIET,Đi xe máy thuê buổi sáng sương mù: tầm nhìn thấp cần làm gì
_posts/2026-09-20-di-xe-may-thue-qua-khu-vuc-thi-cong-duong-bo-an-toan.md,di-xe-may-thue-qua-khu-vuc-thi-cong-duong-bo-an-toan,2026-09-20,Kinh nghiệm,/blog/kinh nghiệm/2026/09/19/di-xe-may-thue-qua-khu-vuc-thi-cong-duong-bo-an-toan/,P-KY-NANG,C-KY-NANG-TINH-HUONG,Đi xe máy thuê qua khu vực thi công đường bộ an toàn
_posts/2026-09-20-di-xe-may-vao-ngo-hem-pho-co-sang-chieu.md,di-xe-may-vao-ngo-hem-pho-co-sang-chieu,2026-09-20,Kinh nghiệm,/blog/kinh nghiệm/2026/09/19/di-xe-may-vao-ngo-hem-pho-co-sang-chieu/,P-KY-NANG,C-KY-NANG-TINH-HUONG,Đi xe máy vào ngõ phố cổ sáng chiều
_posts/2026-09-20-di-xe-may-xuyen-quan-qua-cau-long-bien.md,di-xe-may-xuyen-quan-qua-cau-long-bien,2026-09-20,Kinh nghiệm,/blog/kinh nghiệm/2026/09/19/di-xe-may-xuyen-quan-qua-cau-long-bien/,P-KY-NANG,C-KY-NANG-TINH-HUONG,Đi xe máy xuyên quận qua cầu Long Biên
_posts/2026-09-20-di-xe-sau-khi-ngoi-lau-o-may-tinh.md,di-xe-sau-khi-ngoi-lau-o-may-tinh,2026-09-20,Kinh nghiệm,/blog/kinh nghiệm/2026/09/19/di-xe-sau-khi-ngoi-lau-o-may-tinh/,P-KY-NANG,C-KY-NANG-TINH-HUONG,Đi xe sau khi ngồi lâu ở máy tính
_posts/2026-09-20-di-xe-thue-khi-troi-tro-lanh-dot-ngot.md,di-xe-thue-khi-troi-tro-lanh-dot-ngot,2026-09-20,Kinh nghiệm,/blog/kinh nghiệm/2026/09/19/di-xe-thue-khi-troi-tro-lanh-dot-ngot/,P-KY-NANG,C-KY-NANG-THOI-TIET,Đi xe máy thuê khi trời trở lạnh đột ngột ở Hà Nội
_posts/2026-09-20-di-xe-thue-qua-duong-ngap-nuoc-sau-mua.md,di-xe-thue-qua-duong-ngap-nuoc-sau-mua,2026-09-20,Kinh nghiệm,/blog/kinh nghiệm/2026/09/19/di-xe-thue-qua-duong-ngap-nuoc-sau-mua/,P-KY-NANG,C-KY-NANG-THOI-TIET,Đi xe máy thuê qua đường ngập nước sau mưa
_posts/2026-09-20-di-xe-tim-phong-tro-moi.md,di-xe-tim-phong-tro-moi,2026-09-20,Kinh nghiệm,/blog/kinh nghiệm/2026/09/19/di-xe-tim-phong-tro-moi/,P-KY-NANG,C-KY-NANG-TINH-HUONG,Đi xe máy xem phòng trọ mới
_posts/2026-09-20-dien-thoai-het-pin-khi-dang-dinh-vi.md,dien-thoai-het-pin-khi-dang-dinh-vi,2026-09-20,Kinh nghiệm,/blog/kinh nghiệm/2026/09/19/dien-thoai-het-pin-khi-dang-dinh-vi/,P-THUE-XE,C-THUE-SU-CO,Điện thoại hết pin khi đang định vị trên xe máy
_posts/2026-09-20-dien-thoai-roi-xuong-duong-giua-chuyen-di.md,dien-thoai-roi-xuong-duong-giua-chuyen-di,2026-09-20,Kinh nghiệm,/blog/kinh nghiệm/2026/09/19/dien-thoai-roi-xuong-duong-giua-chuyen-di/,P-KY-NANG,C-KY-NANG-TINH-HUONG,Điện thoại rơi xuống đường giữa chuyến đi
_posts/2026-09-20-dien-thoai-tren-xe-may-gia-do-sac-va-thoi-quen-an-toan.md,dien-thoai-tren-xe-may-gia-do-sac-va-thoi-quen-an-toan,2026-09-20,Kinh nghiệm,/blog/kinh nghiệm/2026/09/19/dien-thoai-tren-xe-may-gia-do-sac-va-thoi-quen-an-toan/,P-KY-NANG,C-KY-NANG-TINH-HUONG,"Điện thoại trên xe máy: giá đỡ, sạc và thói quen an toàn"
_posts/2026-09-20-dieu-chinh-thoi-gian-thue-giua-ky.md,dieu-chinh-thoi-gian-thue-giua-ky,2026-09-20,Kinh nghiệm,/blog/kinh nghiệm/2026/09/19/dieu-chinh-thoi-gian-thue-giua-ky/,P-THUE-XE,C-THUE-THU-TUC,"Thay đổi thời gian thuê giữa kỳ: rút ngắn, kéo dài và đổi gói giá"
_posts/2026-09-20-dieu-kien-do-tuoi-khi-thue-va-lai-xe-may.md,dieu-kien-do-tuoi-khi-thue-va-lai-xe-may,2026-09-20,Kinh nghiệm,/blog/kinh nghiệm/2026/09/19/dieu-kien-do-tuoi-khi-thue-va-lai-xe-may/,P-KY-NANG,C-KY-NANG-SUC-KHOE,Điều kiện độ tuổi khi thuê và điều khiển xe máy ở Hà Nội
_posts/2026-09-20-dinh-huong-o-ha-noi-bang-moc-lon-song-cau-va-vanh-dai.md,dinh-huong-o-ha-noi-bang-moc-lon-song-cau-va-vanh-dai,2026-09-20,Kinh nghiệm,/blog/kinh nghiệm/2026/09/19/dinh-huong-o-ha-noi-bang-moc-lon-song-cau-va-vanh-dai/,P-KY-NANG,C-KY-NANG-TINH-HUONG,"Định hướng ở Hà Nội bằng mốc lớn: sông, cầu và các vành đai"
_posts/2026-09-20-do-xe-duoi-cay-lau-ngay-nhua-cay-phan-chim.md,do-xe-duoi-cay-lau-ngay-nhua-cay-phan-chim,2026-09-20,Kinh nghiệm,/blog/kinh nghiệm/2026/09/19/do-xe-duoi-cay-lau-ngay-nhua-cay-phan-chim/,P-KY-NANG,C-KY-NANG-GUI-XE,"Đỗ xe máy dưới cây lâu ngày: nhựa cây, phân chim và các vết ố"
_posts/2026-09-20-do-xe-gan-khu-vuc-thi-cong.md,do-xe-gan-khu-vuc-thi-cong,2026-09-20,Kinh nghiệm,/blog/kinh nghiệm/2026/09/19/do-xe-gan-khu-vuc-thi-cong/,P-XE-MAY,C-XE-GA,Gửi xe máy gần khu vực thi công: chọn chỗ và bảo vệ chiếc xe thuê
_posts/2026-09-20-do-xe-roi-di-bo-phan-cuoi.md,do-xe-roi-di-bo-phan-cuoi,2026-09-20,Kinh nghiệm,/blog/kinh nghiệm/2026/09/19/do-xe-roi-di-bo-phan-cuoi/,P-KY-NANG,C-KY-NANG-GUI-XE,Để xe rồi đi bộ phần cuối: khi nào đáng làm
_posts/2026-09-20-do-xe-tren-duong-doc.md,do-xe-tren-duong-doc,2026-09-20,Kinh nghiệm,/blog/kinh nghiệm/2026/09/19/do-xe-tren-duong-doc/,P-KY-NANG,C-KY-NANG-GUI-XE,Đỗ xe trên đường dốc an toàn
_posts/2026-09-20-doan-ruoc-le-hoi-tren-duong-va-cach-xu-ly.md,doan-ruoc-le-hoi-tren-duong-va-cach-xu-ly,2026-09-20,Kinh nghiệm,/blog/kinh nghiệm/2026/09/19/doan-ruoc-le-hoi-tren-duong-va-cach-xu-ly/,P-KY-NANG,C-KY-NANG-THOI-TIET,Gặp đoàn rước lễ hội trên đường khi đi xe máy: xử lý thế nào
_posts/2026-09-20-doc-dau-hieu-lop-xe-may-mon-khi-nao-can-bao-cua-hang-thue.md,doc-dau-hieu-lop-xe-may-mon-khi-nao-can-bao-cua-hang-thue,2026-09-20,Kinh nghiệm,/blog/kinh nghiệm/2026/09/19/doc-dau-hieu-lop-xe-may-mon-khi-nao-can-bao-cua-hang-thue/,P-XE-MAY,C-BAO-DUONG,Đọc dấu hiệu lốp xe máy mòn: khi nào cần báo cửa hàng thuê
_posts/2026-09-20-doc-hieu-dieu-khoan-hop-dong-thue-xe.md,doc-hieu-dieu-khoan-hop-dong-thue-xe,2026-09-20,Kinh nghiệm,/blog/kinh nghiệm/2026/09/19/doc-hieu-dieu-khoan-hop-dong-thue-xe/,P-THUE-XE,C-THUE-THU-TUC,Đọc hiểu điều khoản hợp đồng thuê xe máy: những câu cần làm rõ
_posts/2026-09-20-doc-mat-duong-tranh-o-ga-va-do-vat-roi.md,doc-mat-duong-tranh-o-ga-va-do-vat-roi,2026-09-20,Kinh nghiệm,/blog/kinh nghiệm/2026/09/19/doc-mat-duong-tranh-o-ga-va-do-vat-roi/,P-KY-NANG,C-KY-NANG-TINH-HUONG,Đọc mặt đường né ổ gà và vật rơi khi đi xe máy
_posts/2026-09-20-doi-be-trap-dam-cuoi-sang-song-voi-xe-may.md,doi-be-trap-dam-cuoi-sang-song-voi-xe-may,2026-09-20,Chia sẻ,/blog/chia sẻ/2026/09/19/doi-be-trap-dam-cuoi-sang-song-voi-xe-may/,P-HOI-DAP,C-HD-NGUOI-MOI,Đội bê tráp đám cưới sáng sớm với xe máy
_posts/2026-09-20-doi-dia-diem-tra-xe-giua-ky-thue.md,doi-dia-diem-tra-xe-giua-ky-thue,2026-09-20,Kinh nghiệm,/blog/kinh nghiệm/2026/09/19/doi-dia-diem-tra-xe-giua-ky-thue/,P-THUE-XE,C-THUE-NHAN-TRA,Đổi địa điểm trả xe giữa kỳ thuê: thương lượng sao cho gọn
_posts/2026-09-20-doi-noi-lam-viec-giua-ky-thue-xe-may.md,doi-noi-lam-viec-giua-ky-thue-xe-may,2026-09-20,Chia sẻ,/blog/chia sẻ/2026/09/19/doi-noi-lam-viec-giua-ky-thue-xe-may/,P-HOI-DAP,C-HD-NGUOI-MOI,Đổi nơi làm việc giữa kỳ thuê xe máy: giữ di chuyển liền mạch
_posts/2026-09-20-doi-so-dien-thoai-giua-ky-thue.md,doi-so-dien-thoai-giua-ky-thue,2026-09-20,Chia sẻ,/blog/chia sẻ/2026/09/19/doi-so-dien-thoai-giua-ky-thue/,P-HOI-DAP,C-HD-NGUOI-MOI,Đổi số điện thoại giữa kỳ thuê xe máy nên làm gì
_posts/2026-09-20-doi-xe-giua-ky-thue-khi-co-viec-doi.md,doi-xe-giua-ky-thue-khi-co-viec-doi,2026-09-20,Kinh nghiệm,/blog/kinh nghiệm/2026/09/19/doi-xe-giua-ky-thue-khi-co-viec-doi/,P-THUE-XE,C-THUE-THU-TUC,Đổi xe giữa kỳ thuê khi có việc đổi
_posts/2026-09-20-doi-xe-giua-ky-thue-o-ha-noi.md,doi-xe-giua-ky-thue-o-ha-noi,2026-09-20,Kinh nghiệm,/blog/kinh nghiệm/2026/09/19/doi-xe-giua-ky-thue-o-ha-noi/,P-THUE-XE,C-THUE-THU-TUC,Đổi xe giữa kỳ thuê ở Hà Nội: khi nào cần và cách làm đúng
_posts/2026-09-20-don-phong-tro-bang-xe-may.md,don-phong-tro-bang-xe-may,2026-09-20,Kinh nghiệm,/blog/kinh nghiệm/2026/09/19/don-phong-tro-bang-xe-may/,P-THUE-XE,C-THUE-NGAY,Dọn phòng trọ bằng xe máy sao cho ít chuyến
_posts/2026-09-20-dong-ho-bao-xang-sai-tren-xe-ga-cu.md,dong-ho-bao-xang-sai-tren-xe-ga-cu,2026-09-20,Kinh nghiệm,/blog/kinh nghiệm/2026/09/19/dong-ho-bao-xang-sai-tren-xe-ga-cu/,P-XE-MAY,C-XE-GA,Đồng hồ báo xăng sai trên xe ga cũ
_posts/2026-09-20-du-lich-ha-noi-mot-tuan-bang-xe-may.md,du-lich-ha-noi-mot-tuan-bang-xe-may,2026-09-20,Du lịch,/blog/du lịch/2026/09/19/du-lich-ha-noi-mot-tuan-bang-xe-may/,P-DU-LICH,C-DIEM-DEN,Lịch trình khám phá Hà Nội một tuần bằng xe máy thuê
_posts/2026-09-20-dua-don-con-hai-chieu-truong-xa-bang-xe-thue.md,dua-don-con-hai-chieu-truong-xa-bang-xe-thue,2026-09-20,Kinh nghiệm,/blog/kinh nghiệm/2026/09/19/dua-don-con-hai-chieu-truong-xa-bang-xe-thue/,P-KY-NANG,C-KY-NANG-CO-BAN,Đưa đón con trường xa bằng xe thuê tháng
_posts/2026-09-20-dua-nguoi-nha-xuat-vien-bang-xe-may.md,dua-nguoi-nha-xuat-vien-bang-xe-may,2026-09-20,Kinh nghiệm,/blog/kinh nghiệm/2026/09/19/dua-nguoi-nha-xuat-vien-bang-xe-may/,P-KY-NANG,C-KY-NANG-CO-BAN,Đưa người nhà xuất viện bằng xe máy
_posts/2026-09-20-dung-ban-do-an-toan-tren-xe-may.md,dung-ban-do-an-toan-tren-xe-may,2026-09-20,Kinh nghiệm,/blog/kinh nghiệm/2026/09/19/dung-ban-do-an-toan-tren-xe-may/,P-THUE-XE,C-THUE-SU-CO,Dùng bản đồ và chỉ đường an toàn khi chạy xe máy ở Hà Nội
_posts/2026-09-20-dung-coi-xe-may-khi-nao.md,dung-coi-xe-may-khi-nao,2026-09-20,Kinh nghiệm,/blog/kinh nghiệm/2026/09/19/dung-coi-xe-may-khi-nao/,P-PHAP-LY,C-QUY-DINH,Dùng còi xe máy như thế nào cho đúng lúc
_posts/2026-09-20-dung-den-do-chon-vi-tri.md,dung-den-do-chon-vi-tri,2026-09-20,Kinh nghiệm,/blog/kinh nghiệm/2026/09/19/dung-den-do-chon-vi-tri/,P-KY-NANG,C-KY-NANG-CO-BAN,Dừng đèn đỏ và chọn vị trí đứng đợi an toàn
_posts/2026-09-20-dung-tich-cop-xe-va-kha-nang-chua-do.md,dung-tich-cop-xe-va-kha-nang-chua-do,2026-09-20,Kinh nghiệm,/blog/kinh nghiệm/2026/09/19/dung-tich-cop-xe-va-kha-nang-chua-do/,P-KY-NANG,C-KY-NANG-TINH-HUONG,Dung tích cốp xe máy thuê và khả năng chứa đồ hằng ngày
_posts/2026-09-20-dung-xe-chup-anh-an-toan.md,dung-xe-chup-anh-an-toan,2026-09-20,Kinh nghiệm,/blog/kinh nghiệm/2026/09/19/dung-xe-chup-anh-an-toan/,P-KY-NANG,C-KY-NANG-TINH-HUONG,Dừng xe chụp ảnh an toàn trên đường
_posts/2026-09-20-dung-xe-dung-vach-trang-do-xe-keo-dai.md,dung-xe-dung-vach-trang-do-xe-keo-dai,2026-09-20,Chia sẻ,/blog/chia sẻ/2026/09/19/dung-xe-dung-vach-trang-do-xe-keo-dai/,P-KY-NANG,C-KY-NANG-GUI-XE,Dừng xe đúng vạch trắng và đỗ xe kéo dài
_posts/2026-09-20-dung-xe-thue-cho-cong-viec-linh-hoat.md,dung-xe-thue-cho-cong-viec-linh-hoat,2026-09-20,Kinh nghiệm,/blog/kinh nghiệm/2026/09/19/dung-xe-thue-cho-cong-viec-linh-hoat/,P-KY-NANG,C-KY-NANG-CO-BAN,"Dùng xe thuê cho công việc linh hoạt: ship hàng, đi nhiều điểm, lịch trình thay đổi"
_posts/2026-09-20-duong-be-tong-re-xu-khi-di-vung-ven.md,duong-be-tong-re-xu-khi-di-vung-ven,2026-09-20,Kinh nghiệm,/blog/kinh nghiệm/2026/09/19/duong-be-tong-re-xu-khi-di-vung-ven/,P-KY-NANG,C-KY-NANG-TINH-HUONG,Đường bê tông rêu xanh khi đi vùng ven
_posts/2026-09-20-duong-bi-dong-tam-va-duong-tranh-khi-di-xe-may-o-ha-noi.md,duong-bi-dong-tam-va-duong-tranh-khi-di-xe-may-o-ha-noi,2026-09-20,Kinh nghiệm,/blog/kinh nghiệm/2026/09/19/duong-bi-dong-tam-va-duong-tranh-khi-di-xe-may-o-ha-noi/,P-KY-NANG,C-KY-NANG-TINH-HUONG,Đường bị đóng tạm và đường tránh khi đi xe máy ở Hà Nội
_posts/2026-09-20-duong-mot-chieu-va-cam-re-o-pho-dong.md,duong-mot-chieu-va-cam-re-o-pho-dong,2026-09-20,Kinh nghiệm,/blog/kinh nghiệm/2026/09/19/duong-mot-chieu-va-cam-re-o-pho-dong/,P-KY-NANG,C-KY-NANG-TINH-HUONG,Đường một chiều và cấm rẽ ở phố đông Hà Nội
_posts/2026-09-20-duong-tron-sau-mua-o-ga-va-vet-dau.md,duong-tron-sau-mua-o-ga-va-vet-dau,2026-09-20,Kinh nghiệm,/blog/kinh nghiệm/2026/09/19/duong-tron-sau-mua-o-ga-va-vet-dau/,P-THUE-XE,C-THUE-SU-CO,"Đường trơn sau mưa ở Hà Nội: ổ gà, vệt dầu và cách giữ bánh xe"
_posts/2026-09-20-duong-vang-mat-dien-dem-toi.md,duong-vang-mat-dien-dem-toi,2026-09-20,Kinh nghiệm,/blog/kinh nghiệm/2026/09/19/duong-vang-mat-dien-dem-toi/,P-KY-NANG,C-KY-NANG-TINH-HUONG,Đường vắng và mất điện sáng đèn về đêm
_posts/2026-09-20-gan-phu-kien-them-len-xe-thue-nen-hay-khong.md,gan-phu-kien-them-len-xe-thue-nen-hay-khong,2026-09-20,Kinh nghiệm,/blog/kinh nghiệm/2026/09/19/gan-phu-kien-them-len-xe-thue-nen-hay-khong/,P-KY-NANG,C-KY-NANG-CO-BAN,"Gắn phụ kiện thêm lên xe thuê: điều nào nên làm, điều nào phải hỏi"
_posts/2026-09-20-ghi-chep-hanh-trinh-de-toi-uu-tuyen-di.md,ghi-chep-hanh-trinh-de-toi-uu-tuyen-di,2026-09-20,Kinh nghiệm,/blog/kinh nghiệm/2026/09/19/ghi-chep-hanh-trinh-de-toi-uu-tuyen-di/,P-KY-NANG,C-KY-NANG-CO-BAN,Ghi chép hành trình để tối ưu tuyến đi
_posts/2026-09-20-ghi-gio-nhan-xe-va-tra-xe-thoi-quen-nho.md,ghi-gio-nhan-xe-va-tra-xe-thoi-quen-nho,2026-09-20,Chia sẻ,/blog/chia sẻ/2026/09/19/ghi-gio-nhan-xe-va-tra-xe-thoi-quen-nho/,P-THUE-XE,C-THUE-NHAN-TRA,Ghi giờ nhận xe và trả xe: thói quen nhỏ tránh tranh luận lớn
_posts/2026-09-20-gia-han-thue-xe-may-o-ha-noi.md,gia-han-thue-xe-may-o-ha-noi,2026-09-20,Kinh nghiệm,/blog/kinh nghiệm/2026/09/19/gia-han-thue-xe-may-o-ha-noi/,P-THUE-XE,C-THUE-THU-TUC,Gia hạn thuê xe máy giữa kỳ: cách làm đúng để không phát sinh rắc rối
_posts/2026-09-20-giai-quyet-tranh-chap-hu-hong-khi-tra-xe-thue.md,giai-quyet-tranh-chap-hu-hong-khi-tra-xe-thue,2026-09-20,Kinh nghiệm,/blog/kinh nghiệm/2026/09/19/giai-quyet-tranh-chap-hu-hong-khi-tra-xe-thue/,P-THUE-XE,C-THUE-NHAN-TRA,Tranh chấp hư hỏng khi trả xe thuê: quy trình giải quyết bình tĩnh và minh bạch
_posts/2026-09-20-giao-nhan-xe-ngay-mua.md,giao-nhan-xe-ngay-mua,2026-09-20,Chia sẻ,/blog/chia sẻ/2026/09/19/giao-nhan-xe-ngay-mua/,P-THUE-XE,C-THUE-NHAN-TRA,Giao nhận xe máy vào ngày mưa cần lưu ý gì
_posts/2026-09-20-giao-xe-cho-nguoi-than-di-tinh-lau-dai.md,giao-xe-cho-nguoi-than-di-tinh-lau-dai,2026-09-20,Kinh nghiệm,/blog/kinh nghiệm/2026/09/19/giao-xe-cho-nguoi-than-di-tinh-lau-dai/,P-KY-NANG,C-KY-NANG-TINH-HUONG,Giao xe cho người thân đi tỉnh lâu dài
_posts/2026-09-20-giay-dep-khi-di-xe-may-thuc-te.md,giay-dep-khi-di-xe-may-thuc-te,2026-09-20,Kinh nghiệm,/blog/kinh nghiệm/2026/09/19/giay-dep-khi-di-xe-may-thuc-te/,P-KY-NANG,C-KY-NANG-TINH-HUONG,Giày dép khi đi xe máy: lựa chọn thực tế cho các chuyến đi Hà Nội
_posts/2026-09-20-giay-to-can-mang-khi-di-xe-may-thuong-ngay.md,giay-to-can-mang-khi-di-xe-may-thuong-ngay,2026-09-20,Kinh nghiệm,/blog/kinh nghiệm/2026/09/19/giay-to-can-mang-khi-di-xe-may-thuong-ngay/,P-PHAP-LY,C-GIAY-TO,Giấy tờ cần mang khi đi xe máy thường ngày
_posts/2026-09-20-giay-to-dinh-danh-dien-tu-khi-di-xe-thue.md,giay-to-dinh-danh-dien-tu-khi-di-xe-thue,2026-09-20,Kinh nghiệm,/blog/kinh nghiệm/2026/09/19/giay-to-dinh-danh-dien-tu-khi-di-xe-thue/,P-PHAP-LY,C-GIAY-TO,Giấy tờ định danh điện tử khi đi xe thuê
_posts/2026-09-20-gio-chang-vang-tam-nhin-kho-khi-di-xe-may.md,gio-chang-vang-tam-nhin-kho-khi-di-xe-may,2026-09-20,Kinh nghiệm,/blog/kinh nghiệm/2026/09/19/gio-chang-vang-tam-nhin-kho-khi-di-xe-may/,P-KY-NANG,C-KY-NANG-TINH-HUONG,Giờ chạng vạng ở Hà Nội: đi xe máy khi tầm nhìn bị đánh lừa
_posts/2026-09-20-giu-bang-chung-thanh-toan-khi-thue-xe.md,giu-bang-chung-thanh-toan-khi-thue-xe,2026-09-20,Chia sẻ,/blog/chia sẻ/2026/09/19/giu-bang-chung-thanh-toan-khi-thue-xe/,P-THUE-XE,C-THUE-GIA,Giữ bằng chứng thanh toán khi thuê xe máy
_posts/2026-09-20-giu-chia-khoa-xe-thue-kho-va-an-toan.md,giu-chia-khoa-xe-thue-kho-va-an-toan,2026-09-20,Kinh nghiệm,/blog/kinh nghiệm/2026/09/19/giu-chia-khoa-xe-thue-kho-va-an-toan/,P-KY-NANG,C-KY-NANG-TINH-HUONG,Giữ chìa khóa xe máy thuê khô ráo và an toàn suốt kỳ thuê
_posts/2026-09-20-giu-do-cong-so-sach-se-gon-gang-khi-di-lam-bang-xe-may.md,giu-do-cong-so-sach-se-gon-gang-khi-di-lam-bang-xe-may,2026-09-20,Chia sẻ,/blog/chia sẻ/2026/09/19/giu-do-cong-so-sach-se-gon-gang-khi-di-lam-bang-xe-may/,P-THUE-XE,C-THUE-THANG,Giữ đồ công sở sạch sẽ gọn gàng khi đi làm bằng xe máy
_posts/2026-09-20-giu-khoang-cach-voi-xe-tai-xe-container.md,giu-khoang-cach-voi-xe-tai-xe-container,2026-09-20,Kinh nghiệm,/blog/kinh nghiệm/2026/09/19/giu-khoang-cach-voi-xe-tai-xe-container/,P-PHAP-LY,C-QUY-DINH,Giữ khoảng cách với xe tải và xe container khi đi xe máy ở Hà Nội
_posts/2026-09-20-giu-tai-san-ca-nhan-an-toan-khi-di-xe-may.md,giu-tai-san-ca-nhan-an-toan-khi-di-xe-may,2026-09-20,Kinh nghiệm,/blog/kinh nghiệm/2026/09/19/giu-tai-san-ca-nhan-an-toan-khi-di-xe-may/,P-KY-NANG,C-KY-NANG-TINH-HUONG,Giữ an toàn tài sản cá nhân khi di chuyển bằng xe máy ở Hà Nội
_posts/2026-09-20-go-giam-toc-va-barie-ngo.md,go-giam-toc-va-barie-ngo,2026-09-20,Kinh nghiệm,/blog/kinh nghiệm/2026/09/19/go-giam-toc-va-barie-ngo/,P-PHAP-LY,C-QUY-DINH,Gờ giảm tốc và barrier: phanh và tư thế đúng
_posts/2026-09-20-gom-chuyen-di-de-giam-quang-duong-moi-ngay.md,gom-chuyen-di-de-giam-quang-duong-moi-ngay,2026-09-20,Kinh nghiệm,/blog/kinh nghiệm/2026/09/19/gom-chuyen-di-de-giam-quang-duong-moi-ngay/,P-KY-NANG,C-KY-NANG-TINH-HUONG,Gộp chuyến đi để giảm quãng đường mỗi ngày
_posts/2026-09-20-gui-xe-ban-dem-va-an-toan-xe-thue.md,gui-xe-ban-dem-va-an-toan-xe-thue,2026-09-20,Kinh nghiệm,/blog/kinh nghiệm/2026/09/19/gui-xe-ban-dem-va-an-toan-xe-thue/,P-KY-NANG,C-KY-NANG-GUI-XE,Gửi xe ban đêm và giữ an toàn cho xe máy thuê
_posts/2026-09-20-gui-xe-dai-han-o-noi-o-va-noi-lam-viec.md,gui-xe-dai-han-o-noi-o-va-noi-lam-viec,2026-09-20,Kinh nghiệm,/blog/kinh nghiệm/2026/09/19/gui-xe-dai-han-o-noi-o-va-noi-lam-viec/,P-THUE-XE,C-THUE-THANG,Gửi xe dài hạn ở nơi ở và nơi làm việc khi thuê xe máy theo tháng
_posts/2026-09-20-gui-xe-o-ben-xe-khi-di-xe-khach-ve-que.md,gui-xe-o-ben-xe-khi-di-xe-khach-ve-que,2026-09-20,Kinh nghiệm,/blog/kinh nghiệm/2026/09/19/gui-xe-o-ben-xe-khi-di-xe-khach-ve-que/,P-KY-NANG,C-KY-NANG-GUI-XE,Gửi xe ở bến xe khi đi xe khách về quê
_posts/2026-09-20-gui-xe-o-cho-doc-va-via-he-hep-chon-vi-tri-nao.md,gui-xe-o-cho-doc-va-via-he-hep-chon-vi-tri-nao,2026-09-20,Kinh nghiệm,/blog/kinh nghiệm/2026/09/19/gui-xe-o-cho-doc-va-via-he-hep-chon-vi-tri-nao/,P-KY-NANG,C-KY-NANG-GUI-XE,Gửi xe máy thuê ở nơi dốc và vỉa hè hẹp nên chọn vị trí nào
_posts/2026-09-20-gui-xe-o-diem-tham-quan-quanh-ha-noi.md,gui-xe-o-diem-tham-quan-quanh-ha-noi,2026-09-20,Du lịch,/blog/du lịch/2026/09/19/gui-xe-o-diem-tham-quan-quanh-ha-noi/,P-KY-NANG,C-KY-NANG-GUI-XE,Gửi xe ở các điểm tham quan quanh Hà Nội: kinh nghiệm thực tế
_posts/2026-09-20-gui-xe-o-trung-tam-thuong-mai.md,gui-xe-o-trung-tam-thuong-mai,2026-09-20,Kinh nghiệm,/blog/kinh nghiệm/2026/09/19/gui-xe-o-trung-tam-thuong-mai/,P-KY-NANG,C-KY-NANG-GUI-XE,Gửi xe ở trung tâm thương mại và ghi nhớ vị trí xe
_posts/2026-09-20-gui-xe-tam-khi-vao-lam-viec-lat-vat.md,gui-xe-tam-khi-vao-lam-viec-lat-vat,2026-09-20,Kinh nghiệm,/blog/kinh nghiệm/2026/09/19/gui-xe-tam-khi-vao-lam-viec-lat-vat/,P-KY-NANG,C-KY-NANG-GUI-XE,"Gửi xe tạm khi vào làm việc lặt vặt: chợ, ngân hàng, tiệm thuốc"
_posts/2026-09-20-gui-xe-thue-tai-chung-cu-va-toa-nha-van-phong.md,gui-xe-thue-tai-chung-cu-va-toa-nha-van-phong,2026-09-20,Kinh nghiệm,/blog/kinh nghiệm/2026/09/19/gui-xe-thue-tai-chung-cu-va-toa-nha-van-phong/,P-KY-NANG,C-KY-NANG-GUI-XE,"Gửi xe máy thuê tại chung cư và tòa nhà văn phòng: thủ tục, thẻ từ và các quy định"
_posts/2026-09-20-gui-xe-trong-ham-toa-nha-doc-ham-va-cua-hep-can-luu-y.md,gui-xe-trong-ham-toa-nha-doc-ham-va-cua-hep-can-luu-y,2026-09-20,Kinh nghiệm,/blog/kinh nghiệm/2026/09/19/gui-xe-trong-ham-toa-nha-doc-ham-va-cua-hep-can-luu-y/,P-KY-NANG,C-KY-NANG-GUI-XE,Gửi xe trong hầm tòa nhà: dốc hầm và cua hẹp cần lưu ý
_posts/2026-09-20-guong-chieu-hau-bi-long-giua-ky-thue.md,guong-chieu-hau-bi-long-giua-ky-thue,2026-09-20,Kinh nghiệm,/blog/kinh nghiệm/2026/09/19/guong-chieu-hau-bi-long-giua-ky-thue/,P-THUE-XE,C-THUE-SU-CO,Gương chiếu hậu xe máy thuê bị lỏng giữa kỳ: xử lý tạm và cách báo cửa hàng
_posts/2026-09-20-hai-nguoi-dung-chung-mot-xe-thue-trong-nha.md,hai-nguoi-dung-chung-mot-xe-thue-trong-nha,2026-09-20,Chia sẻ,/blog/chia sẻ/2026/09/19/hai-nguoi-dung-chung-mot-xe-thue-trong-nha/,P-HOI-DAP,C-HD-NGUOI-MOI,Hai người dùng chung một chiếc xe thuê trong nhà: sắp xếp thế nào cho thuận
_posts/2026-09-20-het-xang-va-do-nham-loai-xang-khi-di-xe-thue.md,het-xang-va-do-nham-loai-xang-khi-di-xe-thue,2026-09-20,Kinh nghiệm,/blog/kinh nghiệm/2026/09/19/het-xang-va-do-nham-loai-xang-khi-di-xe-thue/,P-THUE-XE,C-THUE-SU-CO,Hết xăng giữa đường và lỗi đổ nhầm loại xăng khi đi xe thuê
_posts/2026-09-20-hieu-lam-pho-bien-ve-thue-xe-may-ha-noi.md,hieu-lam-pho-bien-ve-thue-xe-may-ha-noi,2026-09-20,Chia sẻ,/blog/chia sẻ/2026/09/19/hieu-lam-pho-bien-ve-thue-xe-may-ha-noi/,P-THUE-XE,C-THUE-THU-TUC,Những hiểu lầm phổ biến về thuê xe máy ở Hà Nội
_posts/2026-09-20-ho-quan-son-mot-ngay-di-xe-may.md,ho-quan-son-mot-ngay-di-xe-may,2026-09-20,Du lịch,/blog/du lịch/2026/09/19/ho-quan-son-mot-ngay-di-xe-may/,P-THUE-XE,C-THUE-NGAY,Hồ Quan Sơn một ngày đi xe máy
_posts/2026-09-20-ho-so-ban-giao-va-phan-loai-tray-xuoc.md,ho-so-ban-giao-va-phan-loai-tray-xuoc,2026-09-20,Kinh nghiệm,/blog/kinh nghiệm/2026/09/19/ho-so-ban-giao-va-phan-loai-tray-xuoc/,P-THUE-XE,C-THUE-NHAN-TRA,Hồ sơ bàn giao xe thuê: ghi nhận trầy xước và tình trạng xe
_posts/2026-09-20-ho-so-hoa-don-khi-thue-xe-cho-cong-viec.md,ho-so-hoa-don-khi-thue-xe-cho-cong-viec,2026-09-20,Kinh nghiệm,/blog/kinh nghiệm/2026/09/19/ho-so-hoa-don-khi-thue-xe-cho-cong-viec/,P-THUE-XE,C-THUE-GIA,Hồ sơ và hóa đơn khi thuê xe máy cho công việc
_posts/2026-09-20-hop-dong-thue-xe-may-can-co-nhung-gi.md,hop-dong-thue-xe-may-can-co-nhung-gi,2026-09-20,Kinh nghiệm,/blog/kinh nghiệm/2026/09/19/hop-dong-thue-xe-may-can-co-nhung-gi/,P-THUE-XE,C-THUE-THU-TUC,Hợp đồng thuê xe máy ở Hà Nội nên có những gì
_posts/2026-09-20-ket-hop-tau-dien-va-xe-may-thue-khi-di-lam-o-ha-noi.md,ket-hop-tau-dien-va-xe-may-thue-khi-di-lam-o-ha-noi,2026-09-20,Kinh nghiệm,/blog/kinh nghiệm/2026/09/19/ket-hop-tau-dien-va-xe-may-thue-khi-di-lam-o-ha-noi/,P-THUE-XE,C-THUE-THANG,Kết hợp tàu điện và xe máy thuê khi đi làm ở Hà Nội
_posts/2026-09-20-kham-pha-lang-co-duong-lam-bang-xe-may.md,kham-pha-lang-co-duong-lam-bang-xe-may,2026-09-20,Du lịch,/blog/du lịch/2026/09/19/kham-pha-lang-co-duong-lam-bang-xe-may/,P-KY-NANG,C-KY-NANG-TINH-HUONG,Khám phá làng cổ Đường Lâm bằng xe máy
_posts/2026-09-20-khi-nao-chon-xe-dien-thay-xe-xang.md,khi-nao-chon-xe-dien-thay-xe-xang,2026-09-20,Kinh nghiệm,/blog/kinh nghiệm/2026/09/19/khi-nao-chon-xe-dien-thay-xe-xang/,P-XE-MAY,C-XE-DIEN,Khi nào nên chọn xe điện thay vì xe xăng khi thuê ở Hà Nội
_posts/2026-09-20-khi-nao-thuyet-phu-cha-me-giao-lai-xe.md,khi-nao-thuyet-phu-cha-me-giao-lai-xe,2026-09-20,Chia sẻ,/blog/chia sẻ/2026/09/19/khi-nao-thuyet-phu-cha-me-giao-lai-xe/,P-KY-NANG,C-KY-NANG-SUC-KHOE,Khi nào nên nói chuyện để cha mẹ bớt tự lái xe
_posts/2026-09-20-khi-xe-thue-ton-nhien-lieu-bat-thuong.md,khi-xe-thue-ton-nhien-lieu-bat-thuong,2026-09-20,Kinh nghiệm,/blog/kinh nghiệm/2026/09/19/khi-xe-thue-ton-nhien-lieu-bat-thuong/,P-KY-NANG,C-KY-NANG-CO-BAN,Khi xe thuê tốn nhiên liệu bất thường
_posts/2026-09-20-khoa-co-hoa-dien-bi-ket-giua-ky-thue.md,khoa-co-hoa-dien-bi-ket-giua-ky-thue,2026-09-20,Kinh nghiệm,/blog/kinh nghiệm/2026/09/19/khoa-co-hoa-dien-bi-ket-giua-ky-thue/,P-THUE-XE,C-THUE-SU-CO,Khóa cổ hoặc khóa điện bị kẹt giữa kỳ thuê
_posts/2026-09-20-khong-de-xe-no-may-khi-cho-lau.md,khong-de-xe-no-may-khi-cho-lau,2026-09-20,Kinh nghiệm,/blog/kinh nghiệm/2026/09/19/khong-de-xe-no-may-khi-cho-lau/,P-KY-NANG,C-KY-NANG-GUI-XE,Không để xe nổ máy khi chờ lâu: thói quen nhỏ nhiều lợi ích
_posts/2026-09-20-khong-phu-thuoc-mot-ung-dung-ban-do.md,khong-phu-thuoc-mot-ung-dung-ban-do,2026-09-20,Kinh nghiệm,/blog/kinh nghiệm/2026/09/19/khong-phu-thuoc-mot-ung-dung-ban-do/,P-THUE-XE,C-THUE-SU-CO,Không phụ thuộc vào một ứng dụng bản đồ khi đi xe máy
_posts/2026-09-20-khung-ke-hoach-thue-xe-dai-han-nhieu-thang.md,khung-ke-hoach-thue-xe-dai-han-nhieu-thang,2026-09-20,Kinh nghiệm,/blog/kinh nghiệm/2026/09/19/khung-ke-hoach-thue-xe-dai-han-nhieu-thang/,P-THUE-XE,C-THUE-THANG,Khung kế hoạch thuê xe máy dài hạn nhiều tháng
_posts/2026-09-20-kiem-tra-ga-de-may-coi-va-xi-nhan-khi-nhan-xe-thue.md,kiem-tra-ga-de-may-coi-va-xi-nhan-khi-nhan-xe-thue,2026-09-20,Kinh nghiệm,/blog/kinh nghiệm/2026/09/19/kiem-tra-ga-de-may-coi-va-xi-nhan-khi-nhan-xe-thue/,P-THUE-XE,C-THUE-NHAN-TRA,"Kiểm tra ga, đề máy, còi và xi nhan khi nhận xe máy thuê"
_posts/2026-09-20-kiem-tra-xe-sau-khi-bi-nguoi-khac-dich-chuyen.md,kiem-tra-xe-sau-khi-bi-nguoi-khac-dich-chuyen,2026-09-20,Kinh nghiệm,/blog/kinh nghiệm/2026/09/19/kiem-tra-xe-sau-khi-bi-nguoi-khac-dich-chuyen/,P-THUE-XE,C-THUE-NHAN-TRA,Kiểm tra xe sau khi bị người khác di chuyển khi vắng mặt
_posts/2026-09-20-kinh-mu-bao-hiem-bi-mo-suong-khi-di-xe-may.md,kinh-mu-bao-hiem-bi-mo-suong-khi-di-xe-may,2026-09-20,Kinh nghiệm,/blog/kinh nghiệm/2026/09/19/kinh-mu-bao-hiem-bi-mo-suong-khi-di-xe-may/,P-PHAP-LY,C-BAO-HIEM,Kính mũ bảo hiểm bị mờ sương khi đi xe máy: cách xử lý và phòng tránh
_posts/2026-09-20-kinh-mu-bao-hiem-tray-loe-sang-khi-chay-dem.md,kinh-mu-bao-hiem-tray-loe-sang-khi-chay-dem,2026-09-20,Kinh nghiệm,/blog/kinh nghiệm/2026/09/19/kinh-mu-bao-hiem-tray-loe-sang-khi-chay-dem/,P-PHAP-LY,C-BAO-HIEM,"Kính mũ bảo hiểm trầy, loe sáng khi chạy đêm"
_posts/2026-09-20-ky-nang-day-va-di-chuyen-xe-may-khong-no.md,ky-nang-day-va-di-chuyen-xe-may-khong-no,2026-09-20,Kinh nghiệm,/blog/kinh nghiệm/2026/09/19/ky-nang-day-va-di-chuyen-xe-may-khong-no/,P-KY-NANG,C-KY-NANG-TINH-HUONG,Kỹ năng đẩy và di chuyển xe máy không nổ máy khi đi thuê xe
_posts/2026-09-20-ky-nang-di-xe-tren-duong-de-va-duong-ven-song.md,ky-nang-di-xe-tren-duong-de-va-duong-ven-song,2026-09-20,Du lịch,/blog/du lịch/2026/09/19/ky-nang-di-xe-tren-duong-de-va-duong-ven-song/,P-KY-NANG,C-KY-NANG-TINH-HUONG,Kỹ năng đi xe máy trên đường đê và đường ven sông Hà Nội
_posts/2026-09-20-ky-nang-phanh-gap-an-toan-tren-xe-may.md,ky-nang-phanh-gap-an-toan-tren-xe-may,2026-09-20,Kinh nghiệm,/blog/kinh nghiệm/2026/09/19/ky-nang-phanh-gap-an-toan-tren-xe-may/,P-XE-MAY,C-BAO-DUONG,Kỹ năng phanh gấp an toàn trên xe máy
_posts/2026-09-20-ky-nang-qua-cau-o-ha-noi-khi-di-xe-may-thue.md,ky-nang-qua-cau-o-ha-noi-khi-di-xe-may-thue,2026-09-20,Kinh nghiệm,/blog/kinh nghiệm/2026/09/19/ky-nang-qua-cau-o-ha-noi-khi-di-xe-may-thue/,P-KY-NANG,C-KY-NANG-TINH-HUONG,Kỹ năng qua cầu ở Hà Nội khi đi xe máy thuê
_posts/2026-09-20-ky-nang-vao-ngo-hep-va-ra-vao-cong-nha.md,ky-nang-vao-ngo-hep-va-ra-vao-cong-nha,2026-09-20,Kinh nghiệm,/blog/kinh nghiệm/2026/09/19/ky-nang-vao-ngo-hep-va-ra-vao-cong-nha/,P-KY-NANG,C-KY-NANG-TINH-HUONG,Kỹ năng vào ngõ hẹp và ra vào cổng nhà bằng xe máy
_posts/2026-09-20-ky-thue-xe-bi-gian-doan-dot-xuat-om-cong-tac-viec-gia-dinh.md,ky-thue-xe-bi-gian-doan-dot-xuat-om-cong-tac-viec-gia-dinh,2026-09-20,Kinh nghiệm,/blog/kinh nghiệm/2026/09/19/ky-thue-xe-bi-gian-doan-dot-xuat-om-cong-tac-viec-gia-dinh/,P-KY-NANG,C-KY-NANG-CO-BAN,"Kỳ thuê xe bị gián đoạn đột xuất: ốm, công tác, việc gia đình"
_posts/2026-09-20-lai-lai-xe-sau-nhieu-nam-khong-lai.md,lai-lai-xe-sau-nhieu-nam-khong-lai,2026-09-20,Kinh nghiệm,/blog/kinh nghiệm/2026/09/19/lai-lai-xe-sau-nhieu-nam-khong-lai/,P-KY-NANG,C-KY-NANG-TINH-HUONG,Lái lại xe máy sau nhiều năm không lái cần làm gì
_posts/2026-09-20-lam-cha-lan-dau-di-xe-can-ky-hon.md,lam-cha-lan-dau-di-xe-can-ky-hon,2026-09-20,Chia sẻ,/blog/chia sẻ/2026/09/19/lam-cha-lan-dau-di-xe-can-ky-hon/,P-KY-NANG,C-KY-NANG-SUC-KHOE,Làm cha lần đầu: đi xe cẩn kỹ hơn
_posts/2026-09-20-lam-giao-hang-bang-xe-may-thue.md,lam-giao-hang-bang-xe-may-thue,2026-09-20,Chia sẻ,/blog/chia sẻ/2026/09/19/lam-giao-hang-bang-xe-may-thue/,P-DU-LICH,C-DIEM-DEN,Làm giao hàng bằng xe máy thuê nên chuẩn bị gì
_posts/2026-09-20-lam-quen-xe-con-tay-thue-lan-dau.md,lam-quen-xe-con-tay-thue-lan-dau,2026-09-20,Kinh nghiệm,/blog/kinh nghiệm/2026/09/19/lam-quen-xe-con-tay-thue-lan-dau/,P-XE-MAY,C-XE-GA,Làm quen xe côn tay thuê lần đầu
_posts/2026-09-20-lam-quen-xe-dap-dien-thue.md,lam-quen-xe-dap-dien-thue,2026-09-20,Kinh nghiệm,/blog/kinh nghiệm/2026/09/19/lam-quen-xe-dap-dien-thue/,P-XE-MAY,C-XE-DAP-DIEN,Làm quen với xe đạp điện thuê lần đầu
_posts/2026-09-20-lam-quen-xe-may-dien-lan-dau.md,lam-quen-xe-may-dien-lan-dau,2026-09-20,Kinh nghiệm,/blog/kinh nghiệm/2026/09/19/lam-quen-xe-may-dien-lan-dau/,P-XE-MAY,C-XE-DIEN,Làm quen xe máy điện lần đầu nên biết gì
_posts/2026-09-20-lan-xe-buyt-va-cac-lan-cam-nhan-biet-the-nao.md,lan-xe-buyt-va-cac-lan-cam-nhan-biet-the-nao,2026-09-20,Kinh nghiệm,/blog/kinh nghiệm/2026/09/19/lan-xe-buyt-va-cac-lan-cam-nhan-biet-the-nao/,P-PHAP-LY,C-QUY-DINH,"Làn xe buýt, làn khẩn cấp và các làn cấm: người đi xe máy cần nhận biết thế nào"
_posts/2026-09-20-lang-gom-bat-trang-bang-xe-may.md,lang-gom-bat-trang-bang-xe-may,2026-09-20,Du lịch,/blog/du lịch/2026/09/19/lang-gom-bat-trang-bang-xe-may/,P-CUNG-DUONG,C-CD-CUOI-TUAN,Làng gốm Bát Tràng bằng xe máy
_posts/2026-09-20-lap-ke-hoach-pin-xe-dien-hang-ngay.md,lap-ke-hoach-pin-xe-dien-hang-ngay,2026-09-20,Kinh nghiệm,/blog/kinh nghiệm/2026/09/19/lap-ke-hoach-pin-xe-dien-hang-ngay/,P-XE-MAY,C-XE-DIEN,Lập kế hoạch pin cho xe máy điện khi đi lại hằng ngày ở Hà Nội
_posts/2026-09-20-lap-tuyen-duong-xe-may-tranh-duong-cam-va-cao-toc.md,lap-tuyen-duong-xe-may-tranh-duong-cam-va-cao-toc,2026-09-20,Kinh nghiệm,/blog/kinh nghiệm/2026/09/19/lap-tuyen-duong-xe-may-tranh-duong-cam-va-cao-toc/,P-KY-NANG,C-KY-NANG-TINH-HUONG,Lập tuyến đường bằng xe máy ở Hà Nội: đi đúng đường cho phép và tránh đường cấm
_posts/2026-09-20-len-lich-di-lai-theo-du-bao-thoi-tiet.md,len-lich-di-lai-theo-du-bao-thoi-tiet,2026-09-20,Kinh nghiệm,/blog/kinh nghiệm/2026/09/19/len-lich-di-lai-theo-du-bao-thoi-tiet/,P-KY-NANG,C-KY-NANG-CO-BAN,Lên lịch di chuyển theo dự báo thời tiết
_posts/2026-09-20-len-xuong-via-he-me-cao.md,len-xuong-via-he-me-cao,2026-09-20,Kinh nghiệm,/blog/kinh nghiệm/2026/09/19/len-xuong-via-he-me-cao/,P-KY-NANG,C-KY-NANG-CO-BAN,Lên xuống via hè có mép cao: tư thế và thời điểm
_posts/2026-09-20-lich-su-trao-doi-voi-noi-cho-thue-xe-may.md,lich-su-trao-doi-voi-noi-cho-thue-xe-may,2026-09-20,Chia sẻ,/blog/chia sẻ/2026/09/19/lich-su-trao-doi-voi-noi-cho-thue-xe-may/,P-HOI-DAP,C-HD-NGUOI-MOI,Lịch sử trao đổi với nơi cho thuê xe máy: vì sao nên giữ lại tin nhắn
_posts/2026-09-20-lui-va-quay-dau-xe-trong-ngo-hep.md,lui-va-quay-dau-xe-trong-ngo-hep,2026-09-20,Kinh nghiệm,/blog/kinh nghiệm/2026/09/19/lui-va-quay-dau-xe-trong-ngo-hep/,P-KY-NANG,C-KY-NANG-TINH-HUONG,Lùi xe và quay đầu xe trong ngõ hẹp
_posts/2026-09-20-luyen-tap-thi-bang-lai-a1-bang-xe-may-thue-duoc-khong-va-nen-the-nao.md,luyen-tap-thi-bang-lai-a1-bang-xe-may-thue-duoc-khong-va-nen-the-nao,2026-09-20,Kinh nghiệm,/blog/kinh nghiệm/2026/09/19/luyen-tap-thi-bang-lai-a1-bang-xe-may-thue-duoc-khong-va-nen-the-nao/,P-PHAP-LY,C-GPLX,Luyện tập thi bằng lái A1 bằng xe máy thuê: được không và nên thế nào
_posts/2026-09-20-mang-can-xang-du-phong-duoc-khong.md,mang-can-xang-du-phong-duoc-khong,2026-09-20,Kinh nghiệm,/blog/kinh nghiệm/2026/09/19/mang-can-xang-du-phong-duoc-khong/,P-KY-NANG,C-KY-NANG-CHO-DO,Mang can xăng dự phòng: nên hay không
_posts/2026-09-20-mang-do-dai-va-do-de-vo-tren-xe-may.md,mang-do-dai-va-do-de-vo-tren-xe-may,2026-09-20,Kinh nghiệm,/blog/kinh nghiệm/2026/09/19/mang-do-dai-va-do-de-vo-tren-xe-may/,P-KY-NANG,C-KY-NANG-CHO-DO,Chở đồ dài và đồ dễ vỡ trên xe máy một cách an toàn
_posts/2026-09-20-mang-tien-dat-coc-di-giao-dich-an-toan.md,mang-tien-dat-coc-di-giao-dich-an-toan,2026-09-20,Kinh nghiệm,/blog/kinh nghiệm/2026/09/19/mang-tien-dat-coc-di-giao-dich-an-toan/,P-THUE-XE,C-THUE-DAT-COC,Mang tiền đặt cọc đi giao dịch an toàn
_posts/2026-09-20-mat-chia-khoa-xe-thue-xu-ly-the-nao.md,mat-chia-khoa-xe-thue-xu-ly-the-nao,2026-09-20,Chia sẻ,/blog/chia sẻ/2026/09/19/mat-chia-khoa-xe-thue-xu-ly-the-nao/,P-THUE-XE,C-THUE-SU-CO,Mất chìa khóa xe thuê: các bước xử lý và cách phòng tránh
_posts/2026-09-20-mat-duong-vua-trai-nhua-moi.md,mat-duong-vua-trai-nhua-moi,2026-09-20,Kinh nghiệm,/blog/kinh nghiệm/2026/09/19/mat-duong-vua-trai-nhua-moi/,P-KY-NANG,C-KY-NANG-TINH-HUONG,Mặt đường vừa trải nhựa mới
_posts/2026-09-20-mat-mu-bao-hiem-giua-ky-thue-xe.md,mat-mu-bao-hiem-giua-ky-thue-xe,2026-09-20,Chia sẻ,/blog/chia sẻ/2026/09/19/mat-mu-bao-hiem-giua-ky-thue-xe/,P-PHAP-LY,C-BAO-HIEM,Mất mũ bảo hiểm giữa kỳ thuê xe
_posts/2026-09-20-mat-tap-trung-vi-nghe-tai-nghe-khi-di-xe.md,mat-tap-trung-vi-nghe-tai-nghe-khi-di-xe,2026-09-20,Kinh nghiệm,/blog/kinh nghiệm/2026/09/19/mat-tap-trung-vi-nghe-tai-nghe-khi-di-xe/,P-KY-NANG,C-KY-NANG-SUC-KHOE,Mất tập trung vì nghe tai nghe khi đi xe
_posts/2026-09-20-mat-vi-giay-to-ca-nhan-giua-ky-thue.md,mat-vi-giay-to-ca-nhan-giua-ky-thue,2026-09-20,Chia sẻ,/blog/chia sẻ/2026/09/19/mat-vi-giay-to-ca-nhan-giua-ky-thue/,P-PHAP-LY,C-GIAY-TO,Mất ví hoặc giấy tờ cá nhân giữa kỳ thuê xe xử lý sao
_posts/2026-09-20-mo-hoi-tay-va-do-bam-tay-lai-khi-di-xe.md,mo-hoi-tay-va-do-bam-tay-lai-khi-di-xe,2026-09-20,Kinh nghiệm,/blog/kinh nghiệm/2026/09/19/mo-hoi-tay-va-do-bam-tay-lai-khi-di-xe/,P-KY-NANG,C-KY-NANG-TINH-HUONG,Mồ hôi tay và độ bám tay lái khi đi xe
_posts/2026-09-20-moc-treo-do-tren-xe-may-dung-the-nao.md,moc-treo-do-tren-xe-may-dung-the-nao,2026-09-20,Kinh nghiệm,/blog/kinh nghiệm/2026/09/19/moc-treo-do-tren-xe-may-dung-the-nao/,P-KY-NANG,C-KY-NANG-CHO-DO,Móc treo đồ trên xe máy: dùng thế nào cho an toàn
_posts/2026-09-20-mot-nam-di-xe-thue-o-ha-noi.md,mot-nam-di-xe-thue-o-ha-noi,2026-09-20,Chia sẻ,/blog/chia sẻ/2026/09/19/mot-nam-di-xe-thue-o-ha-noi/,P-KY-NANG,C-KY-NANG-TINH-HUONG,Một năm đi xe thuê ở Hà Nội nhìn lại
_posts/2026-09-20-mu-bao-hiem-cho-nguoi-ngoi-sau.md,mu-bao-hiem-cho-nguoi-ngoi-sau,2026-09-20,Kinh nghiệm,/blog/kinh nghiệm/2026/09/19/mu-bao-hiem-cho-nguoi-ngoi-sau/,P-PHAP-LY,C-BAO-HIEM,Mũ bảo hiểm cho người ngồi sau
_posts/2026-09-20-mu-bao-hiem-khi-xuong-xe-de-o-dau.md,mu-bao-hiem-khi-xuong-xe-de-o-dau,2026-09-20,Kinh nghiệm,/blog/kinh nghiệm/2026/09/19/mu-bao-hiem-khi-xuong-xe-de-o-dau/,P-PHAP-LY,C-BAO-HIEM,Mũ bảo hiểm khi xuống xe: để ở đâu cho đúng
_posts/2026-09-20-mu-bao-hiem-rieng-khi-di-xe-thue.md,mu-bao-hiem-rieng-khi-di-xe-thue,2026-09-20,Chia sẻ,/blog/chia sẻ/2026/09/19/mu-bao-hiem-rieng-khi-di-xe-thue/,P-PHAP-LY,C-BAO-HIEM,Mũ bảo hiểm của riêng bạn khi đi xe thuê: khi nào nên mang theo
_posts/2026-09-20-mua-nom-am-uot-di-xe-may.md,mua-nom-am-uot-di-xe-may,2026-09-20,Kinh nghiệm,/blog/kinh nghiệm/2026/09/19/mua-nom-am-uot-di-xe-may/,P-KY-NANG,C-KY-NANG-THOI-TIET,Mùa nồm ẩm ướt: đi xe máy thế nào
_posts/2026-09-20-mua-phin-gio-bac-keo-dai-cach-di-xe.md,mua-phin-gio-bac-keo-dai-cach-di-xe,2026-09-20,Kinh nghiệm,/blog/kinh nghiệm/2026/09/19/mua-phin-gio-bac-keo-dai-cach-di-xe/,P-KY-NANG,C-KY-NANG-THOI-TIET,Mưa phùn gió bấc kéo dài cả tuần: cách đi xe
_posts/2026-09-20-mua-thu-hoa-sua-di-xe-toi.md,mua-thu-hoa-sua-di-xe-toi,2026-09-20,Chia sẻ,/blog/chia sẻ/2026/09/19/mua-thu-hoa-sua-di-xe-toi/,P-KY-NANG,C-KY-NANG-THOI-TIET,Mùa thu hoa sữa và những buổi đi xe tối
_posts/2026-09-20-mua-thu-la-roi-doan-duong-tron.md,mua-thu-la-roi-doan-duong-tron,2026-09-20,Kinh nghiệm,/blog/kinh nghiệm/2026/09/19/mua-thu-la-roi-doan-duong-tron/,P-KY-NANG,C-KY-NANG-THOI-TIET,Mùa thu lá rụng: đoạn đường trơn ít ai để ý
_posts/2026-09-20-mua-xe-rieng-ket-thuc-ky-thue.md,mua-xe-rieng-ket-thuc-ky-thue,2026-09-20,Kinh nghiệm,/blog/kinh nghiệm/2026/09/19/mua-xe-rieng-ket-thuc-ky-thue/,P-KY-NANG,C-KY-NANG-THOI-TIET,Mua xe riêng: kết thúc chuỗi ngày thuê
_posts/2026-09-20-mui-bat-thuong-tren-xe-thue.md,mui-bat-thuong-tren-xe-thue,2026-09-20,Kinh nghiệm,/blog/kinh nghiệm/2026/09/19/mui-bat-thuong-tren-xe-thue/,P-THUE-XE,C-THUE-SU-CO,Mùi bất thường trên xe thuê và ý nghĩa của chúng
_posts/2026-09-20-nap-van-lop-va-ap-suat-lop-xe-thue.md,nap-van-lop-va-ap-suat-lop-xe-thue,2026-09-20,Kinh nghiệm,/blog/kinh nghiệm/2026/09/19/nap-van-lop-va-ap-suat-lop-xe-thue/,P-XE-MAY,C-BAO-DUONG,Nắp van lốp và áp suất lốp xe máy thuê: thói quen kiểm tra nhỏ
_posts/2026-09-20-nen-di-xe-hay-khong-khi-thoi-tiet-xau.md,nen-di-xe-hay-khong-khi-thoi-tiet-xau,2026-09-20,Chia sẻ,/blog/chia sẻ/2026/09/19/nen-di-xe-hay-khong-khi-thoi-tiet-xau/,P-KY-NANG,C-KY-NANG-TINH-HUONG,Nên đi xe hay không khi thời tiết xấu: khung quyết định cho người thuê xe
_posts/2026-09-20-nga-tu-khong-den-tin-hieu-di-xe-may-the-nao.md,nga-tu-khong-den-tin-hieu-di-xe-may-the-nao,2026-09-20,Kinh nghiệm,/blog/kinh nghiệm/2026/09/19/nga-tu-khong-den-tin-hieu-di-xe-may-the-nao/,P-PHAP-LY,C-QUY-DINH,Qua ngã tư không đèn tín hiệu bằng xe máy an toàn
_posts/2026-09-20-ngay-bui-mu-o-ha-noi-di-xe-may.md,ngay-bui-mu-o-ha-noi-di-xe-may,2026-09-20,Kinh nghiệm,/blog/kinh nghiệm/2026/09/19/ngay-bui-mu-o-ha-noi-di-xe-may/,P-KY-NANG,C-KY-NANG-THOI-TIET,Ngày bụi mù ở Hà Nội: đi xe máy thế nào cho đỡ ảnh hưởng
_posts/2026-09-20-ngay-dau-tien-co-xe-thue-o-ha-noi.md,ngay-dau-tien-co-xe-thue-o-ha-noi,2026-09-20,Kinh nghiệm,/blog/kinh nghiệm/2026/09/19/ngay-dau-tien-co-xe-thue-o-ha-noi/,P-KY-NANG,C-KY-NANG-TINH-HUONG,Ngày đầu tiên có xe thuê ở Hà Nội: những việc nên làm trong 24 giờ đầu
_posts/2026-09-20-ngay-khong-khi-o-nhiem-nang-di-xe-may-the-nao.md,ngay-khong-khi-o-nhiem-nang-di-xe-may-the-nao,2026-09-20,Kinh nghiệm,/blog/kinh nghiệm/2026/09/19/ngay-khong-khi-o-nhiem-nang-di-xe-may-the-nao/,P-KY-NANG,C-KY-NANG-TINH-HUONG,Ngày không khí ô nhiễm nặng: đi xe máy thế nào
_posts/2026-09-20-ngoi-sau-xe-may-an-toan-khi-khong-tu-lai.md,ngoi-sau-xe-may-an-toan-khi-khong-tu-lai,2026-09-20,Chia sẻ,/blog/chia sẻ/2026/09/19/ngoi-sau-xe-may-an-toan-khi-khong-tu-lai/,P-KY-NANG,C-KY-NANG-TINH-HUONG,Làm hành khách ngồi sau an toàn khi không tự lái
_posts/2026-09-20-nguoi-lam-hybrid-thue-xe-cho-ngay-den-cong-ty.md,nguoi-lam-hybrid-thue-xe-cho-ngay-den-cong-ty,2026-09-20,Chia sẻ,/blog/chia sẻ/2026/09/19/nguoi-lam-hybrid-thue-xe-cho-ngay-den-cong-ty/,P-THUE-XE,C-THUE-THANG,Người làm hybrid thuê xe máy cho những ngày đến công ty
_posts/2026-09-20-nguoi-moi-di-lam-ra-nha-trong-o-ha-noi.md,nguoi-moi-di-lam-ra-nha-trong-o-ha-noi,2026-09-20,Chia sẻ,/blog/chia sẻ/2026/09/19/nguoi-moi-di-lam-ra-nha-trong-o-ha-noi/,P-THUE-XE,C-THUE-THANG,Người mới đi làm ra ở trọ Hà Nội
_posts/2026-09-20-nguoi-ngoi-sau-chi-duong-cach-giao-tiep.md,nguoi-ngoi-sau-chi-duong-cach-giao-tiep,2026-09-20,Kinh nghiệm,/blog/kinh nghiệm/2026/09/19/nguoi-ngoi-sau-chi-duong-cach-giao-tiep/,P-KY-NANG,C-KY-NANG-TINH-HUONG,Người ngồi sau chỉ đường: cách giao tiếp hai chiều
_posts/2026-09-20-nguoi-ngoi-sau-lam-hoa-tieu.md,nguoi-ngoi-sau-lam-hoa-tieu,2026-09-20,Kinh nghiệm,/blog/kinh nghiệm/2026/09/19/nguoi-ngoi-sau-lam-hoa-tieu/,P-KY-NANG,C-KY-NANG-TINH-HUONG,Khi người ngồi sau làm bạn mất tập trung
_posts/2026-09-20-nguoi-say-ruou-ngoi-sau.md,nguoi-say-ruou-ngoi-sau,2026-09-20,Kinh nghiệm,/blog/kinh nghiệm/2026/09/19/nguoi-say-ruou-ngoi-sau/,P-PHAP-LY,C-NOI-DO-CONG,Khi người ngồi sau đã uống rượu bia
_posts/2026-09-20-nha-co-khach-o-vai-tuan.md,nha-co-khach-o-vai-tuan,2026-09-20,Chia sẻ,/blog/chia sẻ/2026/09/19/nha-co-khach-o-vai-tuan/,P-DU-LICH,C-DIEM-DEN,"Nhà có khách ở vài tuần, cần thêm một xe"
_posts/2026-09-20-nha-thue-hai-xe-may-cung-luc.md,nha-thue-hai-xe-may-cung-luc,2026-09-20,Chia sẻ,/blog/chia sẻ/2026/09/19/nha-thue-hai-xe-may-cung-luc/,P-HOI-DAP,C-HD-NGUOI-MOI,Nhà thuê hai xe máy cùng lúc
_posts/2026-09-20-nhan-bien-lua-dao-khi-dat-xe-may-online-o-ha-noi.md,nhan-bien-lua-dao-khi-dat-xe-may-online-o-ha-noi,2026-09-20,Kinh nghiệm,/blog/kinh nghiệm/2026/09/19/nhan-bien-lua-dao-khi-dat-xe-may-online-o-ha-noi/,P-THUE-XE,C-THUE-THU-TUC,Nhận diện lừa đảo khi đặt xe máy online ở Hà Nội
_posts/2026-09-20-nhan-xe-giao-tan-noi-tai-chung-cu-va-toa-nha.md,nhan-xe-giao-tan-noi-tai-chung-cu-va-toa-nha,2026-09-20,Kinh nghiệm,/blog/kinh nghiệm/2026/09/19/nhan-xe-giao-tan-noi-tai-chung-cu-va-toa-nha/,P-THUE-XE,C-THUE-NHAN-TRA,Nhận xe máy thuê giao tận nơi tại chung cư và tòa nhà: những gì cần chuẩn bị
_posts/2026-09-20-nhieu-chuyen-ngan-trong-ngay.md,nhieu-chuyen-ngan-trong-ngay,2026-09-20,Kinh nghiệm,/blog/kinh nghiệm/2026/09/19/nhieu-chuyen-ngan-trong-ngay/,P-THUE-XE,C-THUE-NGAY,Nhiều chuyến ngắn trong ngày: quản lý năng lượng và thời gian
_posts/2026-09-20-nho-nguoi-than-nhan-tra-xe-thue-ho.md,nho-nguoi-than-nhan-tra-xe-thue-ho,2026-09-20,Chia sẻ,/blog/chia sẻ/2026/09/19/nho-nguoi-than-nhan-tra-xe-thue-ho/,P-THUE-XE,C-THUE-NHAN-TRA,Nhờ người thân nhận hoặc trả xe máy thuê hộ: những gì cần thống nhất
_posts/2026-09-20-nho-vi-tri-xe-trong-bai-gui-lon.md,nho-vi-tri-xe-trong-bai-gui-lon,2026-09-20,Kinh nghiệm,/blog/kinh nghiệm/2026/09/19/nho-vi-tri-xe-trong-bai-gui-lon/,P-KY-NANG,C-KY-NANG-GUI-XE,Nhớ vị trí xe trong bãi gửi xe lớn: mẹo cho người đi xe thuê
_posts/2026-09-20-nhung-cau-hoi-nen-hoi-truoc-khi-thue-xe-may.md,nhung-cau-hoi-nen-hoi-truoc-khi-thue-xe-may,2026-09-20,Kinh nghiệm,/blog/kinh nghiệm/2026/09/19/nhung-cau-hoi-nen-hoi-truoc-khi-thue-xe-may/,P-THUE-XE,C-THUE-THU-TUC,Những câu hỏi nên hỏi cửa hàng trước khi thuê xe máy ở Hà Nội
_posts/2026-09-20-nhung-loi-lai-xe-thuong-gap-cua-nguoi-moi-o-ha-noi.md,nhung-loi-lai-xe-thuong-gap-cua-nguoi-moi-o-ha-noi,2026-09-20,Kinh nghiệm,/blog/kinh nghiệm/2026/09/19/nhung-loi-lai-xe-thuong-gap-cua-nguoi-moi-o-ha-noi/,P-KY-NANG,C-KY-NANG-TINH-HUONG,Những lỗi lái xe máy thường gặp của người mới ở Hà Nội và cách khắc phục
_posts/2026-09-20-nhung-sai-lam-thuong-gap-khi-thue-xe-may-o-ha-noi.md,nhung-sai-lam-thuong-gap-khi-thue-xe-may-o-ha-noi,2026-09-20,Chia sẻ,/blog/chia sẻ/2026/09/19/nhung-sai-lam-thuong-gap-khi-thue-xe-may-o-ha-noi/,P-DU-LICH,C-DIEM-DEN,Những sai lầm thường gặp khi thuê xe máy ở Hà Nội
_posts/2026-09-20-nhuong-duong-cho-xe-uu-tien.md,nhuong-duong-cho-xe-uu-tien,2026-09-20,Kinh nghiệm,/blog/kinh nghiệm/2026/09/19/nhuong-duong-cho-xe-uu-tien/,P-PHAP-LY,C-QUY-DINH,Nhường đường cho xe ưu tiên như thế nào cho đúng
_posts/2026-09-20-nui-tram-chua-thay-bang-xe-may.md,nui-tram-chua-thay-bang-xe-may,2026-09-20,Du lịch,/blog/du lịch/2026/09/19/nui-tram-chua-thay-bang-xe-may/,P-CUNG-DUONG,C-CD-CUOI-TUAN,Núi Trầm chùa Thầy bằng xe máy
_posts/2026-09-20-ong-ba-cao-tuoi-di-xe-dap-dien-mua-sang.md,ong-ba-cao-tuoi-di-xe-dap-dien-mua-sang,2026-09-20,Chia sẻ,/blog/chia sẻ/2026/09/19/ong-ba-cao-tuoi-di-xe-dap-dien-mua-sang/,P-XE-MAY,C-XE-DAP-DIEN,Người cao tuổi đi xe đạp điện buổi sáng
_posts/2026-09-20-phan-loai-xe-dien-va-yeu-cau-giay-phep.md,phan-loai-xe-dien-va-yeu-cau-giay-phep,2026-09-20,Chia sẻ,/blog/chia sẻ/2026/09/19/phan-loai-xe-dien-va-yeu-cau-giay-phep/,P-XE-MAY,C-XE-DIEN,Phân loại xe điện và yêu cầu giấy phép: điều người thuê cần hiểu
_posts/2026-09-20-pho-di-bo-cuoi-tuan-o-ha-noi-va-chuyen-di-xe-may.md,pho-di-bo-cuoi-tuan-o-ha-noi-va-chuyen-di-xe-may,2026-09-20,Du lịch,/blog/du lịch/2026/09/19/pho-di-bo-cuoi-tuan-o-ha-noi-va-chuyen-di-xe-may/,P-KY-NANG,C-KY-NANG-TINH-HUONG,Phố đi bộ cuối tuần ở Hà Nội và chuyện đi xe máy
_posts/2026-09-20-phoi-hop-cam-va-xi-nhan-khi-di-do.md,phoi-hop-cam-va-xi-nhan-khi-di-do,2026-09-20,Kinh nghiệm,/blog/kinh nghiệm/2026/09/19/phoi-hop-cam-va-xi-nhan-khi-di-do/,P-KY-NANG,C-KY-NANG-CO-BAN,Phối hợp còi và xi nhan khi đi đường đông
_posts/2026-09-20-phu-huynh-cho-con-di-lai-bang-xe-may-thue-o-ha-noi.md,phu-huynh-cho-con-di-lai-bang-xe-may-thue-o-ha-noi,2026-09-20,Chia sẻ,/blog/chia sẻ/2026/09/19/phu-huynh-cho-con-di-lai-bang-xe-may-thue-o-ha-noi/,P-DU-LICH,C-DIEM-DEN,Phụ huynh cho con đi lại bằng xe máy thuê ở Hà Nội: góc nhìn và chuẩn bị
_posts/2026-09-20-phu-nu-mang-thai-va-viec-di-xe-may-o-ha-noi-nhung-dieu-can-can-nho.md,phu-nu-mang-thai-va-viec-di-xe-may-o-ha-noi-nhung-dieu-can-can-nho,2026-09-20,Chia sẻ,/blog/chia sẻ/2026/09/19/phu-nu-mang-thai-va-viec-di-xe-may-o-ha-noi-nhung-dieu-can-can-nho/,P-KY-NANG,C-KY-NANG-SUC-KHOE,Phụ nữ mang thai và việc đi xe máy ở Hà Nội: những điều cần cân nhắc
_posts/2026-09-20-pin-xe-dien-yeu-giua-ky-thue-dau-hieu-va-phuong-an.md,pin-xe-dien-yeu-giua-ky-thue-dau-hieu-va-phuong-an,2026-09-20,Kinh nghiệm,/blog/kinh nghiệm/2026/09/19/pin-xe-dien-yeu-giua-ky-thue-dau-hieu-va-phuong-an/,P-XE-MAY,C-XE-DIEN,Pin xe điện yếu giữa kỳ thuê: dấu hiệu nhận biết và phương án xử lý
_posts/2026-09-20-qua-duong-ray-tau-hoa-an-toan.md,qua-duong-ray-tau-hoa-an-toan,2026-09-20,Kinh nghiệm,/blog/kinh nghiệm/2026/09/19/qua-duong-ray-tau-hoa-an-toan/,P-PHAP-LY,C-QUY-DINH,Qua đường ray tàu hỏa an toàn khi đi xe máy
_posts/2026-09-20-qua-hoi-cho-phien-vung-ven-bang-xe-may.md,qua-hoi-cho-phien-vung-ven-bang-xe-may,2026-09-20,Du lịch,/blog/du lịch/2026/09/19/qua-hoi-cho-phien-vung-ven-bang-xe-may/,P-KY-NANG,C-KY-NANG-THOI-TIET,Qua hội chợ phiên vùng ven bằng xe máy
_posts/2026-09-20-qua-khu-cong-nghiep-gio-tan-ca.md,qua-khu-cong-nghiep-gio-tan-ca,2026-09-20,Kinh nghiệm,/blog/kinh nghiệm/2026/09/19/qua-khu-cong-nghiep-gio-tan-ca/,P-KY-NANG,C-KY-NANG-CO-BAN,Đi xe máy qua khu công nghiệp lúc giờ tan ca
_posts/2026-09-20-qua-khu-vuc-truong-hoc-gio-tan-hoc.md,qua-khu-vuc-truong-hoc-gio-tan-hoc,2026-09-20,Kinh nghiệm,/blog/kinh nghiệm/2026/09/19/qua-khu-vuc-truong-hoc-gio-tan-hoc/,P-KY-NANG,C-KY-NANG-CO-BAN,Qua khu vực trường học lúc tan học bằng xe máy ở Hà Nội
_posts/2026-09-20-qua-pha-bang-xe-may.md,qua-pha-bang-xe-may,2026-09-20,Du lịch,/blog/du lịch/2026/09/19/qua-pha-bang-xe-may/,P-HOI-DAP,C-HD-NGUOI-MOI,Qua đèo và các đoạn đèo pha bằng xe máy
_posts/2026-09-20-quan-ly-chi-phi-phat-sinh-trong-ky-thue.md,quan-ly-chi-phi-phat-sinh-trong-ky-thue,2026-09-20,Kinh nghiệm,/blog/kinh nghiệm/2026/09/19/quan-ly-chi-phi-phat-sinh-trong-ky-thue/,P-KY-NANG,C-KY-NANG-CO-BAN,Quản lý chi phí phát sinh trong kỳ thuê xe dài hạn
_posts/2026-09-20-quan-ly-giay-to-xe-trong-ky-thue-dai-han.md,quan-ly-giay-to-xe-trong-ky-thue-dai-han,2026-09-20,Kinh nghiệm,/blog/kinh nghiệm/2026/09/19/quan-ly-giay-to-xe-trong-ky-thue-dai-han/,P-PHAP-LY,C-GIAY-TO,Quản lý giấy tờ xe trong kỳ thuê dài hạn
_posts/2026-09-20-quen-do-tren-xe-thue-sau-khi-tra-xe-xu-ly-the-nao.md,quen-do-tren-xe-thue-sau-khi-tra-xe-xu-ly-the-nao,2026-09-20,Chia sẻ,/blog/chia sẻ/2026/09/19/quen-do-tren-xe-thue-sau-khi-tra-xe-xu-ly-the-nao/,P-THUE-XE,C-THUE-NHAN-TRA,Quên đồ trên xe thuê sau khi trả xe: xử lý thế nào
_posts/2026-09-20-quy-dinh-giao-thong-can-nho-khi-thue-xe-may-ha-noi.md,quy-dinh-giao-thong-can-nho-khi-thue-xe-may-ha-noi,2026-09-20,Kinh nghiệm,/blog/kinh nghiệm/2026/09/19/quy-dinh-giao-thong-can-nho-khi-thue-xe-may-ha-noi/,P-PHAP-LY,C-QUY-DINH,Quy định giao thông cần nhớ khi chạy xe máy thuê ở Hà Nội
_posts/2026-09-20-quy-dinh-mu-bao-hiem-va-trang-phuc-di-xe.md,quy-dinh-mu-bao-hiem-va-trang-phuc-di-xe,2026-09-20,Kinh nghiệm,/blog/kinh nghiệm/2026/09/19/quy-dinh-mu-bao-hiem-va-trang-phuc-di-xe/,P-PHAP-LY,C-BAO-HIEM,Quy định mũ bảo hiểm và trang phục đi xe máy
_posts/2026-09-20-quy-uoc-xang-khi-nhan-va-tra-xe-thue.md,quy-uoc-xang-khi-nhan-va-tra-xe-thue,2026-09-20,Kinh nghiệm,/blog/kinh nghiệm/2026/09/19/quy-uoc-xang-khi-nhan-va-tra-xe-thue/,P-THUE-XE,C-THUE-NHAN-TRA,Quy ước xăng khi nhận và trả xe thuê: điểm nhỏ dễ gây hiểu lầm nhất
_posts/2026-09-20-quyet-dinh-thue-ngay-hay-thue-tuan-cho-ke-hoach-dai.md,quyet-dinh-thue-ngay-hay-thue-tuan-cho-ke-hoach-dai,2026-09-20,Kinh nghiệm,/blog/kinh nghiệm/2026/09/19/quyet-dinh-thue-ngay-hay-thue-tuan-cho-ke-hoach-dai/,P-THUE-XE,C-THUE-TUAN,Quyết định thuê ngày hay thuê tuần cho kế hoạch dài
_posts/2026-09-20-re-trai-tai-nga-tu-dong-o-ha-noi-ky-nang-va-quy-tac-an-toan.md,re-trai-tai-nga-tu-dong-o-ha-noi-ky-nang-va-quy-tac-an-toan,2026-09-20,Kinh nghiệm,/blog/kinh nghiệm/2026/09/19/re-trai-tai-nga-tu-dong-o-ha-noi-ky-nang-va-quy-tac-an-toan/,P-PHAP-LY,C-QUY-DINH,Rẽ trái tại ngã tư đông ở Hà Nội: kỹ năng và quy tắc an toàn
_posts/2026-09-20-rua-xe-thue-khi-nao-va-nhu-the-nao.md,rua-xe-thue-khi-nao-va-nhu-the-nao,2026-09-20,Chia sẻ,/blog/chia sẻ/2026/09/19/rua-xe-thue-khi-nao-va-nhu-the-nao/,P-XE-MAY,C-BAO-DUONG,"Rửa xe máy thuê: khi nào nên, khi nào không và rửa thế nào cho đúng"
_posts/2026-09-20-rua-xe-thue-o-tram-rua-nen-hay-khong.md,rua-xe-thue-o-tram-rua-nen-hay-khong,2026-09-20,Chia sẻ,/blog/chia sẻ/2026/09/19/rua-xe-thue-o-tram-rua-nen-hay-khong/,P-XE-MAY,C-BAO-DUONG,Rửa xe thuê ở trạm rửa hay không và nên lưu ý gì
_posts/2026-09-20-sac-va-gui-xe-dien-noi-cong-cong.md,sac-va-gui-xe-dien-noi-cong-cong,2026-09-20,Kinh nghiệm,/blog/kinh nghiệm/2026/09/19/sac-va-gui-xe-dien-noi-cong-cong/,P-XE-MAY,C-XE-DIEN,Sạc và gửi xe máy điện thuê ở nơi công cộng sao cho đúng
_posts/2026-09-20-sai-lam-di-chuyen-cua-nguoi-moi-den-ha-noi.md,sai-lam-di-chuyen-cua-nguoi-moi-den-ha-noi,2026-09-20,Kinh nghiệm,/blog/kinh nghiệm/2026/09/19/sai-lam-di-chuyen-cua-nguoi-moi-den-ha-noi/,P-KY-NANG,C-KY-NANG-CO-BAN,Sai lầm về di chuyển của người mới đến Hà Nội
_posts/2026-09-20-san-may-ngoai-o-sang-som-bang-xe-may.md,san-may-ngoai-o-sang-som-bang-xe-may,2026-09-20,Du lịch,/blog/du lịch/2026/09/19/san-may-ngoai-o-sang-som-bang-xe-may/,P-HOI-DAP,C-HD-NGUOI-MOI,Săn mây ngoại ô sáng sớm bằng xe máy
_posts/2026-09-20-sap-xep-gio-nhan-va-tra-xe.md,sap-xep-gio-nhan-va-tra-xe,2026-09-20,Kinh nghiệm,/blog/kinh nghiệm/2026/09/19/sap-xep-gio-nhan-va-tra-xe/,P-THUE-XE,C-THUE-NHAN-TRA,Sắp xếp giờ nhận và trả xe quanh khung giờ cửa hàng
_posts/2026-09-20-sap-xep-thu-tu-cac-diem-dung-trong-ngay.md,sap-xep-thu-tu-cac-diem-dung-trong-ngay,2026-09-20,Kinh nghiệm,/blog/kinh nghiệm/2026/09/19/sap-xep-thu-tu-cac-diem-dung-trong-ngay/,P-THUE-XE,C-THUE-NGAY,Sắp xếp thứ tự các điểm dừng trong ngày đi xe máy ở Hà Nội
_posts/2026-09-20-sau-khi-nga-xe-nhe-kiem-tra-va-bao-cua-hang.md,sau-khi-nga-xe-nhe-kiem-tra-va-bao-cua-hang,2026-09-20,Kinh nghiệm,/blog/kinh nghiệm/2026/09/19/sau-khi-nga-xe-nhe-kiem-tra-va-bao-cua-hang/,P-XE-MAY,C-XE-50CC,"Sau một cú ngã nhẹ trên xe máy: kiểm tra bản thân, kiểm tra xe và báo cửa hàng"
_posts/2026-09-20-sau-khi-tra-xe-di-lai-the-nao.md,sau-khi-tra-xe-di-lai-the-nao,2026-09-20,Kinh nghiệm,/blog/kinh nghiệm/2026/09/19/sau-khi-tra-xe-di-lai-the-nao/,P-THUE-XE,C-THUE-NHAN-TRA,Sau khi trả xe: phương án đi lại buổi cuối
_posts/2026-09-20-sinh-vien-di-hoc-buoi-toi.md,sinh-vien-di-hoc-buoi-toi,2026-09-20,Chia sẻ,/blog/chia sẻ/2026/09/19/sinh-vien-di-hoc-buoi-toi/,P-THUE-XE,C-THUE-THANG,Sinh viên đi học buổi tối bằng xe máy an toàn
_posts/2026-09-20-suong-mu-buoi-sang-di-xe-may-the-nao.md,suong-mu-buoi-sang-di-xe-may-the-nao,2026-09-20,Kinh nghiệm,/blog/kinh nghiệm/2026/09/19/suong-mu-buoi-sang-di-xe-may-the-nao/,P-KY-NANG,C-KY-NANG-THOI-TIET,Sương mù buổi sáng ở Hà Nội và cách đi xe máy an toàn
_posts/2026-09-20-tai-nghe-dien-thoai-khi-di-xe-may.md,tai-nghe-dien-thoai-khi-di-xe-may,2026-09-20,Kinh nghiệm,/blog/kinh nghiệm/2026/09/19/tai-nghe-dien-thoai-khi-di-xe-may/,P-KY-NANG,C-KY-NANG-TINH-HUONG,Tai nghe điện thoại khi đi xe máy: an toàn trước tiên
_posts/2026-09-20-tap-lam-quen-xe-may-thue-o-ha-noi.md,tap-lam-quen-xe-may-thue-o-ha-noi,2026-09-20,Kinh nghiệm,/blog/kinh nghiệm/2026/09/19/tap-lam-quen-xe-may-thue-o-ha-noi/,P-KY-NANG,C-KY-NANG-TINH-HUONG,Tập làm quen với xe máy thuê ở Hà Nội cho người lâu không chạy
_posts/2026-09-20-thanh-co-loa-bang-xe-may.md,thanh-co-loa-bang-xe-may,2026-09-20,Du lịch,/blog/du lịch/2026/09/19/thanh-co-loa-bang-xe-may/,P-CUNG-DUONG,C-CD-CUOI-TUAN,Thành Cổ Loa bằng xe máy
_posts/2026-09-20-thanh-toan-tien-thue-hang-thang-va-giu-chung-tu.md,thanh-toan-tien-thue-hang-thang-va-giu-chung-tu,2026-09-20,Kinh nghiệm,/blog/kinh nghiệm/2026/09/19/thanh-toan-tien-thue-hang-thang-va-giu-chung-tu/,P-THUE-XE,C-THUE-GIA,Thanh toán tiền thuê hằng tháng và giữ chứng từ khi thuê xe dài hạn
_posts/2026-09-20-the-ve-gui-xe-khi-di-xe-may-thue.md,the-ve-gui-xe-khi-di-xe-may-thue,2026-09-20,Kinh nghiệm,/blog/kinh nghiệm/2026/09/19/the-ve-gui-xe-khi-di-xe-may-thue/,P-KY-NANG,C-KY-NANG-GUI-XE,Thẻ và vé gửi xe khi đi xe máy thuê hằng ngày: quản lý vòng nhỏ nhiều lần
_posts/2026-09-20-thoi-quen-kiem-tra-60-giay-truoc-moi-sang.md,thoi-quen-kiem-tra-60-giay-truoc-moi-sang,2026-09-20,Kinh nghiệm,/blog/kinh nghiệm/2026/09/19/thoi-quen-kiem-tra-60-giay-truoc-moi-sang/,P-KY-NANG,C-KY-NANG-TINH-HUONG,Thói quen kiểm tra 60 giây trước mỗi sáng
_posts/2026-09-20-thoi-quen-kiem-tra-xe-cuoi-tuan-cho-nguoi-thue-dai-han.md,thoi-quen-kiem-tra-xe-cuoi-tuan-cho-nguoi-thue-dai-han,2026-09-20,Kinh nghiệm,/blog/kinh nghiệm/2026/09/19/thoi-quen-kiem-tra-xe-cuoi-tuan-cho-nguoi-thue-dai-han/,P-THUE-XE,C-THUE-NHAN-TRA,Thói quen kiểm tra xe cuối tuần cho người thuê dài hạn
_posts/2026-09-20-thoi-quen-liac-guong-va-quan-sat-phia-sau.md,thoi-quen-liac-guong-va-quan-sat-phia-sau,2026-09-20,Kinh nghiệm,/blog/kinh nghiệm/2026/09/19/thoi-quen-liac-guong-va-quan-sat-phia-sau/,P-KY-NANG,C-KY-NANG-TINH-HUONG,Thói quen liếc gương và quan sát phía sau khi đi xe máy
_posts/2026-09-20-thong-tin-nen-chuan-bi-khi-nhan-dat-xe.md,thong-tin-nen-chuan-bi-khi-nhan-dat-xe,2026-09-20,Chia sẻ,/blog/chia sẻ/2026/09/19/thong-tin-nen-chuan-bi-khi-nhan-dat-xe/,P-THUE-XE,C-THUE-THU-TUC,Thông tin nên chuẩn bị khi gọi đặt xe máy thuê
_posts/2026-09-20-thu-tuc-khi-co-tai-nan-nhe-voi-xe-thue.md,thu-tuc-khi-co-tai-nan-nhe-voi-xe-thue,2026-09-20,Kinh nghiệm,/blog/kinh nghiệm/2026/09/19/thu-tuc-khi-co-tai-nan-nhe-voi-xe-thue/,P-THUE-XE,C-THUE-THU-TUC,Thủ tục khi có tai nạn nhẹ với xe thuê
_posts/2026-09-20-thue-xe-cho-ban-than-toi-tu-khac-tinh.md,thue-xe-cho-ban-than-toi-tu-khac-tinh,2026-09-20,Chia sẻ,/blog/chia sẻ/2026/09/19/thue-xe-cho-ban-than-toi-tu-khac-tinh/,P-HOI-DAP,C-HD-NGUOI-MOI,Thuê xe cho bạn thân tới từ khác tỉnh
_posts/2026-09-20-thue-xe-ga-hay-xe-so-theo-thang.md,thue-xe-ga-hay-xe-so-theo-thang,2026-09-20,Kinh nghiệm,/blog/kinh nghiệm/2026/09/19/thue-xe-ga-hay-xe-so-theo-thang/,P-THUE-XE,C-THUE-THANG,Thuê xe ga hay xe số theo tháng cho người đi làm đều đặn
_posts/2026-09-20-thue-xe-khi-xe-rieng-dang-sua-chua.md,thue-xe-khi-xe-rieng-dang-sua-chua,2026-09-20,Chia sẻ,/blog/chia sẻ/2026/09/19/thue-xe-khi-xe-rieng-dang-sua-chua/,P-HOI-DAP,C-HD-NGUOI-MOI,Thuê xe máy khi xe riêng đang sửa chữa
_posts/2026-09-20-thue-xe-may-bi-mat-xe-xu-ly-the-nao.md,thue-xe-may-bi-mat-xe-xu-ly-the-nao,2026-09-20,Kinh nghiệm,/blog/kinh nghiệm/2026/09/19/thue-xe-may-bi-mat-xe-xu-ly-the-nao/,P-THUE-XE,C-THUE-SU-CO,Xe máy thuê bị mất hoặc bị đánh cắp: quy trình xử lý và cách phòng tránh
_posts/2026-09-20-thue-xe-may-cho-khach-o-nha-tro-thue.md,thue-xe-may-cho-khach-o-nha-tro-thue,2026-09-20,Kinh nghiệm,/blog/kinh nghiệm/2026/09/19/thue-xe-may-cho-khach-o-nha-tro-thue/,P-KY-NANG,C-KY-NANG-CO-BAN,Thuê xe máy cho khách ở lại nhà trọ
_posts/2026-09-20-thue-xe-may-cho-nguoi-ngoi-sau-o-ha-noi.md,thue-xe-may-cho-nguoi-ngoi-sau-o-ha-noi,2026-09-20,Kinh nghiệm,/blog/kinh nghiệm/2026/09/19/thue-xe-may-cho-nguoi-ngoi-sau-o-ha-noi/,P-KY-NANG,C-KY-NANG-TINH-HUONG,Chở người ngồi sau trên xe máy thuê ở Hà Nội: an toàn và quy định cần biết
_posts/2026-09-20-thue-xe-may-cho-nhung-ngay-thi-cu-quan-trong.md,thue-xe-may-cho-nhung-ngay-thi-cu-quan-trong,2026-09-20,Kinh nghiệm,/blog/kinh nghiệm/2026/09/19/thue-xe-may-cho-nhung-ngay-thi-cu-quan-trong/,P-KY-NANG,C-KY-NANG-THOI-TIET,Thuê xe máy cho những ngày thi cử quan trọng
_posts/2026-09-20-thue-xe-may-cuoi-tuan-o-ha-noi.md,thue-xe-may-cuoi-tuan-o-ha-noi,2026-09-20,Du lịch,/blog/du lịch/2026/09/19/thue-xe-may-cuoi-tuan-o-ha-noi/,P-CUNG-DUONG,C-CD-CUOI-TUAN,Thuê xe máy cuối tuần ở Hà Nội: kế hoạch gọn cho hai ngày nghỉ
_posts/2026-09-20-thue-xe-may-dai-han-cho-nguoi-nuoc-ngoai-o-ha-noi.md,thue-xe-may-dai-han-cho-nguoi-nuoc-ngoai-o-ha-noi,2026-09-20,Kinh nghiệm,/blog/kinh nghiệm/2026/09/19/thue-xe-may-dai-han-cho-nguoi-nuoc-ngoai-o-ha-noi/,P-THUE-XE,C-THUE-QUOC-TE,Thuê xe máy dài hạn ở Hà Nội cho người nước ngoài đang sinh sống: hướng dẫn cho kỳ thuê tháng
_posts/2026-09-20-thue-xe-may-di-ba-vi-mot-ngay.md,thue-xe-may-di-ba-vi-mot-ngay,2026-09-20,Du lịch,/blog/du lịch/2026/09/19/thue-xe-may-di-ba-vi-mot-ngay/,P-THUE-XE,C-THUE-NGAY,Thuê xe máy đi Ba Vì một ngày từ Hà Nội
_posts/2026-09-20-thue-xe-may-di-chup-anh-cuoi-da-ngoai.md,thue-xe-may-di-chup-anh-cuoi-da-ngoai,2026-09-20,Du lịch,/blog/du lịch/2026/09/19/thue-xe-may-di-chup-anh-cuoi-da-ngoai/,P-DU-LICH,C-DIEM-DEN,Thuê xe máy đi chụp ảnh cưới dã ngoại
_posts/2026-09-20-thue-xe-may-di-chup-anh-ky-yeu-nhom-ban.md,thue-xe-may-di-chup-anh-ky-yeu-nhom-ban,2026-09-20,Du lịch,/blog/du lịch/2026/09/19/thue-xe-may-di-chup-anh-ky-yeu-nhom-ban/,P-DU-LICH,C-DIEM-DEN,Thuê xe máy đi chụp ảnh kỷ yếu nhóm bạn
_posts/2026-09-20-thue-xe-may-di-lien-tinh-tu-ha-noi.md,thue-xe-may-di-lien-tinh-tu-ha-noi,2026-09-20,Kinh nghiệm,/blog/kinh nghiệm/2026/09/19/thue-xe-may-di-lien-tinh-tu-ha-noi/,P-KY-NANG,C-KY-NANG-CO-BAN,"Thuê xe máy đi liên tỉnh từ Hà Nội: thỏa thuận, chuẩn bị và lưu ý cho hành trình dài"
_posts/2026-09-20-thue-xe-may-di-phong-van-xin-viec.md,thue-xe-may-di-phong-van-xin-viec,2026-09-20,Kinh nghiệm,/blog/kinh nghiệm/2026/09/19/thue-xe-may-di-phong-van-xin-viec/,P-KY-NANG,C-KY-NANG-CO-BAN,Thuê xe máy đi phỏng vấn xin việc
_posts/2026-09-20-thue-xe-may-dip-le-30-4-va-2-9-o-ha-noi-chuan-bi-the-nao.md,thue-xe-may-dip-le-30-4-va-2-9-o-ha-noi-chuan-bi-the-nao,2026-09-20,Chia sẻ,/blog/chia sẻ/2026/09/19/thue-xe-may-dip-le-30-4-va-2-9-o-ha-noi-chuan-bi-the-nao/,P-HOI-DAP,C-HD-NGUOI-MOI,Thuê xe máy dịp lễ 30/4 và 2/9 ở Hà Nội: chuẩn bị thế nào
_posts/2026-09-20-thue-xe-may-gia-re-o-ha-noi.md,thue-xe-may-gia-re-o-ha-noi,2026-09-20,Kinh nghiệm,/blog/kinh nghiệm/2026/09/19/thue-xe-may-gia-re-o-ha-noi/,P-THUE-XE,C-THUE-GIA,Thuê xe máy giá rẻ ở Hà Nội: hiểu rõ điều kiện trước khi quyết định
_posts/2026-09-20-thue-xe-may-giao-xe-tan-noi-o-ha-noi.md,thue-xe-may-giao-xe-tan-noi-o-ha-noi,2026-09-20,Kinh nghiệm,/blog/kinh nghiệm/2026/09/19/thue-xe-may-giao-xe-tan-noi-o-ha-noi/,P-THUE-XE,C-THUE-THU-TUC,Thuê xe máy giao xe tận nơi ở Hà Nội: cách đặt và những điểm cần thỏa thuận rõ
_posts/2026-09-20-thue-xe-may-giup-khach-nuoc-ngoai-den-tham-nha.md,thue-xe-may-giup-khach-nuoc-ngoai-den-tham-nha,2026-09-20,Chia sẻ,/blog/chia sẻ/2026/09/19/thue-xe-may-giup-khach-nuoc-ngoai-den-tham-nha/,P-THUE-XE,C-THUE-QUOC-TE,Thuê xe máy giúp khách nước ngoài đến thăm nhà
_posts/2026-09-20-thue-xe-may-ha-noi-du-lich-2-3-ngay.md,thue-xe-may-ha-noi-du-lich-2-3-ngay,2026-09-20,Du lịch,/blog/du lịch/2026/09/19/thue-xe-may-ha-noi-du-lich-2-3-ngay/,P-KY-NANG,C-KY-NANG-TINH-HUONG,Lịch trình du lịch Hà Nội 2-3 ngày bằng xe máy: mẫu kế hoạch thực tế
_posts/2026-09-20-thue-xe-may-khi-xe-nha-dang-bao-duong.md,thue-xe-may-khi-xe-nha-dang-bao-duong,2026-09-20,Kinh nghiệm,/blog/kinh nghiệm/2026/09/19/thue-xe-may-khi-xe-nha-dang-bao-duong/,P-XE-MAY,C-BAO-DUONG,Thuê xe máy khi xe nhà đang bảo dưỡng
_posts/2026-09-20-thue-xe-may-mua-he-o-ha-noi.md,thue-xe-may-mua-he-o-ha-noi,2026-09-20,Kinh nghiệm,/blog/kinh nghiệm/2026/09/19/thue-xe-may-mua-he-o-ha-noi/,P-KY-NANG,C-KY-NANG-THOI-TIET,Thuê xe máy Hà Nội vào mùa hè: đối phó nắng nóng và mưa giông
_posts/2026-09-20-thue-xe-may-o-bo-de-long-bien.md,thue-xe-may-o-bo-de-long-bien,2026-09-20,Kinh nghiệm,/blog/kinh nghiệm/2026/09/19/thue-xe-may-o-bo-de-long-bien/,P-KY-NANG,C-KY-NANG-CO-BAN,"Thuê xe máy ở Bồ Đề, Long Biên: lợi thế của khu vực ven sông cho người cần di chuyển"
_posts/2026-09-20-thue-xe-may-o-ha-noi-cho-nguoi-lon-tuoi.md,thue-xe-may-o-ha-noi-cho-nguoi-lon-tuoi,2026-09-20,Chia sẻ,/blog/chia sẻ/2026/09/19/thue-xe-may-o-ha-noi-cho-nguoi-lon-tuoi/,P-KY-NANG,C-KY-NANG-SUC-KHOE,Thuê xe máy ở Hà Nội cho người lớn tuổi: những cân nhắc thực tế
_posts/2026-09-20-thue-xe-may-o-ha-noi-cho-nhom-va-gia-dinh.md,thue-xe-may-o-ha-noi-cho-nhom-va-gia-dinh,2026-09-20,Kinh nghiệm,/blog/kinh nghiệm/2026/09/19/thue-xe-may-o-ha-noi-cho-nhom-va-gia-dinh/,P-KY-NANG,C-KY-NANG-CO-BAN,Thuê xe máy ở Hà Nội cho nhóm bạn và gia đình: cách tổ chức đi lại cùng nhau
_posts/2026-09-20-thue-xe-may-o-ha-noi-cho-nu.md,thue-xe-may-o-ha-noi-cho-nu,2026-09-20,Kinh nghiệm,/blog/kinh nghiệm/2026/09/19/thue-xe-may-o-ha-noi-cho-nu/,P-KY-NANG,C-KY-NANG-CO-BAN,Thuê xe máy ở Hà Nội cho nữ: tự tin di chuyển trong thành phố
_posts/2026-09-20-thue-xe-may-o-ha-noi-di-cong-tac.md,thue-xe-may-o-ha-noi-di-cong-tac,2026-09-20,Chia sẻ,/blog/chia sẻ/2026/09/19/thue-xe-may-o-ha-noi-di-cong-tac/,P-DU-LICH,C-DIEM-DEN,Thuê xe máy đi công tác ở Hà Nội: chọn gói thuê và quản lý chi phí hiệu quả
_posts/2026-09-20-thue-xe-may-o-ha-noi-dip-tet.md,thue-xe-may-o-ha-noi-dip-tet,2026-09-20,Chia sẻ,/blog/chia sẻ/2026/09/19/thue-xe-may-o-ha-noi-dip-tet/,P-KY-NANG,C-KY-NANG-THOI-TIET,Thuê xe máy dịp Tết ở Hà Nội: thời điểm đặc biệt cần đặt sớm và lên kế hoạch kỹ
_posts/2026-09-20-thue-xe-may-quan-hoan-kiem-gan-pho-co.md,thue-xe-may-quan-hoan-kiem-gan-pho-co,2026-09-20,Du lịch,/blog/du lịch/2026/09/19/thue-xe-may-quan-hoan-kiem-gan-pho-co/,P-DU-LICH,C-PHO-CO,Thuê xe máy gần Hoàn Kiếm và phố cổ: cách di chuyển trong lòng Hà Nội cũ
_posts/2026-09-20-thue-xe-may-quan-tay-ho-cho-nguoi-nuoc-ngoai.md,thue-xe-may-quan-tay-ho-cho-nguoi-nuoc-ngoai,2026-09-20,Chia sẻ,/blog/chia sẻ/2026/09/19/thue-xe-may-quan-tay-ho-cho-nguoi-nuoc-ngoai/,P-THUE-XE,C-THUE-QUOC-TE,Thuê xe máy ở Tây Hồ dành cho người nước ngoài: những điều cần chuẩn bị
_posts/2026-09-20-thue-xe-may-thang-o-ha-noi-cho-cong-viec-dai-han.md,thue-xe-may-thang-o-ha-noi-cho-cong-viec-dai-han,2026-09-20,Kinh nghiệm,/blog/kinh nghiệm/2026/09/19/thue-xe-may-thang-o-ha-noi-cho-cong-viec-dai-han/,P-THUE-XE,C-THUE-THANG,Thuê xe máy theo tháng ở Hà Nội: giải pháp đi lại cho người làm việc dài hạn
_posts/2026-09-20-thue-xe-may-theo-ngay-va-tra-xe-tre-gio.md,thue-xe-may-theo-ngay-va-tra-xe-tre-gio,2026-09-20,Kinh nghiệm,/blog/kinh nghiệm/2026/09/19/thue-xe-may-theo-ngay-va-tra-xe-tre-gio/,P-THUE-XE,C-THUE-NHAN-TRA,Thuê xe máy theo ngày và chuyện trả xe trễ giờ ở Hà Nội
_posts/2026-09-20-thue-xe-may-theo-tuan-cho-tho-ve-lam-nha.md,thue-xe-may-theo-tuan-cho-tho-ve-lam-nha,2026-09-20,Kinh nghiệm,/blog/kinh nghiệm/2026/09/19/thue-xe-may-theo-tuan-cho-tho-ve-lam-nha/,P-THUE-XE,C-THUE-TUAN,Thuê xe máy theo tuần cho thợ về làm nhà
_posts/2026-09-20-thue-xe-may-tu-lai-o-ha-noi-can-biet-gi.md,thue-xe-may-tu-lai-o-ha-noi-can-biet-gi,2026-09-20,Kinh nghiệm,/blog/kinh nghiệm/2026/09/19/thue-xe-may-tu-lai-o-ha-noi-can-biet-gi/,P-KY-NANG,C-KY-NANG-TINH-HUONG,Thuê xe máy tự lái ở Hà Nội: những điều cần chuẩn bị trước khi nhận xe
_posts/2026-09-20-thue-xe-may-tu-san-bay-noi-bai-ve-ha-noi.md,thue-xe-may-tu-san-bay-noi-bai-ve-ha-noi,2026-09-20,Du lịch,/blog/du lịch/2026/09/19/thue-xe-may-tu-san-bay-noi-bai-ve-ha-noi/,P-CUNG-DUONG,C-CD-CUOI-TUAN,Thuê xe máy từ sân bay Nội Bài về Hà Nội: các lựa chọn và cách tính toán hợp lý
_posts/2026-09-20-thue-xe-qua-dem-nhan-toi-tra-sang.md,thue-xe-qua-dem-nhan-toi-tra-sang,2026-09-20,Chia sẻ,/blog/chia sẻ/2026/09/19/thue-xe-qua-dem-nhan-toi-tra-sang/,P-THUE-XE,C-THUE-NGAY,Thuê xe qua đêm: nhận tối và trả sáng hôm sau
_posts/2026-09-20-thue-xe-trai-nghiem-truoc-khi-mua-xe-rieng.md,thue-xe-trai-nghiem-truoc-khi-mua-xe-rieng,2026-09-20,Chia sẻ,/blog/chia sẻ/2026/09/19/thue-xe-trai-nghiem-truoc-khi-mua-xe-rieng/,P-KY-NANG,C-KY-NANG-THOI-TIET,Thuê xe máy trải nghiệm trước khi mua xe riêng
_posts/2026-09-20-thung-lop-giua-duong-xu-ly-the-nao.md,thung-lop-giua-duong-xu-ly-the-nao,2026-09-20,Kinh nghiệm,/blog/kinh nghiệm/2026/09/19/thung-lop-giua-duong-xu-ly-the-nao/,P-THUE-XE,C-THUE-SU-CO,Thủng lốp giữa đường xử lý thế nào
_posts/2026-09-20-tien-dat-coc-trong-thue-dai-han-hoan-tat.md,tien-dat-coc-trong-thue-dai-han-hoan-tat,2026-09-20,Kinh nghiệm,/blog/kinh nghiệm/2026/09/19/tien-dat-coc-trong-thue-dai-han-hoan-tat/,P-THUE-XE,C-THUE-DAT-COC,Tiền đặt cọc trong thuê xe dài hạn và cách hoàn tất khi kết thúc
_posts/2026-09-20-tien-le-va-thoi-quen-chi-tieu-nho-khi-di-xe.md,tien-le-va-thoi-quen-chi-tieu-nho-khi-di-xe,2026-09-20,Kinh nghiệm,/blog/kinh nghiệm/2026/09/19/tien-le-va-thoi-quen-chi-tieu-nho-khi-di-xe/,P-THUE-XE,C-THUE-GIA,Tiền lẻ và thói quen chi tiêu nhỏ khi đi xe máy ở Hà Nội
_posts/2026-09-20-tieng-hu-khi-phanh-co-y-nghia-gi.md,tieng-hu-khi-phanh-co-y-nghia-gi,2026-09-20,Kinh nghiệm,/blog/kinh nghiệm/2026/09/19/tieng-hu-khi-phanh-co-y-nghia-gi/,P-XE-MAY,C-BAO-DUONG,Tiếng hú khi phanh có ý nghĩa gì
_posts/2026-09-20-tinh-chi-phi-xang-xe-may-mot-thang-di-lai.md,tinh-chi-phi-xang-xe-may-mot-thang-di-lai,2026-09-20,Kinh nghiệm,/blog/kinh nghiệm/2026/09/19/tinh-chi-phi-xang-xe-may-mot-thang-di-lai/,P-KY-NANG,C-KY-NANG-CO-BAN,Tính chi phí xăng xe máy một tháng đi lại
_posts/2026-09-20-tong-kiem-ky-thue-truoc-khi-quyet-dinh-gia-han.md,tong-kiem-ky-thue-truoc-khi-quyet-dinh-gia-han,2026-09-20,Chia sẻ,/blog/chia sẻ/2026/09/19/tong-kiem-ky-thue-truoc-khi-quyet-dinh-gia-han/,P-THUE-XE,C-THUE-NHAN-TRA,Tổng kết kỳ thuê trước khi quyết định gia hạn thuê xe máy
_posts/2026-09-20-tra-xe-sat-cuoi-gio-hoat-dong.md,tra-xe-sat-cuoi-gio-hoat-dong,2026-09-20,Chia sẻ,/blog/chia sẻ/2026/09/19/tra-xe-sat-cuoi-gio-hoat-dong/,P-THUE-XE,C-THUE-NHAN-TRA,Trả xe sát giờ đóng cửa: nên hay không nên
_posts/2026-09-20-tra-xe-som-va-cau-hoi-hoan-tien.md,tra-xe-som-va-cau-hoi-hoan-tien,2026-09-20,Kinh nghiệm,/blog/kinh nghiệm/2026/09/19/tra-xe-som-va-cau-hoi-hoan-tien/,P-THUE-XE,C-THUE-NHAN-TRA,Trả xe máy thuê sớm: phần ngày chưa dùng được xử lý thế nào
_posts/2026-09-20-tranh-met-moi-khi-chay-xe-duong-dai.md,tranh-met-moi-khi-chay-xe-duong-dai,2026-09-20,Kinh nghiệm,/blog/kinh nghiệm/2026/09/19/tranh-met-moi-khi-chay-xe-duong-dai/,P-KY-NANG,C-KY-NANG-SUC-KHOE,Tránh mệt mỏi khi chạy xe máy đường dài: quản lý năng lượng
_posts/2026-09-20-tre-ngu-gat-tren-xe-may-xu-ly-the-nao.md,tre-ngu-gat-tren-xe-may-xu-ly-the-nao,2026-09-20,Chia sẻ,/blog/chia sẻ/2026/09/19/tre-ngu-gat-tren-xe-may-xu-ly-the-nao/,P-KY-NANG,C-KY-NANG-SUC-KHOE,Trẻ ngủ gật khi ngồi sau xe máy: xử lý an toàn
_posts/2026-09-20-trinh-bay-su-co-voi-cua-hang-cho-thue-xe-ro-rang-va-day-du.md,trinh-bay-su-co-voi-cua-hang-cho-thue-xe-ro-rang-va-day-du,2026-09-20,Kinh nghiệm,/blog/kinh nghiệm/2026/09/19/trinh-bay-su-co-voi-cua-hang-cho-thue-xe-ro-rang-va-day-du/,P-THUE-XE,C-THUE-SU-CO,Trình bày sự cố với cửa hàng cho thuê xe: rõ ràng và đầy đủ
_posts/2026-09-20-troi-nom-di-xe-may-the-nao.md,troi-nom-di-xe-may-the-nao,2026-09-20,Kinh nghiệm,/blog/kinh nghiệm/2026/09/19/troi-nom-di-xe-may-the-nao/,P-KY-NANG,C-KY-NANG-THOI-TIET,Trời nóng đi xe máy cần đối phó thế nào
_posts/2026-09-20-tru-giua-va-chong-chan-xe-may-dung-dung-loai-dung-luc.md,tru-giua-va-chong-chan-xe-may-dung-dung-loai-dung-luc,2026-09-20,Kinh nghiệm,/blog/kinh nghiệm/2026/09/19/tru-giua-va-chong-chan-xe-may-dung-dung-loai-dung-luc/,P-PHAP-LY,C-QUY-DINH,Trụ giữa và chống chân xe máy: dùng đúng loại đúng lúc
_posts/2026-09-20-tu-lieu-ca-nhan-sau-ky-thue-xe-may.md,tu-lieu-ca-nhan-sau-ky-thue-xe-may,2026-09-20,Chia sẻ,/blog/chia sẻ/2026/09/19/tu-lieu-ca-nhan-sau-ky-thue-xe-may/,P-HOI-DAP,C-HD-NGUOI-MOI,"Tự liệu cá nhân sau kỳ thuê xe máy: nên giữ gì, bỏ gì"
_posts/2026-09-20-tu-the-va-ve-sinh-khi-di-xe-may-lau.md,tu-the-va-ve-sinh-khi-di-xe-may-lau,2026-09-20,Kinh nghiệm,/blog/kinh nghiệm/2026/09/19/tu-the-va-ve-sinh-khi-di-xe-may-lau/,P-KY-NANG,C-KY-NANG-TINH-HUONG,Tư thế ngồi và vệ sinh cá nhân khi đi xe máy lâu
_posts/2026-09-20-tu-tin-lai-sau-mot-lan-nga.md,tu-tin-lai-sau-mot-lan-nga,2026-09-20,Kinh nghiệm,/blog/kinh nghiệm/2026/09/19/tu-tin-lai-sau-mot-lan-nga/,P-KY-NANG,C-KY-NANG-TINH-HUONG,Tự tin cầm lái lại sau một lần ngã xe
_posts/2026-09-20-uoc-luong-quang-duong-di-moi-ngay-voi-xe-thue.md,uoc-luong-quang-duong-di-moi-ngay-voi-xe-thue,2026-09-20,Kinh nghiệm,/blog/kinh nghiệm/2026/09/19/uoc-luong-quang-duong-di-moi-ngay-voi-xe-thue/,P-KY-NANG,C-KY-NANG-TINH-HUONG,Ước lượng quãng đường đi mỗi ngày với xe máy thuê ở Hà Nội
_posts/2026-09-20-vao-cu-toi-khi-troi-mua-nhe.md,vao-cu-toi-khi-troi-mua-nhe,2026-09-20,Kinh nghiệm,/blog/kinh nghiệm/2026/09/19/vao-cu-toi-khi-troi-mua-nhe/,P-KY-NANG,C-KY-NANG-THOI-TIET,Vào cua tối khi trời mưa nhẹ
_posts/2026-09-20-ve-huu-va-viec-di-lai-bang-xe-may.md,ve-huu-va-viec-di-lai-bang-xe-may,2026-09-20,Chia sẻ,/blog/chia sẻ/2026/09/19/ve-huu-va-viec-di-lai-bang-xe-may/,P-KY-NANG,C-KY-NANG-SUC-KHOE,Về hưu và việc đi lại bằng xe máy
_posts/2026-09-20-ve-sinh-mu-bao-hiem-khi-thue-xe.md,ve-sinh-mu-bao-hiem-khi-thue-xe,2026-09-20,Chia sẻ,/blog/chia sẻ/2026/09/19/ve-sinh-mu-bao-hiem-khi-thue-xe/,P-PHAP-LY,C-BAO-HIEM,Vệ sinh mũ bảo hiểm khi thuê xe máy: cách giữ mũ sạch và an toàn
_posts/2026-09-20-vet-dau-loang-duoi-xe-thue.md,vet-dau-loang-duoi-xe-thue,2026-09-20,Kinh nghiệm,/blog/kinh nghiệm/2026/09/19/vet-dau-loang-duoi-xe-thue/,P-THUE-XE,C-THUE-SU-CO,Vệt dầu loang dưới xe thuê: nhận biết và báo cửa hàng
_posts/2026-09-20-vi-sao-khong-nen-cho-binh-ga-tren-xe.md,vi-sao-khong-nen-cho-binh-ga-tren-xe,2026-09-20,Kinh nghiệm,/blog/kinh nghiệm/2026/09/19/vi-sao-khong-nen-cho-binh-ga-tren-xe/,P-KY-NANG,C-KY-NANG-TINH-HUONG,Vì sao không nên chở bình gas và vật dễ cháy nổ trên xe máy
_posts/2026-09-20-viet-kieu-ve-tham-nha-thue-xe-may.md,viet-kieu-ve-tham-nha-thue-xe-may,2026-09-20,Kinh nghiệm,/blog/kinh nghiệm/2026/09/19/viet-kieu-ve-tham-nha-thue-xe-may/,P-THUE-XE,C-THUE-QUOC-TE,Người Việt ở nước ngoài về thăm nhà thuê xe máy
_posts/2026-09-20-vong-ho-dong-mo-suoi-hai-bang-xe-may.md,vong-ho-dong-mo-suoi-hai-bang-xe-may,2026-09-20,Du lịch,/blog/du lịch/2026/09/19/vong-ho-dong-mo-suoi-hai-bang-xe-may/,P-CUNG-DUONG,C-CD-CUOI-TUAN,Vòng hồ Đồng Mô Suối Hai bằng xe máy
_posts/2026-09-20-vuot-tam-ly-ngai-duong-lon.md,vuot-tam-ly-ngai-duong-lon,2026-09-20,Kinh nghiệm,/blog/kinh nghiệm/2026/09/19/vuot-tam-ly-ngai-duong-lon/,P-KY-NANG,C-KY-NANG-TINH-HUONG,Vượt qua ngại đường lớn và phố đông
_posts/2026-09-20-xac-nhan-giao-xe-tan-noi-nhung-gi-can-thong-nhat.md,xac-nhan-giao-xe-tan-noi-nhung-gi-can-thong-nhat,2026-09-20,Kinh nghiệm,/blog/kinh nghiệm/2026/09/19/xac-nhan-giao-xe-tan-noi-nhung-gi-can-thong-nhat/,P-THUE-XE,C-THUE-THU-TUC,Giao xe tận nơi khi thuê xe máy dài hạn: những gì cần thống nhất trước buổi hẹn
_posts/2026-09-20-xe-50cc-va-quy-dinh-bang-lai.md,xe-50cc-va-quy-dinh-bang-lai,2026-09-20,Chia sẻ,/blog/chia sẻ/2026/09/19/xe-50cc-va-quy-dinh-bang-lai/,P-PHAP-LY,C-GPLX,Xe 50cc và những quy định về bằng lái người thuê cần nắm
_posts/2026-09-20-xe-ba-gac-tren-duong.md,xe-ba-gac-tren-duong,2026-09-20,Kinh nghiệm,/blog/kinh nghiệm/2026/09/19/xe-ba-gac-tren-duong/,P-PHAP-LY,C-QUY-DINH,Đi cùng dòng xe ba gác trên đường
_posts/2026-09-20-xe-bi-keo-lech-mot-ben.md,xe-bi-keo-lech-mot-ben,2026-09-20,Kinh nghiệm,/blog/kinh nghiệm/2026/09/19/xe-bi-keo-lech-mot-ben/,P-THUE-XE,C-THUE-SU-CO,Xe máy bị kéo lệch một bên: kiểm tra và xử lý
_posts/2026-09-20-xe-hong-giua-duong-xu-ly-an-toan.md,xe-hong-giua-duong-xu-ly-an-toan,2026-09-20,Kinh nghiệm,/blog/kinh nghiệm/2026/09/19/xe-hong-giua-duong-xu-ly-an-toan/,P-THUE-XE,C-THUE-SU-CO,Xe máy thuê hỏng giữa đường: các bước xử lý an toàn
_posts/2026-09-20-xe-may-dien-di-trong-mua-luu-y.md,xe-may-dien-di-trong-mua-luu-y,2026-09-20,Kinh nghiệm,/blog/kinh nghiệm/2026/09/19/xe-may-dien-di-trong-mua-luu-y/,P-XE-MAY,C-XE-DIEN,Đi xe máy điện trong mưa cần lưu ý gì
_posts/2026-09-20-xe-may-dien-thue-di-mua-lanh-pin-tu-nhanh.md,xe-may-dien-thue-di-mua-lanh-pin-tu-nhanh,2026-09-20,Kinh nghiệm,/blog/kinh nghiệm/2026/09/19/xe-may-dien-thue-di-mua-lanh-pin-tu-nhanh/,P-XE-MAY,C-XE-DIEN,Xe máy điện thuê đi mùa lạnh: pin tụ nhanh
_posts/2026-09-20-xe-may-thue-hay-phuong-tien-khac-o-ha-noi.md,xe-may-thue-hay-phuong-tien-khac-o-ha-noi,2026-09-20,Chia sẻ,/blog/chia sẻ/2026/09/19/xe-may-thue-hay-phuong-tien-khac-o-ha-noi/,P-DU-LICH,C-DIEM-DEN,Xe máy thuê hay các phương tiện khác ở Hà Nội: chọn theo từng tình huống
_posts/2026-09-20-xe-rung-giat-khi-tang-toc.md,xe-rung-giat-khi-tang-toc,2026-09-20,Kinh nghiệm,/blog/kinh nghiệm/2026/09/19/xe-rung-giat-khi-tang-toc/,P-KY-NANG,C-KY-NANG-TINH-HUONG,Xe rung giật khi tăng tốc nên kiểm tra ở đâu
_posts/2026-09-20-xe-so-de-bi-chet-may-o-den-do.md,xe-so-de-bi-chet-may-o-den-do,2026-09-20,Kinh nghiệm,/blog/kinh nghiệm/2026/09/19/xe-so-de-bi-chet-may-o-den-do/,P-XE-MAY,C-XE-SO,Xe số dễ bị chết máy ở đèn đỏ
_posts/2026-09-20-xe-thue-hu-hong-trach-nhiem-cua-nguoi-thue.md,xe-thue-hu-hong-trach-nhiem-cua-nguoi-thue,2026-09-20,Kinh nghiệm,/blog/kinh nghiệm/2026/09/19/xe-thue-hu-hong-trach-nhiem-cua-nguoi-thue/,P-THUE-XE,C-THUE-SU-CO,Xe thuê bị hư hỏng: trách nhiệm của người thuê được phân định ra sao
_posts/2026-09-20-xe-thue-nghi-vai-ngay-khong-dung-lam-gi.md,xe-thue-nghi-vai-ngay-khong-dung-lam-gi,2026-09-20,Kinh nghiệm,/blog/kinh nghiệm/2026/09/19/xe-thue-nghi-vai-ngay-khong-dung-lam-gi/,P-KY-NANG,C-KY-NANG-TINH-HUONG,Xe máy thuê nghỉ vài ngày không dùng: những việc nên làm trước khi đi lại
_posts/2026-09-20-xi-nhan-hong-giua-duong-xu-ly-the-nao.md,xi-nhan-hong-giua-duong-xu-ly-the-nao,2026-09-20,Kinh nghiệm,/blog/kinh nghiệm/2026/09/19/xi-nhan-hong-giua-duong-xu-ly-the-nao/,P-PHAP-LY,C-PHAT-NGUOI,Xi nhan hỏng giữa đường khi đi xe máy thuê: xử lý thế nào
_posts/2026-09-20-xich-xe-may-tuot-hoac-lung-giua-duong.md,xich-xe-may-tuot-hoac-lung-giua-duong,2026-09-20,Kinh nghiệm,/blog/kinh nghiệm/2026/09/19/xich-xe-may-tuot-hoac-lung-giua-duong/,P-THUE-XE,C-THUE-SU-CO,Xích xe máy tuột hoặc lỏng giữa đường
_posts/2026-09-20-xu-ly-ao-mua-va-do-bao-ho-uot.md,xu-ly-ao-mua-va-do-bao-ho-uot,2026-09-20,Kinh nghiệm,/blog/kinh nghiệm/2026/09/19/xu-ly-ao-mua-va-do-bao-ho-uot/,P-KY-NANG,C-KY-NANG-THOI-TIET,Xử lý áo mưa và đồ bảo hộ ướt sau khi đi mưa về
_posts/2026-09-20-xu-ly-dinh-vi-lech-giua-khu-pho-cao-tang.md,xu-ly-dinh-vi-lech-giua-khu-pho-cao-tang,2026-09-20,Kinh nghiệm,/blog/kinh nghiệm/2026/09/19/xu-ly-dinh-vi-lech-giua-khu-pho-cao-tang/,P-THUE-XE,C-THUE-SU-CO,Xử lý khi định vị lệch giữa khu phố cao tầng
_posts/2026-09-20-xu-ly-khi-bi-can-phat-giua-duong.md,xu-ly-khi-bi-can-phat-giua-duong,2026-09-20,Kinh nghiệm,/blog/kinh nghiệm/2026/09/19/xu-ly-khi-bi-can-phat-giua-duong/,P-KY-NANG,C-KY-NANG-TINH-HUONG,Xử lý khi bị dừng xử phạt giữa đường
_posts/2026-09-20-xu-ly-khi-xe-thue-khong-no-may-duoc.md,xu-ly-khi-xe-thue-khong-no-may-duoc,2026-09-20,Kinh nghiệm,/blog/kinh nghiệm/2026/09/19/xu-ly-khi-xe-thue-khong-no-may-duoc/,P-THUE-XE,C-THUE-SU-CO,Xe thuê không nổ máy được: các bước kiểm tra trước khi gọi cửa hàng
_posts/2026-09-20-xu-ly-nguoi-vat-xuat-hien-dot-ngot.md,xu-ly-nguoi-vat-xuat-hien-dot-ngot,2026-09-20,Kinh nghiệm,/blog/kinh nghiệm/2026/09/19/xu-ly-nguoi-vat-xuat-hien-dot-ngot/,P-KY-NANG,C-KY-NANG-TINH-HUONG,Người và vật xuất hiện đột ngột: phản xạ xử lý
_posts/2026-09-20-xu-ly-thung-lop-khi-di-xe-thue.md,xu-ly-thung-lop-khi-di-xe-thue,2026-09-20,Kinh nghiệm,/blog/kinh nghiệm/2026/09/19/xu-ly-thung-lop-khi-di-xe-thue/,P-THUE-XE,C-THUE-SU-CO,Thủng lốp khi đi xe thuê: xử lý an toàn và trao đổi với cửa hàng
_posts/2026-09-20-xu-ly-va-cham-nhe-bang-xe-thue.md,xu-ly-va-cham-nhe-bang-xe-thue,2026-09-20,Kinh nghiệm,/blog/kinh nghiệm/2026/09/19/xu-ly-va-cham-nhe-bang-xe-thue/,P-THUE-XE,C-THUE-SU-CO,Va chạm nhẹ khi đi xe thuê: xử lý tại hiện trường từng bước
_posts/2026-09-20-xuat-phat-buoi-sang-som-bang-xe-thue.md,xuat-phat-buoi-sang-som-bang-xe-thue,2026-09-20,Kinh nghiệm,/blog/kinh nghiệm/2026/09/19/xuat-phat-buoi-sang-som-bang-xe-thue/,P-KY-NANG,C-KY-NANG-CO-BAN,Xuất phát buổi sáng sớm bằng xe máy thuê ở Hà Nội
_posts/2026-09-20-yen-xe-uot-hoac-ban-sau-troi-mua-va-cach-xu-ly.md,yen-xe-uot-hoac-ban-sau-troi-mua-va-cach-xu-ly,2026-09-20,Kinh nghiệm,/blog/kinh nghiệm/2026/09/19/yen-xe-uot-hoac-ban-sau-troi-mua-va-cach-xu-ly/,P-KY-NANG,C-KY-NANG-THOI-TIET,Yên xe máy thuê bị ướt hoặc bẩn sau mưa: xử lý trước khi lên xe
