id,status,title,intent,primary_keyword,secondary_keywords,parent_id,child_id,group,expected_url,output_path,canonical_url,internal_links,source_required,legal_risk,batch,source
BLG-00001,EXISTING,Gợi ý khám phá Hà Nội bằng xe máy cho người mới,(legacy) Gợi ý khám phá Hà Nội bằng xe máy cho người mới,,,P-DU-LICH,C-DIEM-DEN,,/blog/du lịch/2026/09/13/goi-y-kham-pha-ha-noi-bang-xe-may-cho-nguoi-moi/,_posts/2026-09-13-goi-y-kham-pha-ha-noi-bang-xe-may-cho-nguoi-moi.md,/blog/du lịch/2026/09/13/goi-y-kham-pha-ha-noi-bang-xe-may-cho-nguoi-moi/,,,,,legacy:_posts/2026-09-13-goi-y-kham-pha-ha-noi-bang-xe-may-cho-nguoi-moi.md
BLG-00002,EXISTING,Kinh nghiệm thuê xe máy tại Hà Nội: Những điều nên biết trước khi nhận xe,(legacy) Kinh nghiệm thuê xe máy tại Hà Nội: Những điều nên biết trước khi nhận xe,,,P-KY-NANG,C-KY-NANG-CO-BAN,,/blog/kinh nghiệm/2026/09/13/kinh-nghiem-thue-xe-may-ha-noi/,_posts/2026-09-13-kinh-nghiem-thue-xe-may-ha-noi.md,/blog/kinh nghiệm/2026/09/13/kinh-nghiem-thue-xe-may-ha-noi/,,,,,legacy:_posts/2026-09-13-kinh-nghiem-thue-xe-may-ha-noi.md
BLG-00003,EXISTING,"Xe số, xe ga hay xe 50cc: Nên chọn loại nào?","(legacy) Xe số, xe ga hay xe 50cc: Nên chọn loại nào?",,,P-XE-MAY,C-XE-50CC,,/blog/chia sẻ/2026/09/13/xe-so-xe-ga-hay-xe-50cc-nen-chon-loai-nao/,_posts/2026-09-13-xe-so-xe-ga-hay-xe-50cc-nen-chon-loai-nao.md,/blog/chia sẻ/2026/09/13/xe-so-xe-ga-hay-xe-50cc-nen-chon-loai-nao/,,,,,legacy:_posts/2026-09-13-xe-so-xe-ga-hay-xe-50cc-nen-chon-loai-nao.md
BLG-00004,EXISTING,Thủ tục thuê xe máy ở Hà Nội: quy trình từng bước cho người lần đầu thuê,(legacy) Thủ tục thuê xe máy ở Hà Nội: quy trình từng bước cho người lần đầu thuê,,,P-THUE-XE,C-THUE-THU-TUC,,/blog/kinh nghiệm/2026/09/17/thu-tuc-thue-xe-may-o-ha-noi-cho-nguoi-moi/,_posts/2026-09-17-thu-tuc-thue-xe-may-o-ha-noi-cho-nguoi-moi.md,/blog/kinh nghiệm/2026/09/17/thu-tuc-thue-xe-may-o-ha-noi-cho-nguoi-moi/,,,,,legacy:_posts/2026-09-17-thu-tuc-thue-xe-may-o-ha-noi-cho-nguoi-moi.md
BLG-00005,REVIEW,An toàn khi chạy xe đường trường: kỹ năng và nguyên tắc khi rời khỏi phố,(legacy) An toàn khi chạy xe đường trường: kỹ năng và nguyên tắc khi rời khỏi phố,,,P-KY-NANG,C-KY-NANG-TINH-HUONG,,/blog/kinh nghiệm/2026/09/18/an-toan-khi-chay-xe-duong-truong/,_posts/2026-09-18-an-toan-khi-chay-xe-duong-truong.md,/blog/kinh nghiệm/2026/09/18/an-toan-khi-chay-xe-duong-truong/,,,,,legacy:_posts/2026-09-18-an-toan-khi-chay-xe-duong-truong.md
BLG-00006,EXISTING,Áp suất lốp xe máy: kiểm tra thế nào và vì sao quan trọng hơn bạn nghĩ,(legacy) Áp suất lốp xe máy: kiểm tra thế nào và vì sao quan trọng hơn bạn nghĩ,,,P-XE-MAY,C-BAO-DUONG,,/blog/chia sẻ/2026/09/18/ap-suat-lop-xe-may-kiem-tra-the-nao/,_posts/2026-09-18-ap-suat-lop-xe-may-kiem-tra-the-nao.md,/blog/chia sẻ/2026/09/18/ap-suat-lop-xe-may-kiem-tra-the-nao/,,,,,legacy:_posts/2026-09-18-ap-suat-lop-xe-may-kiem-tra-the-nao.md
BLG-00007,EXISTING,Đặt xe máy trước từ xa: cách đặt qua Zalo hoặc điện thoại để chủ động chọn xe,(legacy) Đặt xe máy trước từ xa: cách đặt qua Zalo hoặc điện thoại để chủ động chọn xe,,,P-THUE-XE,C-THUE-THU-TUC,,/blog/chia sẻ/2026/09/18/cach-dat-xe-may-truoc-tu-xa/,_posts/2026-09-18-cach-dat-xe-may-truoc-tu-xa.md,/blog/chia sẻ/2026/09/18/cach-dat-xe-may-truoc-tu-xa/,,,,,legacy:_posts/2026-09-18-cach-dat-xe-may-truoc-tu-xa.md
BLG-00008,EXISTING,Cầu Long Biên và khu Long Biên bằng xe máy: trải nghiệm đáng đi ở Hà Nội,(legacy) Cầu Long Biên và khu Long Biên bằng xe máy: trải nghiệm đáng đi ở Hà Nội,,,P-CUNG-DUONG,C-CD-NOI-THANH,,/blog/du lịch/2026/09/18/cau-long-bien-va-khu-long-bien-bang-xe-may/,_posts/2026-09-18-cau-long-bien-va-khu-long-bien-bang-xe-may.md,/blog/du lịch/2026/09/18/cau-long-bien-va-khu-long-bien-bang-xe-may/,,,,,legacy:_posts/2026-09-18-cau-long-bien-va-khu-long-bien-bang-xe-may.md
BLG-00009,EXISTING,Chăm sóc dây xích xe máy: nhận biết xích khô và cách xử lý đúng,(legacy) Chăm sóc dây xích xe máy: nhận biết xích khô và cách xử lý đúng,,,P-THUE-XE,C-THUE-SU-CO,,/blog/chia sẻ/2026/09/18/cham-soc-day-xich-xe-may/,_posts/2026-09-18-cham-soc-day-xich-xe-may.md,/blog/chia sẻ/2026/09/18/cham-soc-day-xich-xe-may/,,,,,legacy:_posts/2026-09-18-cham-soc-day-xich-xe-may.md
BLG-00010,EXISTING,Danh sách kiểm tra xe khi nhận xe thuê: những điểm cần soi kỹ,(legacy) Danh sách kiểm tra xe khi nhận xe thuê: những điểm cần soi kỹ,,,P-THUE-XE,C-THUE-NHAN-TRA,,/blog/kinh nghiệm/2026/09/18/checklist-kiem-tra-xe-khi-nhan-xe-thue/,_posts/2026-09-18-checklist-kiem-tra-xe-khi-nhan-xe-thue.md,/blog/kinh nghiệm/2026/09/18/checklist-kiem-tra-xe-khi-nhan-xe-thue/,,,,,legacy:_posts/2026-09-18-checklist-kiem-tra-xe-khi-nhan-xe-thue.md
BLG-00011,EXISTING,"Chở hành lý an toàn trên xe máy: theo dung lượng, không theo cảm hứng","(legacy) Chở hành lý an toàn trên xe máy: theo dung lượng, không theo cảm hứng",,,P-KY-NANG,C-KY-NANG-CHO-DO,,/blog/chia sẻ/2026/09/18/cho-hanh-ly-an-toan-tren-xe-may/,_posts/2026-09-18-cho-hanh-ly-an-toan-tren-xe-may.md,/blog/chia sẻ/2026/09/18/cho-hanh-ly-an-toan-tren-xe-may/,,,,,legacy:_posts/2026-09-18-cho-hanh-ly-an-toan-tren-xe-may.md
BLG-00012,EXISTING,Chọn loại xe cho chuyến đi dài: xe số hay xe ga hợp với đường trường,(legacy) Chọn loại xe cho chuyến đi dài: xe số hay xe ga hợp với đường trường,,,P-THUE-XE,C-THUE-TUAN,,/blog/chia sẻ/2026/09/18/chon-loai-xe-cho-chuyen-di-dai/,_posts/2026-09-18-chon-loai-xe-cho-chuyen-di-dai.md,/blog/chia sẻ/2026/09/18/chon-loai-xe-cho-chuyen-di-dai/,,,,,legacy:_posts/2026-09-18-chon-loai-xe-cho-chuyen-di-dai.md
BLG-00013,EXISTING,Chuẩn bị chuyến đi gần Hà Nội bằng xe máy: từng bước từ chọn tuyến đến kiểm tra xe,(legacy) Chuẩn bị chuyến đi gần Hà Nội bằng xe máy: từng bước từ chọn tuyến đến kiểm tra xe,,,P-KY-NANG,C-KY-NANG-CO-BAN,,/blog/kinh nghiệm/2026/09/18/chuan-bi-chuyen-di-gan-ha-noi-bang-xe-may/,_posts/2026-09-18-chuan-bi-chuyen-di-gan-ha-noi-bang-xe-may.md,/blog/kinh nghiệm/2026/09/18/chuan-bi-chuyen-di-gan-ha-noi-bang-xe-may/,,,,,legacy:_posts/2026-09-18-chuan-bi-chuyen-di-gan-ha-noi-bang-xe-may.md
BLG-00014,EXISTING,Danh sách đồ cho chuyến đi một ngày bằng xe máy: gọn nhẹ nhưng đủ dùng,(legacy) Danh sách đồ cho chuyến đi một ngày bằng xe máy: gọn nhẹ nhưng đủ dùng,,,P-THUE-XE,C-THUE-NGAY,,/blog/chia sẻ/2026/09/18/danh-sach-do-cho-chuyen-di-1-ngay-bang-xe-may/,_posts/2026-09-18-danh-sach-do-cho-chuyen-di-1-ngay-bang-xe-may.md,/blog/chia sẻ/2026/09/18/danh-sach-do-cho-chuyen-di-1-ngay-bang-xe-may/,,,,,legacy:_posts/2026-09-18-danh-sach-do-cho-chuyen-di-1-ngay-bang-xe-may.md
BLG-00015,EXISTING,Dấu hiệu xe thuê cần báo cửa hàng ngay,(legacy) Dấu hiệu xe thuê cần báo cửa hàng ngay,,,P-THUE-XE,C-THUE-SU-CO,,/blog/chia sẻ/2026/09/18/dau-hieu-xe-thue-can-bao-cua-hang-ngay/,_posts/2026-09-18-dau-hieu-xe-thue-can-bao-cua-hang-ngay.md,/blog/chia sẻ/2026/09/18/dau-hieu-xe-thue-can-bao-cua-hang-ngay/,,,,,legacy:_posts/2026-09-18-dau-hieu-xe-thue-can-bao-cua-hang-ngay.md
BLG-00016,EXISTING,Đèn xe và tầm nhìn khi đi xe máy ban đêm,(legacy) Đèn xe và tầm nhìn khi đi xe máy ban đêm,,,P-XE-MAY,C-BAO-DUONG,,/blog/chia sẻ/2026/09/18/den-xe-va-tam-nhin-khi-di-xe-may-ban-dem/,_posts/2026-09-18-den-xe-va-tam-nhin-khi-di-xe-may-ban-dem.md,/blog/chia sẻ/2026/09/18/den-xe-va-tam-nhin-khi-di-xe-may-ban-dem/,,,,,legacy:_posts/2026-09-18-den-xe-va-tam-nhin-khi-di-xe-may-ban-dem.md
BLG-00017,REVIEW,Đi xe máy ở Hà Nội mùa đông: giữ ấm và an toàn khi trời lạnh,(legacy) Đi xe máy ở Hà Nội mùa đông: giữ ấm và an toàn khi trời lạnh,,,P-KY-NANG,C-KY-NANG-THOI-TIET,,/blog/kinh nghiệm/2026/09/18/di-xe-may-o-ha-noi-mua-dong/,_posts/2026-09-18-di-xe-may-o-ha-noi-mua-dong.md,/blog/kinh nghiệm/2026/09/18/di-xe-may-o-ha-noi-mua-dong/,,,,,legacy:_posts/2026-09-18-di-xe-may-o-ha-noi-mua-dong.md
BLG-00018,REVIEW,Đi xe máy ở Hà Nội ngày mưa: chuẩn bị và kỹ thuật giữ an toàn,(legacy) Đi xe máy ở Hà Nội ngày mưa: chuẩn bị và kỹ thuật giữ an toàn,,,P-KY-NANG,C-KY-NANG-THOI-TIET,,/blog/kinh nghiệm/2026/09/18/di-xe-may-o-ha-noi-ngay-mua/,_posts/2026-09-18-di-xe-may-o-ha-noi-ngay-mua.md,/blog/kinh nghiệm/2026/09/18/di-xe-may-o-ha-noi-ngay-mua/,,,,,legacy:_posts/2026-09-18-di-xe-may-o-ha-noi-ngay-mua.md
BLG-00019,EXISTING,Đồ bảo hộ khi đi xe máy: chọn đúng mức cho từng loại chuyến đi,(legacy) Đồ bảo hộ khi đi xe máy: chọn đúng mức cho từng loại chuyến đi,,,P-KY-NANG,C-KY-NANG-TINH-HUONG,,/blog/chia sẻ/2026/09/18/do-bao-ho-khi-di-xe-may/,_posts/2026-09-18-do-bao-ho-khi-di-xe-may.md,/blog/chia sẻ/2026/09/18/do-bao-ho-khi-di-xe-may/,,,,,legacy:_posts/2026-09-18-do-bao-ho-khi-di-xe-may.md
BLG-00020,EXISTING,Giấy tờ thuê xe máy ở Hà Nội: cần mang gì khi đến cửa hàng,(legacy) Giấy tờ thuê xe máy ở Hà Nội: cần mang gì khi đến cửa hàng,,,P-PHAP-LY,C-GIAY-TO,,/blog/kinh nghiệm/2026/09/18/giay-to-thue-xe-may-o-ha-noi-can-mang-gi/,_posts/2026-09-18-giay-to-thue-xe-may-o-ha-noi-can-mang-gi.md,/blog/kinh nghiệm/2026/09/18/giay-to-thue-xe-may-o-ha-noi-can-mang-gi/,,,,,legacy:_posts/2026-09-18-giay-to-thue-xe-may-o-ha-noi-can-mang-gi.md
BLG-00021,EXISTING,Gửi xe ở Hà Nội: mẹo thực tế để gửi và nhận xe thuận lợi,(legacy) Gửi xe ở Hà Nội: mẹo thực tế để gửi và nhận xe thuận lợi,,,P-KY-NANG,C-KY-NANG-GUI-XE,,/blog/kinh nghiệm/2026/09/18/gui-xe-o-ha-noi-meo-thuc-te/,_posts/2026-09-18-gui-xe-o-ha-noi-meo-thuc-te.md,/blog/kinh nghiệm/2026/09/18/gui-xe-o-ha-noi-meo-thuc-te/,,,,,legacy:_posts/2026-09-18-gui-xe-o-ha-noi-meo-thuc-te.md
BLG-00022,EXISTING,"Gia Lâm và ven sông Hồng bằng xe máy: đường đê, đồng ruộng và làng gốm","(legacy) Gia Lâm và ven sông Hồng bằng xe máy: đường đê, đồng ruộng và làng gốm",,,P-DU-LICH,C-HO-TAY,,/blog/du lịch/2026/09/18/kham-pha-gia-lam-va-ven-song-hong-bang-xe-may/,_posts/2026-09-18-kham-pha-gia-lam-va-ven-song-hong-bang-xe-may.md,/blog/du lịch/2026/09/18/kham-pha-gia-lam-va-ven-song-hong-bang-xe-may/,,,,,legacy:_posts/2026-09-18-kham-pha-gia-lam-va-ven-song-hong-bang-xe-may.md
BLG-00023,EXISTING,Khám phá khu Ba Đình bằng xe máy: điểm đến và lưu ý gửi xe quanh khu di tích,(legacy) Khám phá khu Ba Đình bằng xe máy: điểm đến và lưu ý gửi xe quanh khu di tích,,,P-DU-LICH,C-DIEM-DEN,,/blog/du lịch/2026/09/18/kham-pha-khu-ba-dinh-bang-xe-may/,_posts/2026-09-18-kham-pha-khu-ba-dinh-bang-xe-may.md,/blog/du lịch/2026/09/18/kham-pha-khu-ba-dinh-bang-xe-may/,,,,,legacy:_posts/2026-09-18-kham-pha-khu-ba-dinh-bang-xe-may.md
BLG-00024,EXISTING,"Khám phá khu Hoàn Kiếm bằng xe máy: lịch trình, gửi xe và những trải nghiệm đáng giá","(legacy) Khám phá khu Hoàn Kiếm bằng xe máy: lịch trình, gửi xe và những trải nghiệm đáng giá",,,P-DU-LICH,C-PHO-CO,,/blog/du lịch/2026/09/18/kham-pha-khu-hoan-kiem-bang-xe-may/,_posts/2026-09-18-kham-pha-khu-hoan-kiem-bang-xe-may.md,/blog/du lịch/2026/09/18/kham-pha-khu-hoan-kiem-bang-xe-may/,,,,,legacy:_posts/2026-09-18-kham-pha-khu-hoan-kiem-bang-xe-may.md
BLG-00025,EXISTING,Khám phá khu Tây Hồ bằng xe máy: đường ven hồ và những thời điểm đẹp nhất,(legacy) Khám phá khu Tây Hồ bằng xe máy: đường ven hồ và những thời điểm đẹp nhất,,,P-DU-LICH,C-HO-TAY,,/blog/du lịch/2026/09/18/kham-pha-khu-tay-ho-bang-xe-may/,_posts/2026-09-18-kham-pha-khu-tay-ho-bang-xe-may.md,/blog/du lịch/2026/09/18/kham-pha-khu-tay-ho-bang-xe-may/,,,,,legacy:_posts/2026-09-18-kham-pha-khu-tay-ho-bang-xe-may.md
BLG-00026,EXISTING,"Khám phá Phố Cổ Hà Nội bằng xe máy: cách đi, gửi xe và thời điểm hợp lý","(legacy) Khám phá Phố Cổ Hà Nội bằng xe máy: cách đi, gửi xe và thời điểm hợp lý",,,P-DU-LICH,C-PHO-CO,,/blog/du lịch/2026/09/18/kham-pha-pho-co-ha-noi-bang-xe-may/,_posts/2026-09-18-kham-pha-pho-co-ha-noi-bang-xe-may.md,/blog/du lịch/2026/09/18/kham-pha-pho-co-ha-noi-bang-xe-may/,,,,,legacy:_posts/2026-09-18-kham-pha-pho-co-ha-noi-bang-xe-may.md
BLG-00027,EXISTING,Kiểm tra xe trước mỗi chuyến đi: quy trình hai phút cho mọi người,(legacy) Kiểm tra xe trước mỗi chuyến đi: quy trình hai phút cho mọi người,,,P-THUE-XE,C-THUE-NHAN-TRA,,/blog/kinh nghiệm/2026/09/18/kiem-tra-xe-truoc-moi-chuyen-di/,_posts/2026-09-18-kiem-tra-xe-truoc-moi-chuyen-di.md,/blog/kinh nghiệm/2026/09/18/kiem-tra-xe-truoc-moi-chuyen-di/,,,,,legacy:_posts/2026-09-18-kiem-tra-xe-truoc-moi-chuyen-di.md
BLG-00028,EXISTING,Kinh nghiệm đổ xăng và nghỉ trên tuyến khi chạy xe đường trường,(legacy) Kinh nghiệm đổ xăng và nghỉ trên tuyến khi chạy xe đường trường,,,P-HOI-DAP,C-HD-NGUOI-MOI,,/blog/chia sẻ/2026/09/18/kinh-nghiem-do-xang-va-nghi-tuyen/,_posts/2026-09-18-kinh-nghiem-do-xang-va-nghi-tuyen.md,/blog/chia sẻ/2026/09/18/kinh-nghiem-do-xang-va-nghi-tuyen/,,,,,legacy:_posts/2026-09-18-kinh-nghiem-do-xang-va-nghi-tuyen.md
BLG-00029,EXISTING,Lái xe trong phố cổ giờ cao điểm: cách xử lý mật độ xe dày,(legacy) Lái xe trong phố cổ giờ cao điểm: cách xử lý mật độ xe dày,,,P-KY-NANG,C-KY-NANG-TINH-HUONG,,/blog/kinh nghiệm/2026/09/18/lai-xe-trong-pho-co-gio-cao-diem/,_posts/2026-09-18-lai-xe-trong-pho-co-gio-cao-diem.md,/blog/kinh nghiệm/2026/09/18/lai-xe-trong-pho-co-gio-cao-diem/,,,,,legacy:_posts/2026-09-18-lai-xe-trong-pho-co-gio-cao-diem.md
BLG-00030,EXISTING,Lên kế hoạch chuyến cuối tuần bằng xe máy: sắp xếp hai ngày gọn gàng,(legacy) Lên kế hoạch chuyến cuối tuần bằng xe máy: sắp xếp hai ngày gọn gàng,,,P-CUNG-DUONG,C-CD-CUOI-TUAN,,/blog/du lịch/2026/09/18/len-ke-hoach-chuyen-cuoi-tuan-bang-xe-may/,_posts/2026-09-18-len-ke-hoach-chuyen-cuoi-tuan-bang-xe-may.md,/blog/du lịch/2026/09/18/len-ke-hoach-chuyen-cuoi-tuan-bang-xe-may/,,,,,legacy:_posts/2026-09-18-len-ke-hoach-chuyen-cuoi-tuan-bang-xe-may.md
BLG-00031,EXISTING,Nên thuê hay mua xe máy ở Hà Nội,(legacy) Nên thuê hay mua xe máy ở Hà Nội,,,P-KY-NANG,C-KY-NANG-THOI-TIET,,/blog/chia sẻ/2026/09/18/nen-thue-hay-mua-xe-may-o-ha-noi/,_posts/2026-09-18-nen-thue-hay-mua-xe-may-o-ha-noi.md,/blog/chia sẻ/2026/09/18/nen-thue-hay-mua-xe-may-o-ha-noi/,,,,,legacy:_posts/2026-09-18-nen-thue-hay-mua-xe-may-o-ha-noi.md
BLG-00032,EXISTING,Nên thuê xe máy tự lái hay đi xe công nghệ ở Hà Nội: so sánh theo tần suất di chuyển,(legacy) Nên thuê xe máy tự lái hay đi xe công nghệ ở Hà Nội: so sánh theo tần suất di chuyển,,,P-KY-NANG,C-KY-NANG-TINH-HUONG,,/blog/chia sẻ/2026/09/18/nen-thue-xe-may-tu-lai-hay-di-xe-cong-nghe/,_posts/2026-09-18-nen-thue-xe-may-tu-lai-hay-di-xe-cong-nghe.md,/blog/chia sẻ/2026/09/18/nen-thue-xe-may-tu-lai-hay-di-xe-cong-nghe/,,,,,legacy:_posts/2026-09-18-nen-thue-xe-may-tu-lai-hay-di-xe-cong-nghe.md
BLG-00033,EXISTING,Xe đạp điện và xe máy điện khác nhau thế nào: chọn theo nhu cầu thực tế,(legacy) Xe đạp điện và xe máy điện khác nhau thế nào: chọn theo nhu cầu thực tế,,,P-XE-MAY,C-XE-DAP-DIEN,,/blog/chia sẻ/2026/09/18/phan-biet-xe-dap-dien-va-xe-may-dien/,_posts/2026-09-18-phan-biet-xe-dap-dien-va-xe-may-dien.md,/blog/chia sẻ/2026/09/18/phan-biet-xe-dap-dien-va-xe-may-dien/,,,,,legacy:_posts/2026-09-18-phan-biet-xe-dap-dien-va-xe-may-dien.md
BLG-00034,EXISTING,Quãng đường hợp lý trong ngày khi đi xe máy: nên chạy bao nhiêu cây số,(legacy) Quãng đường hợp lý trong ngày khi đi xe máy: nên chạy bao nhiêu cây số,,,P-THUE-XE,C-THUE-NGAY,,/blog/du lịch/2026/09/18/quang-duong-hop-ly-trong-ngay-khi-di-xe-may/,_posts/2026-09-18-quang-duong-hop-ly-trong-ngay-khi-di-xe-may.md,/blog/du lịch/2026/09/18/quang-duong-hop-ly-trong-ngay-khi-di-xe-may/,,,,,legacy:_posts/2026-09-18-quang-duong-hop-ly-trong-ngay-khi-di-xe-may.md
BLG-00035,EXISTING,Trả xe thuê đúng cách: quy trình tránh mọi tranh chấp,(legacy) Trả xe thuê đúng cách: quy trình tránh mọi tranh chấp,,,P-THUE-XE,C-THUE-NHAN-TRA,,/blog/kinh nghiệm/2026/09/18/quy-trinh-tra-xe-thue-dung-cach-tranh-tranh-chap/,_posts/2026-09-18-quy-trinh-tra-xe-thue-dung-cach-tranh-tranh-chap.md,/blog/kinh nghiệm/2026/09/18/quy-trinh-tra-xe-thue-dung-cach-tranh-tranh-chap/,,,,,legacy:_posts/2026-09-18-quy-trinh-tra-xe-thue-dung-cach-tranh-tranh-chap.md
BLG-00036,EXISTING,Sạc pin xe máy điện đúng cách,(legacy) Sạc pin xe máy điện đúng cách,,,P-XE-MAY,C-XE-DIEN,,/blog/chia sẻ/2026/09/18/sac-pin-xe-may-dien-dung-cach/,_posts/2026-09-18-sac-pin-xe-may-dien-dung-cach.md,/blog/chia sẻ/2026/09/18/sac-pin-xe-may-dien-dung-cach/,,,,,legacy:_posts/2026-09-18-sac-pin-xe-may-dien-dung-cach.md
BLG-00037,EXISTING,"Thay nhớt định kỳ cho xe máy: kỳ hạn, dấu hiệu và ai chịu khi đi xe thuê","(legacy) Thay nhớt định kỳ cho xe máy: kỳ hạn, dấu hiệu và ai chịu khi đi xe thuê",,,P-XE-MAY,C-BAO-DUONG,,/blog/chia sẻ/2026/09/18/thay-nhot-dinh-ky-cho-xe-may/,_posts/2026-09-18-thay-nhot-dinh-ky-cho-xe-may.md,/blog/chia sẻ/2026/09/18/thay-nhot-dinh-ky-cho-xe-may/,,,,,legacy:_posts/2026-09-18-thay-nhot-dinh-ky-cho-xe-may.md
BLG-00038,EXISTING,Thời tiết và kế hoạch chuyến đi bằng xe máy: đọc dự báo và quyết định có nên đi,(legacy) Thời tiết và kế hoạch chuyến đi bằng xe máy: đọc dự báo và quyết định có nên đi,,,P-KY-NANG,C-KY-NANG-CO-BAN,,/blog/kinh nghiệm/2026/09/18/thoi-tiet-va-ke-hoach-chuyen-di-bang-xe-may/,_posts/2026-09-18-thoi-tiet-va-ke-hoach-chuyen-di-bang-xe-may.md,/blog/kinh nghiệm/2026/09/18/thoi-tiet-va-ke-hoach-chuyen-di-bang-xe-may/,,,,,legacy:_posts/2026-09-18-thoi-tiet-va-ke-hoach-chuyen-di-bang-xe-may.md
BLG-00039,EXISTING,Thuê Honda Air Blade ở Hà Nội: dòng xe ga thể thao khác gì xe ga phổ thông,(legacy) Thuê Honda Air Blade ở Hà Nội: dòng xe ga thể thao khác gì xe ga phổ thông,,,P-XE-MAY,C-HONDA-AIR-BLADE,,/blog/chia sẻ/2026/09/18/thue-honda-air-blade-o-ha-noi/,_posts/2026-09-18-thue-honda-air-blade-o-ha-noi.md,/blog/chia sẻ/2026/09/18/thue-honda-air-blade-o-ha-noi/,,,,,legacy:_posts/2026-09-18-thue-honda-air-blade-o-ha-noi.md
BLG-00040,EXISTING,Thuê Honda Click và Yamaha Mio ở Hà Nội: dòng xe ga nhỏ gọn cho phố,(legacy) Thuê Honda Click và Yamaha Mio ở Hà Nội: dòng xe ga nhỏ gọn cho phố,,,P-XE-MAY,C-HONDA-CLICK,,/blog/chia sẻ/2026/09/18/thue-honda-click-va-yamaha-mio-o-ha-noi/,_posts/2026-09-18-thue-honda-click-va-yamaha-mio-o-ha-noi.md,/blog/chia sẻ/2026/09/18/thue-honda-click-va-yamaha-mio-o-ha-noi/,,,,,legacy:_posts/2026-09-18-thue-honda-click-va-yamaha-mio-o-ha-noi.md
BLG-00041,EXISTING,Thuê Honda Vision ở Hà Nội: dòng xe ga nhỏ gọn hợp với ai,(legacy) Thuê Honda Vision ở Hà Nội: dòng xe ga nhỏ gọn hợp với ai,,,P-XE-MAY,C-HONDA-VISION,,/blog/chia sẻ/2026/09/18/thue-honda-vision-o-ha-noi/,_posts/2026-09-18-thue-honda-vision-o-ha-noi.md,/blog/chia sẻ/2026/09/18/thue-honda-vision-o-ha-noi/,,,,,legacy:_posts/2026-09-18-thue-honda-vision-o-ha-noi.md
BLG-00042,EXISTING,Thuê Honda Wave ở Hà Nội: dòng xe số bền bỉ hợp với nhu cầu nào,(legacy) Thuê Honda Wave ở Hà Nội: dòng xe số bền bỉ hợp với nhu cầu nào,,,P-XE-MAY,C-HONDA-WAVE,,/blog/chia sẻ/2026/09/18/thue-honda-wave-o-ha-noi/,_posts/2026-09-18-thue-honda-wave-o-ha-noi.md,/blog/chia sẻ/2026/09/18/thue-honda-wave-o-ha-noi/,,,,,legacy:_posts/2026-09-18-thue-honda-wave-o-ha-noi.md
BLG-00043,EXISTING,Thuê xe côn tay ở Hà Nội: có nên thử nếu bạn mới biết lái,(legacy) Thuê xe côn tay ở Hà Nội: có nên thử nếu bạn mới biết lái,,,P-XE-MAY,C-XE-GA,,/blog/chia sẻ/2026/09/18/thue-xe-con-tay-co-nen-thu-cho-nguoi-moi-khong/,_posts/2026-09-18-thue-xe-con-tay-co-nen-thu-cho-nguoi-moi-khong.md,/blog/chia sẻ/2026/09/18/thue-xe-con-tay-co-nen-thu-cho-nguoi-moi-khong/,,,,,legacy:_posts/2026-09-18-thue-xe-con-tay-co-nen-thu-cho-nguoi-moi-khong.md
BLG-00044,EXISTING,"Thuê xe máy cho sinh viên ở Hà Nội: chọn xe và chi phí hợp lý khi đi học, đi làm thêm","(legacy) Thuê xe máy cho sinh viên ở Hà Nội: chọn xe và chi phí hợp lý khi đi học, đi làm thêm",,,P-THUE-XE,C-THUE-THANG,,/blog/chia sẻ/2026/09/18/thue-xe-may-cho-sinh-vien-o-ha-noi/,_posts/2026-09-18-thue-xe-may-cho-sinh-vien-o-ha-noi.md,/blog/chia sẻ/2026/09/18/thue-xe-may-cho-sinh-vien-o-ha-noi/,,,,,legacy:_posts/2026-09-18-thue-xe-may-cho-sinh-vien-o-ha-noi.md
BLG-00045,EXISTING,"Thuê xe máy điện ở Hà Nội: quãng đường, sạc pin và những điều cần biết","(legacy) Thuê xe máy điện ở Hà Nội: quãng đường, sạc pin và những điều cần biết",,,P-XE-MAY,C-XE-DIEN,,/blog/chia sẻ/2026/09/18/thue-xe-may-dien-o-ha-noi-can-biet-gi/,_posts/2026-09-18-thue-xe-may-dien-o-ha-noi-can-biet-gi.md,/blog/chia sẻ/2026/09/18/thue-xe-may-dien-o-ha-noi-can-biet-gi/,,,,,legacy:_posts/2026-09-18-thue-xe-may-dien-o-ha-noi-can-biet-gi.md
BLG-00046,EXISTING,Thuê xe máy ở Hà Nội cho người nước ngoài: điều kiện giấy tờ và lưu ý giao thông,(legacy) Thuê xe máy ở Hà Nội cho người nước ngoài: điều kiện giấy tờ và lưu ý giao thông,,,P-THUE-XE,C-THUE-QUOC-TE,,/blog/kinh nghiệm/2026/09/18/thue-xe-may-ha-noi-cho-nguoi-nuoc-ngoai/,_posts/2026-09-18-thue-xe-may-ha-noi-cho-nguoi-nuoc-ngoai.md,/blog/kinh nghiệm/2026/09/18/thue-xe-may-ha-noi-cho-nguoi-nuoc-ngoai/,,,,,legacy:_posts/2026-09-18-thue-xe-may-ha-noi-cho-nguoi-nuoc-ngoai.md
BLG-00047,EXISTING,"Thuê xe máy theo ngày, theo tuần hay theo tháng: nên chọn kiểu nào","(legacy) Thuê xe máy theo ngày, theo tuần hay theo tháng: nên chọn kiểu nào",,,P-THUE-XE,C-THUE-NGAY,,/blog/kinh nghiệm/2026/09/17/thue-xe-may-theo-ngay-tuan-hay-thang/,_posts/2026-09-18-thue-xe-may-theo-ngay-tuan-hay-thang.md,/blog/kinh nghiệm/2026/09/17/thue-xe-may-theo-ngay-tuan-hay-thang/,,,,,legacy:_posts/2026-09-18-thue-xe-may-theo-ngay-tuan-hay-thang.md
BLG-00048,EXISTING,Thuê xe tay ga ở Hà Nội: dòng xe phù hợp với ai và lưu ý khi lái trong phố,(legacy) Thuê xe tay ga ở Hà Nội: dòng xe phù hợp với ai và lưu ý khi lái trong phố,,,P-XE-MAY,C-XE-GA,,/blog/chia sẻ/2026/09/18/thue-xe-tay-ga-o-ha-noi-phu-hop-voi-ai/,_posts/2026-09-18-thue-xe-tay-ga-o-ha-noi-phu-hop-voi-ai.md,/blog/chia sẻ/2026/09/18/thue-xe-tay-ga-o-ha-noi-phu-hop-voi-ai/,,,,,legacy:_posts/2026-09-18-thue-xe-tay-ga-o-ha-noi-phu-hop-voi-ai.md
BLG-00049,EXISTING,Tiền đặt cọc khi thuê xe máy ở Hà Nội: cần biết gì trước khi đưa tiền,(legacy) Tiền đặt cọc khi thuê xe máy ở Hà Nội: cần biết gì trước khi đưa tiền,,,P-THUE-XE,C-THUE-DAT-COC,,/blog/kinh nghiệm/2026/09/17/tien-dat-coc-khi-thue-xe-may-o-ha-noi/,_posts/2026-09-18-tien-dat-coc-khi-thue-xe-may-o-ha-noi.md,/blog/kinh nghiệm/2026/09/17/tien-dat-coc-khi-thue-xe-may-o-ha-noi/,,,,,legacy:_posts/2026-09-18-tien-dat-coc-khi-thue-xe-may-o-ha-noi.md
BLG-00050,EXISTING,Thuê xe 50cc ở Hà Nội: dòng xe nhẹ có phù hợp với bạn,(legacy) Thuê xe 50cc ở Hà Nội: dòng xe nhẹ có phù hợp với bạn,,,P-XE-MAY,C-XE-50CC,,/blog/chia sẻ/2026/09/18/xe-50cc-co-phu-hop-voi-ban-khong/,_posts/2026-09-18-xe-50cc-co-phu-hop-voi-ban-khong.md,/blog/chia sẻ/2026/09/18/xe-50cc-co-phu-hop-voi-ban-khong/,,,,,legacy:_posts/2026-09-18-xe-50cc-co-phu-hop-voi-ban-khong.md
BLG-00051,EXISTING,"Xe số là gì, ưu và nhược điểm khi thuê xe số ở Hà Nội","(legacy) Xe số là gì, ưu và nhược điểm khi thuê xe số ở Hà Nội",,,P-XE-MAY,C-XE-SO,,/blog/chia sẻ/2026/09/18/xe-so-uu-va-nhuoc-diem-khi-thue-o-ha-noi/,_posts/2026-09-18-xe-so-uu-va-nhuoc-diem-khi-thue-o-ha-noi.md,/blog/chia sẻ/2026/09/18/xe-so-uu-va-nhuoc-diem-khi-thue-o-ha-noi/,,,,,legacy:_posts/2026-09-18-xe-so-uu-va-nhuoc-diem-khi-thue-o-ha-noi.md
BLG-00052,EXISTING,"Ắc quy xe tay ga yếu và khóa từ: dấu hiệu, xử lý và phòng tránh","(legacy) Ắc quy xe tay ga yếu và khóa từ: dấu hiệu, xử lý và phòng tránh",,,P-THUE-XE,C-THUE-SU-CO,,/blog/kinh nghiệm/2026/09/19/ac-quy-xe-tay-ga-yeu-va-khoa-tu/,_posts/2026-09-20-ac-quy-xe-tay-ga-yeu-va-khoa-tu.md,/blog/kinh nghiệm/2026/09/19/ac-quy-xe-tay-ga-yeu-va-khoa-tu/,,,,,legacy:_posts/2026-09-20-ac-quy-xe-tay-ga-yeu-va-khoa-tu.md
BLG-00053,REVIEW,An toàn khi chạy xe máy ở Hà Nội: tổng quan cho người thuê xe,(legacy) An toàn khi chạy xe máy ở Hà Nội: tổng quan cho người thuê xe,,,P-KY-NANG,C-KY-NANG-TINH-HUONG,,/blog/kinh nghiệm/2026/09/19/an-toan-khi-chay-xe-may-o-ha-noi/,_posts/2026-09-20-an-toan-khi-chay-xe-may-o-ha-noi.md,/blog/kinh nghiệm/2026/09/19/an-toan-khi-chay-xe-may-o-ha-noi/,,,,,legacy:_posts/2026-09-20-an-toan-khi-chay-xe-may-o-ha-noi.md
BLG-00054,EXISTING,Shipper chạy cước khung giờ cuối ngày,(legacy) Shipper chạy cước khung giờ cuối ngày,,,P-KY-NANG,C-KY-NANG-TINH-HUONG,,/blog/chia sẻ/2026/09/19/anh-chi-shipper-di-cuoc-cuoi-ngay/,_posts/2026-09-20-anh-chi-shipper-di-cuoc-cuoi-ngay.md,/blog/chia sẻ/2026/09/19/anh-chi-shipper-di-cuoc-cuoi-ngay/,,,,,legacy:_posts/2026-09-20-anh-chi-shipper-di-cuoc-cuoi-ngay.md
BLG-00055,EXISTING,Bà mẹ đi chợ cuối tuần cho cả nhà,(legacy) Bà mẹ đi chợ cuối tuần cho cả nhà,,,P-CUNG-DUONG,C-CD-CUOI-TUAN,,/blog/chia sẻ/2026/09/19/ba-me-di-cho-cuoi-tuan-cho-ca-nha/,_posts/2026-09-20-ba-me-di-cho-cuoi-tuan-cho-ca-nha.md,/blog/chia sẻ/2026/09/19/ba-me-di-cho-cuoi-tuan-cho-ca-nha/,,,,,legacy:_posts/2026-09-20-ba-me-di-cho-cuoi-tuan-cho-ca-nha.md
BLG-00056,EXISTING,Đi vào ngõ cụt và ngõ nhỏ: xử lý sao cho gọn,(legacy) Đi vào ngõ cụt và ngõ nhỏ: xử lý sao cho gọn,,,P-THUE-XE,C-THUE-SU-CO,,/blog/kinh nghiệm/2026/09/19/ban-do-dan-vao-ngo-cut/,_posts/2026-09-20-ban-do-dan-vao-ngo-cut.md,/blog/kinh nghiệm/2026/09/19/ban-do-dan-vao-ngo-cut/,,,,,legacy:_posts/2026-09-20-ban-do-dan-vao-ngo-cut.md
BLG-00057,EXISTING,Bản đồ offline khi đi vùng ven sóng yếu,(legacy) Bản đồ offline khi đi vùng ven sóng yếu,,,P-THUE-XE,C-THUE-SU-CO,,/blog/kinh nghiệm/2026/09/19/ban-do-offline-vung-ven-song-yeu/,_posts/2026-09-20-ban-do-offline-vung-ven-song-yeu.md,/blog/kinh nghiệm/2026/09/19/ban-do-offline-vung-ven-song-yeu/,,,,,legacy:_posts/2026-09-20-ban-do-offline-vung-ven-song-yeu.md
BLG-00058,EXISTING,Bảo dưỡng giữa kỳ khi thuê xe dài hạn: phối hợp với cửa hàng,(legacy) Bảo dưỡng giữa kỳ khi thuê xe dài hạn: phối hợp với cửa hàng,,,P-THUE-XE,C-THUE-THANG,,/blog/kinh nghiệm/2026/09/19/bao-duong-giua-ky-thue-xe-dai-han/,_posts/2026-09-20-bao-duong-giua-ky-thue-xe-dai-han.md,/blog/kinh nghiệm/2026/09/19/bao-duong-giua-ky-thue-xe-dai-han/,,,,,legacy:_posts/2026-09-20-bao-duong-giua-ky-thue-xe-dai-han.md
BLG-00059,EXISTING,Bảo hiểm cho người thuê xe máy ở Hà Nội: những điều cần hiểu rõ,(legacy) Bảo hiểm cho người thuê xe máy ở Hà Nội: những điều cần hiểu rõ,,,P-PHAP-LY,C-BAO-HIEM,,/blog/kinh nghiệm/2026/09/19/bao-hiem-cho-nguoi-thue-xe-may-o-ha-noi/,_posts/2026-09-20-bao-hiem-cho-nguoi-thue-xe-may-o-ha-noi.md,/blog/kinh nghiệm/2026/09/19/bao-hiem-cho-nguoi-thue-xe-may-o-ha-noi/,,,,,legacy:_posts/2026-09-20-bao-hiem-cho-nguoi-thue-xe-may-o-ha-noi.md
BLG-00060,EXISTING,Xe lún mềm bất thường sau mưa to,(legacy) Xe lún mềm bất thường sau mưa to,,,P-PHAP-LY,C-BAO-HIEM,,/blog/kinh nghiệm/2026/09/19/bao-hiem-lun-mam-xe-sau-mua-to/,_posts/2026-09-20-bao-hiem-lun-mam-xe-sau-mua-to.md,/blog/kinh nghiệm/2026/09/19/bao-hiem-lun-mam-xe-sau-mua-to/,,,,,legacy:_posts/2026-09-20-bao-hiem-lun-mam-xe-sau-mua-to.md
BLG-00061,EXISTING,Bảo quản xe máy thuê khi không dùng trong nhiều ngày,(legacy) Bảo quản xe máy thuê khi không dùng trong nhiều ngày,,,P-KY-NANG,C-KY-NANG-TINH-HUONG,,/blog/kinh nghiệm/2026/09/19/bao-quan-xe-thue-khi-khong-dung-nhieu-ngay/,_posts/2026-09-20-bao-quan-xe-thue-khi-khong-dung-nhieu-ngay.md,/blog/kinh nghiệm/2026/09/19/bao-quan-xe-thue-khi-khong-dung-nhieu-ngay/,,,,,legacy:_posts/2026-09-20-bao-quan-xe-thue-khi-khong-dung-nhieu-ngay.md
BLG-00062,EXISTING,Bảo vệ giấy tờ và tài liệu khỏi mưa khi đi xe máy ở Hà Nội,(legacy) Bảo vệ giấy tờ và tài liệu khỏi mưa khi đi xe máy ở Hà Nội,,,P-PHAP-LY,C-GIAY-TO,,/blog/kinh nghiệm/2026/09/19/bao-ve-giay-to-khoi-mua-khi-di-xe-may/,_posts/2026-09-20-bao-ve-giay-to-khoi-mua-khi-di-xe-may.md,/blog/kinh nghiệm/2026/09/19/bao-ve-giay-to-khoi-mua-khi-di-xe-may/,,,,,legacy:_posts/2026-09-20-bao-ve-giay-to-khoi-mua-khi-di-xe-may.md
BLG-00063,EXISTING,Báo vị trí chính xác khi xe máy thuê gặp sự cố giữa đường,(legacy) Báo vị trí chính xác khi xe máy thuê gặp sự cố giữa đường,,,P-THUE-XE,C-THUE-SU-CO,,/blog/kinh nghiệm/2026/09/19/bao-vi-tri-chinh-xac-khi-xe-thue-su-co-giua-duong/,_posts/2026-09-20-bao-vi-tri-chinh-xac-khi-xe-thue-su-co-giua-duong.md,/blog/kinh nghiệm/2026/09/19/bao-vi-tri-chinh-xac-khi-xe-thue-su-co-giua-duong/,,,,,legacy:_posts/2026-09-20-bao-vi-tri-chinh-xac-khi-xe-thue-su-co-giua-duong.md
BLG-00064,EXISTING,Bị dừng kiểm tra giấy tờ khi đi xe máy thuê: nên làm gì,(legacy) Bị dừng kiểm tra giấy tờ khi đi xe máy thuê: nên làm gì,,,P-PHAP-LY,C-GIAY-TO,,/blog/kinh nghiệm/2026/09/19/bi-dung-kiem-tra-giay-to-khi-di-xe-thue/,_posts/2026-09-20-bi-dung-kiem-tra-giay-to-khi-di-xe-thue.md,/blog/kinh nghiệm/2026/09/19/bi-dung-kiem-tra-giay-to-khi-di-xe-thue/,,,,,legacy:_posts/2026-09-20-bi-dung-kiem-tra-giay-to-khi-di-xe-thue.md
BLG-00065,EXISTING,Bị kiểm tra giấy tờ khi đi xe máy thuê cần lưu ý gì,(legacy) Bị kiểm tra giấy tờ khi đi xe máy thuê cần lưu ý gì,,,P-PHAP-LY,C-GIAY-TO,,/blog/kinh nghiệm/2026/09/19/bi-kiem-tra-giay-to-khi-di-xe-thue/,_posts/2026-09-20-bi-kiem-tra-giay-to-khi-di-xe-thue.md,/blog/kinh nghiệm/2026/09/19/bi-kiem-tra-giay-to-khi-di-xe-thue/,,,,,legacy:_posts/2026-09-20-bi-kiem-tra-giay-to-khi-di-xe-thue.md
BLG-00066,EXISTING,Bị phạt nguội qua camera giữa kỳ thuê,(legacy) Bị phạt nguội qua camera giữa kỳ thuê,,,P-PHAP-LY,C-PHAT-NGUOI,,/blog/kinh nghiệm/2026/09/19/bi-phat-nguoi-qua-camera-giua-ky-thue/,_posts/2026-09-20-bi-phat-nguoi-qua-camera-giua-ky-thue.md,/blog/kinh nghiệm/2026/09/19/bi-phat-nguoi-qua-camera-giua-ky-thue/,,,,,legacy:_posts/2026-09-20-bi-phat-nguoi-qua-camera-giua-ky-thue.md
BLG-00067,EXISTING,Bị va quẹt rồi bỏ đi: xử lý từng bước,(legacy) Bị va quẹt rồi bỏ đi: xử lý từng bước,,,P-KY-NANG,C-KY-NANG-CO-BAN,,/blog/kinh nghiệm/2026/09/19/bi-va-quet-roi-bo-di-xu-ly-tung-buoc/,_posts/2026-09-20-bi-va-quet-roi-bo-di-xu-ly-tung-buoc.md,/blog/kinh nghiệm/2026/09/19/bi-va-quet-roi-bo-di-xu-ly-tung-buoc/,,,,,legacy:_posts/2026-09-20-bi-va-quet-roi-bo-di-xu-ly-tung-buoc.md
BLG-00068,EXISTING,Biển báo giao thông thường gặp khi đi trong phố,(legacy) Biển báo giao thông thường gặp khi đi trong phố,,,P-PHAP-LY,C-BIEN-BAO,,/blog/kinh nghiệm/2026/09/19/bien-bao-giao-thong-thuong-gap-khi-di-trong-pho/,_posts/2026-09-20-bien-bao-giao-thong-thuong-gap-khi-di-trong-pho.md,/blog/kinh nghiệm/2026/09/19/bien-bao-giao-thong-thuong-gap-khi-di-trong-pho/,,,,,legacy:_posts/2026-09-20-bien-bao-giao-thong-thuong-gap-khi-di-trong-pho.md
BLG-00069,EXISTING,Bộ đồ che mưa che nắng nên mang theo khi đi xe máy cả ngày,(legacy) Bộ đồ che mưa che nắng nên mang theo khi đi xe máy cả ngày,,,P-KY-NANG,C-KY-NANG-THOI-TIET,,/blog/chia sẻ/2026/09/19/bo-do-che-mua-che-nang-mang-tren-xe-ca-ngay/,_posts/2026-09-20-bo-do-che-mua-che-nang-mang-tren-xe-ca-ngay.md,/blog/chia sẻ/2026/09/19/bo-do-che-mua-che-nang-mang-tren-xe-ca-ngay/,,,,,legacy:_posts/2026-09-20-bo-do-che-mua-che-nang-mang-tren-xe-ca-ngay.md
BLG-00070,EXISTING,Bộ đồ nghề sửa xe mini nên mang theo khi thuê xe dài hạn,(legacy) Bộ đồ nghề sửa xe mini nên mang theo khi thuê xe dài hạn,,,P-THUE-XE,C-THUE-THANG,,/blog/kinh nghiệm/2026/09/19/bo-do-nghe-sua-xe-mini-khi-di-xe-thue-dai-han/,_posts/2026-09-20-bo-do-nghe-sua-xe-mini-khi-di-xe-thue-dai-han.md,/blog/kinh nghiệm/2026/09/19/bo-do-nghe-sua-xe-mini-khi-di-xe-thue-dai-han/,,,,,legacy:_posts/2026-09-20-bo-do-nghe-sua-xe-mini-khi-di-xe-thue-dai-han.md
BLG-00071,EXISTING,Bộ y tế mini nên có trên xe máy cho người đi đường nhiều,(legacy) Bộ y tế mini nên có trên xe máy cho người đi đường nhiều,,,P-KY-NANG,C-KY-NANG-TINH-HUONG,,/blog/chia sẻ/2026/09/19/bo-y-te-mini-tren-xe-may-cho-nguoi-di-duong-nhieu/,_posts/2026-09-20-bo-y-te-mini-tren-xe-may-cho-nguoi-di-duong-nhieu.md,/blog/chia sẻ/2026/09/19/bo-y-te-mini-tren-xe-may-cho-nguoi-di-duong-nhieu/,,,,,legacy:_posts/2026-09-20-bo-y-te-mini-tren-xe-may-cho-nguoi-di-duong-nhieu.md
BLG-00072,EXISTING,Buổi tối chạy xe giải tỏa đầu óc,(legacy) Buổi tối chạy xe giải tỏa đầu óc,,,P-KY-NANG,C-KY-NANG-SUC-KHOE,,/blog/chia sẻ/2026/09/19/buoi-toi-chay-xe-giai-toa-dau-oc/,_posts/2026-09-20-buoi-toi-chay-xe-giai-toa-dau-oc.md,/blog/chia sẻ/2026/09/19/buoi-toi-chay-xe-giai-toa-dau-oc/,,,,,legacy:_posts/2026-09-20-buoi-toi-chay-xe-giai-toa-dau-oc.md
BLG-00073,EXISTING,Cách đánh giá một cửa hàng cho thuê xe máy ở Hà Nội trước khi đặt,(legacy) Cách đánh giá một cửa hàng cho thuê xe máy ở Hà Nội trước khi đặt,,,P-THUE-XE,C-THUE-THU-TUC,,/blog/chia sẻ/2026/09/19/cach-danh-gia-cua-hang-cho-thue-xe-may/,_posts/2026-09-20-cach-danh-gia-cua-hang-cho-thue-xe-may.md,/blog/chia sẻ/2026/09/19/cach-danh-gia-cua-hang-cho-thue-xe-may/,,,,,legacy:_posts/2026-09-20-cach-danh-gia-cua-hang-cho-thue-xe-may.md
BLG-00074,EXISTING,Cảm giác lạng xe khi qua vùng có gió ngang,(legacy) Cảm giác lạng xe khi qua vùng có gió ngang,,,P-KY-NANG,C-KY-NANG-TINH-HUONG,,/blog/kinh nghiệm/2026/09/19/cam-giac-lang-xe-khi-di-qua-vung-co-gio-ngang/,_posts/2026-09-20-cam-giac-lang-xe-khi-di-qua-vung-co-gio-ngang.md,/blog/kinh nghiệm/2026/09/19/cam-giac-lang-xe-khi-di-qua-vung-co-gio-ngang/,,,,,legacy:_posts/2026-09-20-cam-giac-lang-xe-khi-di-qua-vung-co-gio-ngang.md
BLG-00075,EXISTING,Cảm nhận độ ăn phanh định kỳ trên xe máy thuê,(legacy) Cảm nhận độ ăn phanh định kỳ trên xe máy thuê,,,P-XE-MAY,C-BAO-DUONG,,/blog/kinh nghiệm/2026/09/19/cam-nhan-do-an-phanh-dinh-ky-tren-xe-may-thue/,_posts/2026-09-20-cam-nhan-do-an-phanh-dinh-ky-tren-xe-may-thue.md,/blog/kinh nghiệm/2026/09/19/cam-nhan-do-an-phanh-dinh-ky-tren-xe-may-thue/,,,,,legacy:_posts/2026-09-20-cam-nhan-do-an-phanh-dinh-ky-tren-xe-may-thue.md
BLG-00076,EXISTING,Cần hỗ trợ ngoài giờ hoạt động thì xử lý thế nào,(legacy) Cần hỗ trợ ngoài giờ hoạt động thì xử lý thế nào,,,P-HOI-DAP,C-HD-NGUOI-MOI,,/blog/chia sẻ/2026/09/19/can-ho-tro-ngoai-gio-hoat-dong/,_posts/2026-09-20-can-ho-tro-ngoai-gio-hoat-dong.md,/blog/chia sẻ/2026/09/19/can-ho-tro-ngoai-gio-hoat-dong/,,,,,legacy:_posts/2026-09-20-can-ho-tro-ngoai-gio-hoat-dong.md
BLG-00077,EXISTING,Cần rời Hà Nội đột ngột giữa kỳ thuê xe,(legacy) Cần rời Hà Nội đột ngột giữa kỳ thuê xe,,,P-KY-NANG,C-KY-NANG-CO-BAN,,/blog/kinh nghiệm/2026/09/19/can-roi-ha-noi-dot-xuat-giua-ky-thue-xe/,_posts/2026-09-20-can-roi-ha-noi-dot-xuat-giua-ky-thue-xe.md,/blog/kinh nghiệm/2026/09/19/can-roi-ha-noi-dot-xuat-giua-ky-thue-xe/,,,,,legacy:_posts/2026-09-20-can-roi-ha-noi-dot-xuat-giua-ky-thue-xe.md
BLG-00078,EXISTING,"Cận thị, kính và việc nhìn rõ khi đi xe máy","(legacy) Cận thị, kính và việc nhìn rõ khi đi xe máy",,,P-KY-NANG,C-KY-NANG-SUC-KHOE,,/blog/kinh nghiệm/2026/09/19/can-thi-kinh-can-va-thi-giac-khi-di-xe-may/,_posts/2026-09-20-can-thi-kinh-can-va-thi-giac-khi-di-xe-may.md,/blog/kinh nghiệm/2026/09/19/can-thi-kinh-can-va-thi-giac-khi-di-xe-may/,,,,,legacy:_posts/2026-09-20-can-thi-kinh-can-va-thi-giac-khi-di-xe-may.md
BLG-00079,EXISTING,Cấn xe trước 9 giờ sáng: nhận xe sớm như thế nào,(legacy) Cấn xe trước 9 giờ sáng: nhận xe sớm như thế nào,,,P-HOI-DAP,C-HD-NGUOI-MOI,,/blog/chia sẻ/2026/09/19/can-xe-truoc-9-gio-sang/,_posts/2026-09-20-can-xe-truoc-9-gio-sang.md,/blog/chia sẻ/2026/09/19/can-xe-truoc-9-gio-sang/,,,,,legacy:_posts/2026-09-20-can-xe-truoc-9-gio-sang.md
BLG-00080,EXISTING,Học sinh trung học đi xe máy tới trường,(legacy) Học sinh trung học đi xe máy tới trường,,,P-KY-NANG,C-KY-NANG-SUC-KHOE,,/blog/chia sẻ/2026/09/19/cau-be-trung-hoc-di-xe-may-toan-truong/,_posts/2026-09-20-cau-be-trung-hoc-di-xe-may-toan-truong.md,/blog/chia sẻ/2026/09/19/cau-be-trung-hoc-di-xe-may-toan-truong/,,,,,legacy:_posts/2026-09-20-cau-be-trung-hoc-di-xe-may-toan-truong.md
BLG-00081,EXISTING,Câu hỏi thường gặp khi thuê xe máy ở Hà Nội: giải đáp từ giấy tờ đến trả xe,(legacy) Câu hỏi thường gặp khi thuê xe máy ở Hà Nội: giải đáp từ giấy tờ đến trả xe,,,P-THUE-XE,C-THUE-THU-TUC,,/blog/chia sẻ/2026/09/19/cau-hoi-thuong-gap-khi-thue-xe-may-o-ha-noi/,_posts/2026-09-20-cau-hoi-thuong-gap-khi-thue-xe-may-o-ha-noi.md,/blog/chia sẻ/2026/09/19/cau-hoi-thuong-gap-khi-thue-xe-may-o-ha-noi/,,,,,legacy:_posts/2026-09-20-cau-hoi-thuong-gap-khi-thue-xe-may-o-ha-noi.md
BLG-00082,EXISTING,Chăm sóc xe máy thuê sau những chuyến đi mưa,(legacy) Chăm sóc xe máy thuê sau những chuyến đi mưa,,,P-XE-MAY,C-BAO-DUONG,,/blog/kinh nghiệm/2026/09/19/cham-soc-xe-thue-sau-khi-di-mua/,_posts/2026-09-20-cham-soc-xe-thue-sau-khi-di-mua.md,/blog/kinh nghiệm/2026/09/19/cham-soc-xe-thue-sau-khi-di-mua/,,,,,legacy:_posts/2026-09-20-cham-soc-xe-thue-sau-khi-di-mua.md
BLG-00083,EXISTING,Chạy phố ngắm đèn Tết bằng xe máy,(legacy) Chạy phố ngắm đèn Tết bằng xe máy,,,P-KY-NANG,C-KY-NANG-THOI-TIET,,/blog/chia sẻ/2026/09/19/chay-pho-ngam-den-tet/,_posts/2026-09-20-chay-pho-ngam-den-tet.md,/blog/chia sẻ/2026/09/19/chay-pho-ngam-den-tet/,,,,,legacy:_posts/2026-09-20-chay-pho-ngam-den-tet.md
BLG-00084,EXISTING,Chạy thử tuyến mới trước ngày đầu tiên dùng xe máy thuê,(legacy) Chạy thử tuyến mới trước ngày đầu tiên dùng xe máy thuê,,,P-KY-NANG,C-KY-NANG-TINH-HUONG,,/blog/kinh nghiệm/2026/09/19/chay-thu-tuyen-moi-truoc-ngay-dau-tien/,_posts/2026-09-20-chay-thu-tuyen-moi-truoc-ngay-dau-tien.md,/blog/kinh nghiệm/2026/09/19/chay-thu-tuyen-moi-truoc-ngay-dau-tien/,,,,,legacy:_posts/2026-09-20-chay-thu-tuyen-moi-truoc-ngay-dau-tien.md
BLG-00085,EXISTING,Chạy xe chiều tối mùa đông lạnh buốt,(legacy) Chạy xe chiều tối mùa đông lạnh buốt,,,P-KY-NANG,C-KY-NANG-THOI-TIET,,/blog/kinh nghiệm/2026/09/19/chay-xe-chieu-toi-mua-dong-lanh-buot/,_posts/2026-09-20-chay-xe-chieu-toi-mua-dong-lanh-buot.md,/blog/kinh nghiệm/2026/09/19/chay-xe-chieu-toi-mua-dong-lanh-buot/,,,,,legacy:_posts/2026-09-20-chay-xe-chieu-toi-mua-dong-lanh-buot.md
BLG-00086,EXISTING,Chạy xe đúng chỗ ở đoạn chen làn xe dừng,(legacy) Chạy xe đúng chỗ ở đoạn chen làn xe dừng,,,P-KY-NANG,C-KY-NANG-TINH-HUONG,,/blog/kinh nghiệm/2026/09/19/chay-xe-dung-o-do-chen-lan-xe-dung/,_posts/2026-09-20-chay-xe-dung-o-do-chen-lan-xe-dung.md,/blog/kinh nghiệm/2026/09/19/chay-xe-dung-o-do-chen-lan-xe-dung/,,,,,legacy:_posts/2026-09-20-chay-xe-dung-o-do-chen-lan-xe-dung.md
BLG-00087,EXISTING,Chạy xe đường làng đường trơn khu vực mới mở,(legacy) Chạy xe đường làng đường trơn khu vực mới mở,,,P-KY-NANG,C-KY-NANG-TINH-HUONG,,/blog/kinh nghiệm/2026/09/19/chay-xe-duong-lang-duong-trong-khu-vuc-moi/,_posts/2026-09-20-chay-xe-duong-lang-duong-trong-khu-vuc-moi.md,/blog/kinh nghiệm/2026/09/19/chay-xe-duong-lang-duong-trong-khu-vuc-moi/,,,,,legacy:_posts/2026-09-20-chay-xe-duong-lang-duong-trong-khu-vuc-moi.md
BLG-00088,EXISTING,Chạy xe giữa cơn bão lớn mùa hè,(legacy) Chạy xe giữa cơn bão lớn mùa hè,,,P-KY-NANG,C-KY-NANG-THOI-TIET,,/blog/kinh nghiệm/2026/09/19/chay-xe-giua-cong-bao-lon-mua-he/,_posts/2026-09-20-chay-xe-giua-cong-bao-lon-mua-he.md,/blog/kinh nghiệm/2026/09/19/chay-xe-giua-cong-bao-lon-mua-he/,,,,,legacy:_posts/2026-09-20-chay-xe-giua-cong-bao-lon-mua-he.md
BLG-00089,EXISTING,Chạy xe khi đến hạn nhớt sắp đến,(legacy) Chạy xe khi đến hạn nhớt sắp đến,,,P-XE-MAY,C-BAO-DUONG,,/blog/kinh nghiệm/2026/09/19/chay-xe-khi-dau-nhot-bao-ky-han/,_posts/2026-09-20-chay-xe-khi-dau-nhot-bao-ky-han.md,/blog/kinh nghiệm/2026/09/19/chay-xe-khi-dau-nhot-bao-ky-han/,,,,,legacy:_posts/2026-09-20-chay-xe-khi-dau-nhot-bao-ky-han.md
BLG-00090,EXISTING,Chạy xe máy trên đường dốc và cầu vượt ở Hà Nội: kỹ năng cần tập,(legacy) Chạy xe máy trên đường dốc và cầu vượt ở Hà Nội: kỹ năng cần tập,,,P-KY-NANG,C-KY-NANG-TINH-HUONG,,/blog/kinh nghiệm/2026/09/19/chay-xe-may-tren-duong-doc-va-cau-vuot/,_posts/2026-09-20-chay-xe-may-tren-duong-doc-va-cau-vuot.md,/blog/kinh nghiệm/2026/09/19/chay-xe-may-tren-duong-doc-va-cau-vuot/,,,,,legacy:_posts/2026-09-20-chay-xe-may-tren-duong-doc-va-cau-vuot.md
BLG-00091,EXISTING,Chạy xe ôm công nghệ thời vụ bằng xe thuê,(legacy) Chạy xe ôm công nghệ thời vụ bằng xe thuê,,,P-PHAP-LY,C-QUY-DINH,,/blog/kinh nghiệm/2026/09/19/chay-xe-om-cong-nghe-thoi-vu-bang-xe-thue/,_posts/2026-09-20-chay-xe-om-cong-nghe-thoi-vu-bang-xe-thue.md,/blog/kinh nghiệm/2026/09/19/chay-xe-om-cong-nghe-thoi-vu-bang-xe-thue/,,,,,legacy:_posts/2026-09-20-chay-xe-om-cong-nghe-thoi-vu-bang-xe-thue.md
BLG-00092,EXISTING,Chạy xe qua cầu vòng kính Hà Nội ban đêm,(legacy) Chạy xe qua cầu vòng kính Hà Nội ban đêm,,,P-KY-NANG,C-KY-NANG-TINH-HUONG,,/blog/kinh nghiệm/2026/09/19/chay-xe-qua-cau-vong-kinh-ha-noi-ban-dem/,_posts/2026-09-20-chay-xe-qua-cau-vong-kinh-ha-noi-ban-dem.md,/blog/kinh nghiệm/2026/09/19/chay-xe-qua-cau-vong-kinh-ha-noi-ban-dem/,,,,,legacy:_posts/2026-09-20-chay-xe-qua-cau-vong-kinh-ha-noi-ban-dem.md
BLG-00093,EXISTING,Chạy xe qua đoạn đường đang sửa và cách né tránh,(legacy) Chạy xe qua đoạn đường đang sửa và cách né tránh,,,P-KY-NANG,C-KY-NANG-TINH-HUONG,,/blog/kinh nghiệm/2026/09/19/chay-xe-qua-do-duong-dang-sua-ne-tranh/,_posts/2026-09-20-chay-xe-qua-do-duong-dang-sua-ne-tranh.md,/blog/kinh nghiệm/2026/09/19/chay-xe-qua-do-duong-dang-sua-ne-tranh/,,,,,legacy:_posts/2026-09-20-chay-xe-qua-do-duong-dang-sua-ne-tranh.md
BLG-00094,EXISTING,Chạy xe sáng sớm có vàng sương,(legacy) Chạy xe sáng sớm có vàng sương,,,P-KY-NANG,C-KY-NANG-THOI-TIET,,/blog/kinh nghiệm/2026/09/19/chay-xe-sang-som-co-vang-suong/,_posts/2026-09-20-chay-xe-sang-som-co-vang-suong.md,/blog/kinh nghiệm/2026/09/19/chay-xe-sang-som-co-vang-suong/,,,,,legacy:_posts/2026-09-20-chay-xe-sang-som-co-vang-suong.md
BLG-00095,EXISTING,"Chạy xe sáng sớm quanh hồ, né dòng người tập thể dục","(legacy) Chạy xe sáng sớm quanh hồ, né dòng người tập thể dục",,,P-KY-NANG,C-KY-NANG-SUC-KHOE,,/blog/kinh nghiệm/2026/09/19/chay-xe-sang-som-quanh-ho-ne-dong-nguoi-tap-the-duc/,_posts/2026-09-20-chay-xe-sang-som-quanh-ho-ne-dong-nguoi-tap-the-duc.md,/blog/kinh nghiệm/2026/09/19/chay-xe-sang-som-quanh-ho-ne-dong-nguoi-tap-the-duc/,,,,,legacy:_posts/2026-09-20-chay-xe-sang-som-quanh-ho-ne-dong-nguoi-tap-the-duc.md
BLG-00096,EXISTING,Chạy xe sáng sớm về làng nghề vùng ven Hà Nội,(legacy) Chạy xe sáng sớm về làng nghề vùng ven Hà Nội,,,P-KY-NANG,C-KY-NANG-TINH-HUONG,,/blog/du lịch/2026/09/19/chay-xe-sang-som-ve-lang-nghe-vung-ven-ha-noi/,_posts/2026-09-20-chay-xe-sang-som-ve-lang-nghe-vung-ven-ha-noi.md,/blog/du lịch/2026/09/19/chay-xe-sang-som-ve-lang-nghe-vung-ven-ha-noi/,,,,,legacy:_posts/2026-09-20-chay-xe-sang-som-ve-lang-nghe-vung-ven-ha-noi.md
BLG-00097,EXISTING,Chạy xe sáng tới chợ đầu mối mua rau sỉ,(legacy) Chạy xe sáng tới chợ đầu mối mua rau sỉ,,,P-KY-NANG,C-KY-NANG-THOI-TIET,,/blog/kinh nghiệm/2026/09/19/chay-xe-sang-toi-cho-dau-moi-mua-ra-si/,_posts/2026-09-20-chay-xe-sang-toi-cho-dau-moi-mua-ra-si.md,/blog/kinh nghiệm/2026/09/19/chay-xe-sang-toi-cho-dau-moi-mua-ra-si/,,,,,legacy:_posts/2026-09-20-chay-xe-sang-toi-cho-dau-moi-mua-ra-si.md
BLG-00098,EXISTING,Chạy xe tới chợ hoa Tết ở Hà Nội,(legacy) Chạy xe tới chợ hoa Tết ở Hà Nội,,,P-KY-NANG,C-KY-NANG-CHO-DO,,/blog/du lịch/2026/09/19/chay-xe-toi-cho-hoa-tet-o-ha-noi/,_posts/2026-09-20-chay-xe-toi-cho-hoa-tet-o-ha-noi.md,/blog/du lịch/2026/09/19/chay-xe-toi-cho-hoa-tet-o-ha-noi/,,,,,legacy:_posts/2026-09-20-chay-xe-toi-cho-hoa-tet-o-ha-noi.md
BLG-00099,EXISTING,Chạy xe trên đường đá dăm và sỏi,(legacy) Chạy xe trên đường đá dăm và sỏi,,,P-KY-NANG,C-KY-NANG-TINH-HUONG,,/blog/kinh nghiệm/2026/09/19/chay-xe-tren-duong-da-dam-soi/,_posts/2026-09-20-chay-xe-tren-duong-da-dam-soi.md,/blog/kinh nghiệm/2026/09/19/chay-xe-tren-duong-da-dam-soi/,,,,,legacy:_posts/2026-09-20-chay-xe-tren-duong-da-dam-soi.md
BLG-00100,EXISTING,Ngày trả xe máy thuê: danh sách việc cần làm cho buổi tất toán,(legacy) Ngày trả xe máy thuê: danh sách việc cần làm cho buổi tất toán,,,P-THUE-XE,C-THUE-NHAN-TRA,,/blog/kinh nghiệm/2026/09/19/checklist-ngay-tra-xe-may-thue/,_posts/2026-09-20-checklist-ngay-tra-xe-may-thue.md,/blog/kinh nghiệm/2026/09/19/checklist-ngay-tra-xe-may-thue/,,,,,legacy:_posts/2026-09-20-checklist-ngay-tra-xe-may-thue.md
BLG-00101,EXISTING,"Kiểm tra khi nhận xe máy điện thuê: pin, sạc và đèn báo","(legacy) Kiểm tra khi nhận xe máy điện thuê: pin, sạc và đèn báo",,,P-THUE-XE,C-THUE-NHAN-TRA,,/blog/kinh nghiệm/2026/09/19/checklist-nhan-xe-may-dien-thue/,_posts/2026-09-20-checklist-nhan-xe-may-dien-thue.md,/blog/kinh nghiệm/2026/09/19/checklist-nhan-xe-may-dien-thue/,,,,,legacy:_posts/2026-09-20-checklist-nhan-xe-may-dien-thue.md
BLG-00102,EXISTING,Chi phí thuê xe máy ở Hà Nội nhìn tổng thể: tính đủ mọi khoản trước khi đặt cọc,(legacy) Chi phí thuê xe máy ở Hà Nội nhìn tổng thể: tính đủ mọi khoản trước khi đặt cọc,,,P-THUE-XE,C-THUE-GIA,,/blog/kinh nghiệm/2026/09/19/chi-phi-thue-xe-may-o-ha-noi-toan-canh/,_posts/2026-09-20-chi-phi-thue-xe-may-o-ha-noi-toan-canh.md,/blog/kinh nghiệm/2026/09/19/chi-phi-thue-xe-may-o-ha-noi-toan-canh/,,,,,legacy:_posts/2026-09-20-chi-phi-thue-xe-may-o-ha-noi-toan-canh.md
BLG-00103,EXISTING,Chia làn với xe đạp và xe đạp điện trên đường,(legacy) Chia làn với xe đạp và xe đạp điện trên đường,,,P-XE-MAY,C-XE-DIEN,,/blog/kinh nghiệm/2026/09/19/chia-lan-voi-xe-dap-xe-dien/,_posts/2026-09-20-chia-lan-voi-xe-dap-xe-dien.md,/blog/kinh nghiệm/2026/09/19/chia-lan-voi-xe-dap-xe-dien/,,,,,legacy:_posts/2026-09-20-chia-lan-voi-xe-dap-xe-dien.md
BLG-00104,EXISTING,Chia sẻ vị trí với người thân khi đi khuya,(legacy) Chia sẻ vị trí với người thân khi đi khuya,,,P-HOI-DAP,C-HD-NGUOI-MOI,,/blog/chia sẻ/2026/09/19/chia-se-vi-tri-voi-nguoi-than-khi-di-khuya/,_posts/2026-09-20-chia-se-vi-tri-voi-nguoi-than-khi-di-khuya.md,/blog/chia sẻ/2026/09/19/chia-se-vi-tri-voi-nguoi-than-khi-di-khuya/,,,,,legacy:_posts/2026-09-20-chia-se-vi-tri-voi-nguoi-than-khi-di-khuya.md
BLG-00105,EXISTING,Đi xe máy giờ cao điểm ở Hà Nội: chiến lược thời gian và tuyến đường,(legacy) Đi xe máy giờ cao điểm ở Hà Nội: chiến lược thời gian và tuyến đường,,,P-KY-NANG,C-KY-NANG-TINH-HUONG,,/blog/kinh nghiệm/2026/09/19/chien-luoc-di-xe-gio-cao-diem-ha-noi/,_posts/2026-09-20-chien-luoc-di-xe-gio-cao-diem-ha-noi.md,/blog/kinh nghiệm/2026/09/19/chien-luoc-di-xe-gio-cao-diem-ha-noi/,,,,,legacy:_posts/2026-09-20-chien-luoc-di-xe-gio-cao-diem-ha-noi.md
BLG-00106,EXISTING,Chỉnh gương chiếu hậu xe máy đúng cách cho người thuê xe,(legacy) Chỉnh gương chiếu hậu xe máy đúng cách cho người thuê xe,,,P-KY-NANG,C-KY-NANG-TINH-HUONG,,/blog/kinh nghiệm/2026/09/19/chinh-guong-chieu-hau-xe-may-dung-cach/,_posts/2026-09-20-chinh-guong-chieu-hau-xe-may-dung-cach.md,/blog/kinh nghiệm/2026/09/19/chinh-guong-chieu-hau-xe-may-dung-cach/,,,,,legacy:_posts/2026-09-20-chinh-guong-chieu-hau-xe-may-dung-cach.md
BLG-00107,EXISTING,Chở bánh kẹo đi hội làng,(legacy) Chở bánh kẹo đi hội làng,,,P-DU-LICH,C-NGOAI-THANH,,/blog/chia sẻ/2026/09/19/cho-banh-keo-dai-hoi-lang-xom/,_posts/2026-09-20-cho-banh-keo-dai-hoi-lang-xom.md,/blog/chia sẻ/2026/09/19/cho-banh-keo-dai-hoi-lang-xom/,,,,,legacy:_posts/2026-09-20-cho-banh-keo-dai-hoi-lang-xom.md
BLG-00108,EXISTING,Chở bình nước lớn trên xe máy an toàn,(legacy) Chở bình nước lớn trên xe máy an toàn,,,P-KY-NANG,C-KY-NANG-CHO-DO,,/blog/kinh nghiệm/2026/09/19/cho-binh-nuoc-lon-tren-xe-may/,_posts/2026-09-20-cho-binh-nuoc-lon-tren-xe-may.md,/blog/kinh nghiệm/2026/09/19/cho-binh-nuoc-lon-tren-xe-may/,,,,,legacy:_posts/2026-09-20-cho-binh-nuoc-lon-tren-xe-may.md
BLG-00109,EXISTING,Chở cây cảnh nhỏ mua ở vườn,(legacy) Chở cây cảnh nhỏ mua ở vườn,,,P-KY-NANG,C-KY-NANG-CHO-DO,,/blog/kinh nghiệm/2026/09/19/cho-cay-canh-nho-mua-vuon/,_posts/2026-09-20-cho-cay-canh-nho-mua-vuon.md,/blog/kinh nghiệm/2026/09/19/cho-cay-canh-nho-mua-vuon/,,,,,legacy:_posts/2026-09-20-cho-cay-canh-nho-mua-vuon.md
BLG-00110,EXISTING,Chó chạy theo xe: xử lý thế nào,(legacy) Chó chạy theo xe: xử lý thế nào,,,P-KY-NANG,C-KY-NANG-TINH-HUONG,,/blog/kinh nghiệm/2026/09/19/cho-chay-theo-xe-xu-ly-the-nao/,_posts/2026-09-20-cho-chay-theo-xe-xu-ly-the-nao.md,/blog/kinh nghiệm/2026/09/19/cho-chay-theo-xe-xu-ly-the-nao/,,,,,legacy:_posts/2026-09-20-cho-chay-theo-xe-xu-ly-the-nao.md
BLG-00111,EXISTING,Chở đồ ăn thức uống trên xe máy thuê mà không đổ vỡ,(legacy) Chở đồ ăn thức uống trên xe máy thuê mà không đổ vỡ,,,P-KY-NANG,C-KY-NANG-CHO-DO,,/blog/kinh nghiệm/2026/09/19/cho-do-an-thuc-uong-khong-do-vang/,_posts/2026-09-20-cho-do-an-thuc-uong-khong-do-vang.md,/blog/kinh nghiệm/2026/09/19/cho-do-an-thuc-uong-khong-do-vang/,,,,,legacy:_posts/2026-09-20-cho-do-an-thuc-uong-khong-do-vang.md
BLG-00112,EXISTING,Chở đồ đi cắm trại picnic bằng xe máy,(legacy) Chở đồ đi cắm trại picnic bằng xe máy,,,P-KY-NANG,C-KY-NANG-CHO-DO,,/blog/du lịch/2026/09/19/cho-do-di-cam-trai-picnic/,_posts/2026-09-20-cho-do-di-cam-trai-picnic.md,/blog/du lịch/2026/09/19/cho-do-di-cam-trai-picnic/,,,,,legacy:_posts/2026-09-20-cho-do-di-cam-trai-picnic.md
BLG-00113,EXISTING,Chở đồ đi chợ và mua sắm an toàn bằng xe máy thuê,(legacy) Chở đồ đi chợ và mua sắm an toàn bằng xe máy thuê,,,P-THUE-XE,C-THUE-NGAY,,/blog/kinh nghiệm/2026/09/19/cho-do-di-cho-va-mua-sam-bang-xe-thue/,_posts/2026-09-20-cho-do-di-cho-va-mua-sam-bang-xe-thue.md,/blog/kinh nghiệm/2026/09/19/cho-do-di-cho-va-mua-sam-bang-xe-thue/,,,,,legacy:_posts/2026-09-20-cho-do-di-cho-va-mua-sam-bang-xe-thue.md
BLG-00114,EXISTING,Chở đồ đi tập thể thao trên xe máy gọn gàng,(legacy) Chở đồ đi tập thể thao trên xe máy gọn gàng,,,P-KY-NANG,C-KY-NANG-CHO-DO,,/blog/kinh nghiệm/2026/09/19/cho-do-di-tap-the-thao/,_posts/2026-09-20-cho-do-di-tap-the-thao.md,/blog/kinh nghiệm/2026/09/19/cho-do-di-tap-the-thao/,,,,,legacy:_posts/2026-09-20-cho-do-di-tap-the-thao.md
BLG-00115,EXISTING,Chở đồ điện tử gia dụng dễ vỡ,(legacy) Chở đồ điện tử gia dụng dễ vỡ,,,P-KY-NANG,C-KY-NANG-CHO-DO,,/blog/kinh nghiệm/2026/09/19/cho-do-dien-tu-gia-dung-kho-vo/,_posts/2026-09-20-cho-do-dien-tu-gia-dung-kho-vo.md,/blog/kinh nghiệm/2026/09/19/cho-do-dien-tu-gia-dung-kho-vo/,,,,,legacy:_posts/2026-09-20-cho-do-dien-tu-gia-dung-kho-vo.md
BLG-00116,EXISTING,Chở đồ dùng cho em bé trên xe máy: sắp xếp gọn và an toàn,(legacy) Chở đồ dùng cho em bé trên xe máy: sắp xếp gọn và an toàn,,,P-KY-NANG,C-KY-NANG-CHO-DO,,/blog/kinh nghiệm/2026/09/19/cho-do-dung-cho-em-be-tren-xe-may/,_posts/2026-09-20-cho-do-dung-cho-em-be-tren-xe-may.md,/blog/kinh nghiệm/2026/09/19/cho-do-dung-cho-em-be-tren-xe-may/,,,,,legacy:_posts/2026-09-20-cho-do-dung-cho-em-be-tren-xe-may.md
BLG-00117,EXISTING,Chở đồ hình trụ và đồ dễ lăn trên xe máy,(legacy) Chở đồ hình trụ và đồ dễ lăn trên xe máy,,,P-KY-NANG,C-KY-NANG-CHO-DO,,/blog/kinh nghiệm/2026/09/19/cho-do-hinh-tru-va-do-de-lan-tren-xe-may/,_posts/2026-09-20-cho-do-hinh-tru-va-do-de-lan-tren-xe-may.md,/blog/kinh nghiệm/2026/09/19/cho-do-hinh-tru-va-do-de-lan-tren-xe-may/,,,,,legacy:_posts/2026-09-20-cho-do-hinh-tru-va-do-de-lan-tren-xe-may.md
BLG-00118,EXISTING,Chở nội thất nhỏ trên xe máy,(legacy) Chở nội thất nhỏ trên xe máy,,,P-KY-NANG,C-KY-NANG-CHO-DO,,/blog/kinh nghiệm/2026/09/19/cho-do-noi-that-nho-tren-xe-may/,_posts/2026-09-20-cho-do-noi-that-nho-tren-xe-may.md,/blog/kinh nghiệm/2026/09/19/cho-do-noi-that-nho-tren-xe-may/,,,,,legacy:_posts/2026-09-20-cho-do-noi-that-nho-tren-xe-may.md
BLG-00119,EXISTING,Chở đồ tiếp tế cho gia đình có em bé mới sinh,(legacy) Chở đồ tiếp tế cho gia đình có em bé mới sinh,,,P-KY-NANG,C-KY-NANG-CHO-DO,,/blog/chia sẻ/2026/09/19/cho-do-tiep-te-cho-gia-dinh-co-em-be-moi-sinh/,_posts/2026-09-20-cho-do-tiep-te-cho-gia-dinh-co-em-be-moi-sinh.md,/blog/chia sẻ/2026/09/19/cho-do-tiep-te-cho-gia-dinh-co-em-be-moi-sinh/,,,,,legacy:_posts/2026-09-20-cho-do-tiep-te-cho-gia-dinh-co-em-be-moi-sinh.md
BLG-00120,EXISTING,Chở dụng cụ làm việc trên xe máy thuê: nguyên tắc an toàn,(legacy) Chở dụng cụ làm việc trên xe máy thuê: nguyên tắc an toàn,,,P-KY-NANG,C-KY-NANG-CO-BAN,,/blog/kinh nghiệm/2026/09/19/cho-dung-cu-lam-viec-tren-xe-may-thue/,_posts/2026-09-20-cho-dung-cu-lam-viec-tren-xe-may-thue.md,/blog/kinh nghiệm/2026/09/19/cho-dung-cu-lam-viec-tren-xe-may-thue/,,,,,legacy:_posts/2026-09-20-cho-dung-cu-lam-viec-tren-xe-may-thue.md
BLG-00121,EXISTING,"Chở hành lý vali trên xe máy thuê khi chuyển chỗ, ra ga","(legacy) Chở hành lý vali trên xe máy thuê khi chuyển chỗ, ra ga",,,P-KY-NANG,C-KY-NANG-CHO-DO,,/blog/kinh nghiệm/2026/09/19/cho-hanh-ly-vali-tren-xe-may-thue/,_posts/2026-09-20-cho-hanh-ly-vali-tren-xe-may-thue.md,/blog/kinh nghiệm/2026/09/19/cho-hanh-ly-vali-tren-xe-may-thue/,,,,,legacy:_posts/2026-09-20-cho-hanh-ly-vali-tren-xe-may-thue.md
BLG-00122,EXISTING,Chở hoa và cây cảnh trên xe máy sao cho an toàn,(legacy) Chở hoa và cây cảnh trên xe máy sao cho an toàn,,,P-KY-NANG,C-KY-NANG-CHO-DO,,/blog/kinh nghiệm/2026/09/19/cho-hoa-va-cay-canh-tren-xe-may/,_posts/2026-09-20-cho-hoa-va-cay-canh-tren-xe-may.md,/blog/kinh nghiệm/2026/09/19/cho-hoa-va-cay-canh-tren-xe-may/,,,,,legacy:_posts/2026-09-20-cho-hoa-va-cay-canh-tren-xe-may.md
BLG-00123,EXISTING,Chở hộp quà lễ cưới trên xe máy,(legacy) Chở hộp quà lễ cưới trên xe máy,,,P-KY-NANG,C-KY-NANG-THOI-TIET,,/blog/kinh nghiệm/2026/09/19/cho-hop-qua-le-cuoi-tren-xe-may/,_posts/2026-09-20-cho-hop-qua-le-cuoi-tren-xe-may.md,/blog/kinh nghiệm/2026/09/19/cho-hop-qua-le-cuoi-tren-xe-may/,,,,,legacy:_posts/2026-09-20-cho-hop-qua-le-cuoi-tren-xe-may.md
BLG-00124,EXISTING,Chở laptop an toàn trên xe máy thuê ở Hà Nội,(legacy) Chở laptop an toàn trên xe máy thuê ở Hà Nội,,,P-KY-NANG,C-KY-NANG-CHO-DO,,/blog/kinh nghiệm/2026/09/19/cho-laptop-an-toan-tren-xe-may-thue/,_posts/2026-09-20-cho-laptop-an-toan-tren-xe-may-thue.md,/blog/kinh nghiệm/2026/09/19/cho-laptop-an-toan-tren-xe-may-thue/,,,,,legacy:_posts/2026-09-20-cho-laptop-an-toan-tren-xe-may-thue.md
BLG-00125,EXISTING,Chở lồng chim đi dạo sáng ở Hà Nội,(legacy) Chở lồng chim đi dạo sáng ở Hà Nội,,,P-HOI-DAP,C-HD-NGUOI-MOI,,/blog/chia sẻ/2026/09/19/cho-long-chim-di-dao-sang/,_posts/2026-09-20-cho-long-chim-di-dao-sang.md,/blog/chia sẻ/2026/09/19/cho-long-chim-di-dao-sang/,,,,,legacy:_posts/2026-09-20-cho-long-chim-di-dao-sang.md
BLG-00126,EXISTING,Chở máy ảnh và thiết bị quay phim an toàn trên xe máy,(legacy) Chở máy ảnh và thiết bị quay phim an toàn trên xe máy,,,P-KY-NANG,C-KY-NANG-CHO-DO,,/blog/kinh nghiệm/2026/09/19/cho-may-anh-thiet-bi-quay-phim-tren-xe-may/,_posts/2026-09-20-cho-may-anh-thiet-bi-quay-phim-tren-xe-may.md,/blog/kinh nghiệm/2026/09/19/cho-may-anh-thiet-bi-quay-phim-tren-xe-may/,,,,,legacy:_posts/2026-09-20-cho-may-anh-thiet-bi-quay-phim-tren-xe-may.md
BLG-00127,EXISTING,Cho người khác mượn xe máy thuê: trách nhiệm nằm ở đâu,(legacy) Cho người khác mượn xe máy thuê: trách nhiệm nằm ở đâu,,,P-KY-NANG,C-KY-NANG-TINH-HUONG,,/blog/kinh nghiệm/2026/09/19/cho-nguoi-khac-muon-xe-thue-trach-nhiem/,_posts/2026-09-20-cho-nguoi-khac-muon-xe-thue-trach-nhiem.md,/blog/kinh nghiệm/2026/09/19/cho-nguoi-khac-muon-xe-thue-trach-nhiem/,,,,,legacy:_posts/2026-09-20-cho-nguoi-khac-muon-xe-thue-trach-nhiem.md
BLG-00128,EXISTING,Chở người lớn tuổi đi khám bệnh định kỳ,(legacy) Chở người lớn tuổi đi khám bệnh định kỳ,,,P-KY-NANG,C-KY-NANG-SUC-KHOE,,/blog/chia sẻ/2026/09/19/cho-nguoi-lon-tuoi-di-kham-benh-dinh-ky/,_posts/2026-09-20-cho-nguoi-lon-tuoi-di-kham-benh-dinh-ky.md,/blog/chia sẻ/2026/09/19/cho-nguoi-lon-tuoi-di-kham-benh-dinh-ky/,,,,,legacy:_posts/2026-09-20-cho-nguoi-lon-tuoi-di-kham-benh-dinh-ky.md
BLG-00129,EXISTING,Chở người lớn tuổi ngồi sau xe máy: những điều cần để ý,(legacy) Chở người lớn tuổi ngồi sau xe máy: những điều cần để ý,,,P-KY-NANG,C-KY-NANG-SUC-KHOE,,/blog/chia sẻ/2026/09/19/cho-nguoi-lon-tuoi-ngoi-sau-xe-may/,_posts/2026-09-20-cho-nguoi-lon-tuoi-ngoi-sau-xe-may.md,/blog/chia sẻ/2026/09/19/cho-nguoi-lon-tuoi-ngoi-sau-xe-may/,,,,,legacy:_posts/2026-09-20-cho-nguoi-lon-tuoi-ngoi-sau-xe-may.md
BLG-00130,EXISTING,Chở quá tải trên xe thuê: giới hạn thực tế ở đâu,(legacy) Chở quá tải trên xe thuê: giới hạn thực tế ở đâu,,,P-KY-NANG,C-KY-NANG-CHO-DO,,/blog/kinh nghiệm/2026/09/19/cho-qua-tai-tren-xe-thue/,_posts/2026-09-20-cho-qua-tai-tren-xe-thue.md,/blog/kinh nghiệm/2026/09/19/cho-qua-tai-tren-xe-thue/,,,,,legacy:_posts/2026-09-20-cho-qua-tai-tren-xe-thue.md
BLG-00131,EXISTING,Chở thú cưng trên xe máy: an toàn cho cả hai,(legacy) Chở thú cưng trên xe máy: an toàn cho cả hai,,,P-KY-NANG,C-KY-NANG-CHO-DO,,/blog/chia sẻ/2026/09/19/cho-thu-cung-tren-xe-may-an-toan-cho-ca-hai/,_posts/2026-09-20-cho-thu-cung-tren-xe-may-an-toan-cho-ca-hai.md,/blog/chia sẻ/2026/09/19/cho-thu-cung-tren-xe-may-an-toan-cho-ca-hai/,,,,,legacy:_posts/2026-09-20-cho-thu-cung-tren-xe-may-an-toan-cho-ca-hai.md
BLG-00132,EXISTING,Cho trẻ em đi trên xe máy thuê ở Hà Nội: lưu ý an toàn dành cho phụ huynh,(legacy) Cho trẻ em đi trên xe máy thuê ở Hà Nội: lưu ý an toàn dành cho phụ huynh,,,P-KY-NANG,C-KY-NANG-TINH-HUONG,,/blog/chia sẻ/2026/09/19/cho-tre-em-di-xe-may-thue-o-ha-noi/,_posts/2026-09-20-cho-tre-em-di-xe-may-thue-o-ha-noi.md,/blog/chia sẻ/2026/09/19/cho-tre-em-di-xe-may-thue-o-ha-noi/,,,,,legacy:_posts/2026-09-20-cho-tre-em-di-xe-may-thue-o-ha-noi.md
BLG-00133,EXISTING,Chở trẻ mới lớn đủ tuổi ngồi sau lần đầu,(legacy) Chở trẻ mới lớn đủ tuổi ngồi sau lần đầu,,,P-KY-NANG,C-KY-NANG-SUC-KHOE,,/blog/chia sẻ/2026/09/19/cho-tre-moi-lon-du-tuoi-ngoi-sau-lan-dau/,_posts/2026-09-20-cho-tre-moi-lon-du-tuoi-ngoi-sau-lan-dau.md,/blog/chia sẻ/2026/09/19/cho-tre-moi-lon-du-tuoi-ngoi-sau-lan-dau/,,,,,legacy:_posts/2026-09-20-cho-tre-moi-lon-du-tuoi-ngoi-sau-lan-dau.md
BLG-00134,EXISTING,Trú tạm ở đâu khi mưa lớn đang giữa đường,(legacy) Trú tạm ở đâu khi mưa lớn đang giữa đường,,,P-KY-NANG,C-KY-NANG-THOI-TIET,,/blog/kinh nghiệm/2026/09/19/cho-tru-tam-khi-mua-lon-dang-giua-duong/,_posts/2026-09-20-cho-tru-tam-khi-mua-lon-dang-giua-duong.md,/blog/kinh nghiệm/2026/09/19/cho-tru-tam-khi-mua-lon-dang-giua-duong/,,,,,legacy:_posts/2026-09-20-cho-tru-tam-khi-mua-lon-dang-giua-duong.md
BLG-00135,EXISTING,Chở vật dài trên xe máy an toàn,(legacy) Chở vật dài trên xe máy an toàn,,,P-KY-NANG,C-KY-NANG-CHO-DO,,/blog/kinh nghiệm/2026/09/19/cho-vat-dai-tren-xe-may-an-toan/,_posts/2026-09-20-cho-vat-dai-tren-xe-may-an-toan.md,/blog/kinh nghiệm/2026/09/19/cho-vat-dai-tren-xe-may-an-toan/,,,,,legacy:_posts/2026-09-20-cho-vat-dai-tren-xe-may-an-toan.md
BLG-00136,EXISTING,Chọn cửa hàng cho thuê gần nhà hay gần nơi làm việc,(legacy) Chọn cửa hàng cho thuê gần nhà hay gần nơi làm việc,,,P-KY-NANG,C-KY-NANG-CO-BAN,,/blog/kinh nghiệm/2026/09/19/chon-cua-hang-gan-nha-hay-gan-noi-lam-viec/,_posts/2026-09-20-chon-cua-hang-gan-nha-hay-gan-noi-lam-viec.md,/blog/kinh nghiệm/2026/09/19/chon-cua-hang-gan-nha-hay-gan-noi-lam-viec/,,,,,legacy:_posts/2026-09-20-chon-cua-hang-gan-nha-hay-gan-noi-lam-viec.md
BLG-00137,EXISTING,Chọn tuyến đi xe máy theo tình trạng mặt đường ở Hà Nội,(legacy) Chọn tuyến đi xe máy theo tình trạng mặt đường ở Hà Nội,,,P-KY-NANG,C-KY-NANG-TINH-HUONG,,/blog/kinh nghiệm/2026/09/19/chon-tuyen-di-xe-may-theo-tinh-trang-mat-duong-o-ha-noi/,_posts/2026-09-20-chon-tuyen-di-xe-may-theo-tinh-trang-mat-duong-o-ha-noi.md,/blog/kinh nghiệm/2026/09/19/chon-tuyen-di-xe-may-theo-tinh-trang-mat-duong-o-ha-noi/,,,,,legacy:_posts/2026-09-20-chon-tuyen-di-xe-may-theo-tinh-trang-mat-duong-o-ha-noi.md
BLG-00138,EXISTING,Chọn xe máy thuê theo vóc dáng và chiều cao yên xe,(legacy) Chọn xe máy thuê theo vóc dáng và chiều cao yên xe,,,P-XE-MAY,C-XE-GA,,/blog/kinh nghiệm/2026/09/19/chon-xe-theo-voc-dang-va-chieu-cao-yen/,_posts/2026-09-20-chon-xe-theo-voc-dang-va-chieu-cao-yen.md,/blog/kinh nghiệm/2026/09/19/chon-xe-theo-voc-dang-va-chieu-cao-yen/,,,,,legacy:_posts/2026-09-20-chon-xe-theo-voc-dang-va-chieu-cao-yen.md
BLG-00139,EXISTING,Chống buồn ngủ khi chạy xe buổi trưa,(legacy) Chống buồn ngủ khi chạy xe buổi trưa,,,P-KY-NANG,C-KY-NANG-SUC-KHOE,,/blog/kinh nghiệm/2026/09/19/chong-buon-ngu-khi-chay-xe-buoi-trua/,_posts/2026-09-20-chong-buon-ngu-khi-chay-xe-buoi-trua.md,/blog/kinh nghiệm/2026/09/19/chong-buon-ngu-khi-chay-xe-buoi-trua/,,,,,legacy:_posts/2026-09-20-chong-buon-ngu-khi-chay-xe-buoi-trua.md
BLG-00140,EXISTING,Chụp ảnh khi nhận và trả xe thuê: bộ bằng chứng nhỏ có tác dụng lớn,(legacy) Chụp ảnh khi nhận và trả xe thuê: bộ bằng chứng nhỏ có tác dụng lớn,,,P-THUE-XE,C-THUE-NHAN-TRA,,/blog/kinh nghiệm/2026/09/19/chup-anh-khi-nhan-va-tra-xe-thue/,_posts/2026-09-20-chup-anh-khi-nhan-va-tra-xe-thue.md,/blog/kinh nghiệm/2026/09/19/chup-anh-khi-nhan-va-tra-xe-thue/,,,,,legacy:_posts/2026-09-20-chup-anh-khi-nhan-va-tra-xe-thue.md
BLG-00141,EXISTING,"Chuyển chỗ ở giữa kỳ thuê xe máy ở Hà Nội: dọn đồ, chỗ gửi xe mới và các thủ tục","(legacy) Chuyển chỗ ở giữa kỳ thuê xe máy ở Hà Nội: dọn đồ, chỗ gửi xe mới và các thủ tục",,,P-THUE-XE,C-THUE-THU-TUC,,/blog/kinh nghiệm/2026/09/19/chuyen-cho-o-giua-ky-thue-xe-may/,_posts/2026-09-20-chuyen-cho-o-giua-ky-thue-xe-may.md,/blog/kinh nghiệm/2026/09/19/chuyen-cho-o-giua-ky-thue-xe-may/,,,,,legacy:_posts/2026-09-20-chuyen-cho-o-giua-ky-thue-xe-may.md
BLG-00142,EXISTING,Chuyển đến Hà Nội sinh sống: thiết lập việc đi lại trong tuần đầu,(legacy) Chuyển đến Hà Nội sinh sống: thiết lập việc đi lại trong tuần đầu,,,P-KY-NANG,C-KY-NANG-CO-BAN,,/blog/kinh nghiệm/2026/09/19/chuyen-den-ha-noi-di-chuyen-tuan-dau/,_posts/2026-09-20-chuyen-den-ha-noi-di-chuyen-tuan-dau.md,/blog/kinh nghiệm/2026/09/19/chuyen-den-ha-noi-di-chuyen-tuan-dau/,,,,,legacy:_posts/2026-09-20-chuyen-den-ha-noi-di-chuyen-tuan-dau.md
BLG-00143,EXISTING,Chuyến đi chùa Hương mùa lễ bằng xe máy,(legacy) Chuyến đi chùa Hương mùa lễ bằng xe máy,,,P-KY-NANG,C-KY-NANG-THOI-TIET,,/blog/du lịch/2026/09/19/chuyen-di-chua-huong-mua-le-bang-xe-may/,_posts/2026-09-20-chuyen-di-chua-huong-mua-le-bang-xe-may.md,/blog/du lịch/2026/09/19/chuyen-di-chua-huong-mua-le-bang-xe-may/,,,,,legacy:_posts/2026-09-20-chuyen-di-chua-huong-mua-le-bang-xe-may.md
BLG-00144,EXISTING,Chuyến đi chùa Tam Chúc bằng xe máy,(legacy) Chuyến đi chùa Tam Chúc bằng xe máy,,,P-KY-NANG,C-KY-NANG-THOI-TIET,,/blog/du lịch/2026/09/19/chuyen-di-chua-tam-chuc-bang-xe-may/,_posts/2026-09-20-chuyen-di-chua-tam-chuc-bang-xe-may.md,/blog/du lịch/2026/09/19/chuyen-di-chua-tam-chuc-bang-xe-may/,,,,,legacy:_posts/2026-09-20-chuyen-di-chua-tam-chuc-bang-xe-may.md
BLG-00145,EXISTING,Chuyến hẹn hò bằng xe máy,(legacy) Chuyến hẹn hò bằng xe máy,,,P-KY-NANG,C-KY-NANG-THOI-TIET,,/blog/chia sẻ/2026/09/19/chuyen-hen-ho-bang-xe-may/,_posts/2026-09-20-chuyen-hen-ho-bang-xe-may.md,/blog/chia sẻ/2026/09/19/chuyen-hen-ho-bang-xe-may/,,,,,legacy:_posts/2026-09-20-chuyen-hen-ho-bang-xe-may.md
BLG-00146,EXISTING,Chuyển từ xe số sang xe tay ga: hướng dẫn làm quen cho người thuê,(legacy) Chuyển từ xe số sang xe tay ga: hướng dẫn làm quen cho người thuê,,,P-XE-MAY,C-XE-SO,,/blog/kinh nghiệm/2026/09/19/chuyen-tu-xe-so-sang-xe-tay-ga/,_posts/2026-09-20-chuyen-tu-xe-so-sang-xe-tay-ga.md,/blog/kinh nghiệm/2026/09/19/chuyen-tu-xe-so-sang-xe-tay-ga/,,,,,legacy:_posts/2026-09-20-chuyen-tu-xe-so-sang-xe-tay-ga.md
BLG-00147,EXISTING,Cò xe kéo dài khi trời ẩm ướt,(legacy) Cò xe kéo dài khi trời ẩm ướt,,,P-KY-NANG,C-KY-NANG-THOI-TIET,,/blog/kinh nghiệm/2026/09/19/co-xe-keo-dai-khi-troi-am/,_posts/2026-09-20-co-xe-keo-dai-khi-troi-am.md,/blog/kinh nghiệm/2026/09/19/co-xe-keo-dai-khi-troi-am/,,,,,legacy:_posts/2026-09-20-co-xe-keo-dai-khi-troi-am.md
BLG-00148,EXISTING,Côn trùng bay vào mặt khi đang chạy xe,(legacy) Côn trùng bay vào mặt khi đang chạy xe,,,P-KY-NANG,C-KY-NANG-CO-BAN,,/blog/kinh nghiệm/2026/09/19/con-trung-bay-vao-mat/,_posts/2026-09-20-con-trung-bay-vao-mat.md,/blog/kinh nghiệm/2026/09/19/con-trung-bay-vao-mat/,,,,,legacy:_posts/2026-09-20-con-trung-bay-vao-mat.md
BLG-00149,EXISTING,"Danh bạ điểm sửa xe, vá lốp, cây xăng trên tuyến thường đi","(legacy) Danh bạ điểm sửa xe, vá lốp, cây xăng trên tuyến thường đi",,,P-KY-NANG,C-KY-NANG-CO-BAN,,/blog/kinh nghiệm/2026/09/19/danh-ba-diem-sua-xe-cay-xang-tuyen-thuong-di/,_posts/2026-09-20-danh-ba-diem-sua-xe-cay-xang-tuyen-thuong-di.md,/blog/kinh nghiệm/2026/09/19/danh-ba-diem-sua-xe-cay-xang-tuyen-thuong-di/,,,,,legacy:_posts/2026-09-20-danh-ba-diem-sua-xe-cay-xang-tuyen-thuong-di.md
BLG-00150,EXISTING,Danh bạ khẩn cấp và phương án dự phòng khi đi xe máy thuê,(legacy) Danh bạ khẩn cấp và phương án dự phòng khi đi xe máy thuê,,,P-KY-NANG,C-KY-NANG-TINH-HUONG,,/blog/kinh nghiệm/2026/09/19/danh-ba-khan-cap-va-phuong-an-du-phong-khi-di-xe-may-thue/,_posts/2026-09-20-danh-ba-khan-cap-va-phuong-an-du-phong-khi-di-xe-may-thue.md,/blog/kinh nghiệm/2026/09/19/danh-ba-khan-cap-va-phuong-an-du-phong-khi-di-xe-may-thue/,,,,,legacy:_posts/2026-09-20-danh-ba-khan-cap-va-phuong-an-du-phong-khi-di-xe-may-thue.md
BLG-00151,EXISTING,Đặt xe giúp người lớn tuổi trong nhà,(legacy) Đặt xe giúp người lớn tuổi trong nhà,,,P-THUE-XE,C-THUE-THU-TUC,,/blog/chia sẻ/2026/09/19/dat-xe-giup-nguoi-lon-tuoi/,_posts/2026-09-20-dat-xe-giup-nguoi-lon-tuoi.md,/blog/chia sẻ/2026/09/19/dat-xe-giup-nguoi-lon-tuoi/,,,,,legacy:_posts/2026-09-20-dat-xe-giup-nguoi-lon-tuoi.md
BLG-00152,EXISTING,Đau bất thường xuất hiện giữa đường: dừng ở đâu,(legacy) Đau bất thường xuất hiện giữa đường: dừng ở đâu,,,P-THUE-XE,C-THUE-SU-CO,,/blog/kinh nghiệm/2026/09/19/dau-bat-thuong-xuat-hien-giua-duong-dung-o-dau/,_posts/2026-09-20-dau-bat-thuong-xuat-hien-giua-duong-dung-o-dau.md,/blog/kinh nghiệm/2026/09/19/dau-bat-thuong-xuat-hien-giua-duong-dung-o-dau/,,,,,legacy:_posts/2026-09-20-dau-bat-thuong-xuat-hien-giua-duong-dung-o-dau.md
BLG-00153,EXISTING,"Đau lưng, vai cổ khi đi xe máy hằng ngày: nguyên nhân và cách giảm","(legacy) Đau lưng, vai cổ khi đi xe máy hằng ngày: nguyên nhân và cách giảm",,,P-KY-NANG,C-KY-NANG-SUC-KHOE,,/blog/chia sẻ/2026/09/19/dau-lung-vai-co-khi-di-xe-may-hang-ngay-nguyen-nhan-va-cach-giam/,_posts/2026-09-20-dau-lung-vai-co-khi-di-xe-may-hang-ngay-nguyen-nhan-va-cach-giam.md,/blog/chia sẻ/2026/09/19/dau-lung-vai-co-khi-di-xe-may-hang-ngay-nguyen-nhan-va-cach-giam/,,,,,legacy:_posts/2026-09-20-dau-lung-vai-co-khi-di-xe-may-hang-ngay-nguyen-nhan-va-cach-giam.md
BLG-00154,EXISTING,Đau mắt lúc chiều nắng chiếu thẳng,(legacy) Đau mắt lúc chiều nắng chiếu thẳng,,,P-KY-NANG,C-KY-NANG-SUC-KHOE,,/blog/kinh nghiệm/2026/09/19/dau-mat-luc-chieu-nang-nhin-thang/,_posts/2026-09-20-dau-mat-luc-chieu-nang-nhin-thang.md,/blog/kinh nghiệm/2026/09/19/dau-mat-luc-chieu-nang-nhin-thang/,,,,,legacy:_posts/2026-09-20-dau-mat-luc-chieu-nang-nhin-thang.md
BLG-00155,EXISTING,Dạy người khác lái thử trên xe thuê,(legacy) Dạy người khác lái thử trên xe thuê,,,P-KY-NANG,C-KY-NANG-TINH-HUONG,,/blog/chia sẻ/2026/09/19/day-nguoi-khac-lai-tren-xe-thue/,_posts/2026-09-20-day-nguoi-khac-lai-tren-xe-thue.md,/blog/chia sẻ/2026/09/19/day-nguoi-khac-lai-tren-xe-thue/,,,,,legacy:_posts/2026-09-20-day-nguoi-khac-lai-tren-xe-thue.md
BLG-00156,EXISTING,"Dây thun, dây buộc và nguy cơ dây lỏng vướng bánh xe khi chở đồ","(legacy) Dây thun, dây buộc và nguy cơ dây lỏng vướng bánh xe khi chở đồ",,,P-KY-NANG,C-KY-NANG-TINH-HUONG,,/blog/kinh nghiệm/2026/09/19/day-thun-day-buoc-do-vuong-banh-xe/,_posts/2026-09-20-day-thun-day-buoc-do-vuong-banh-xe.md,/blog/kinh nghiệm/2026/09/19/day-thun-day-buoc-do-vuong-banh-xe/,,,,,legacy:_posts/2026-09-20-day-thun-day-buoc-do-vuong-banh-xe.md
BLG-00157,EXISTING,Đề xe máy buổi sáng lạnh ở Hà Nội: thao tác nhẹ nhàng và những điều nên tránh,(legacy) Đề xe máy buổi sáng lạnh ở Hà Nội: thao tác nhẹ nhàng và những điều nên tránh,,,P-KY-NANG,C-KY-NANG-GUI-XE,,/blog/kinh nghiệm/2026/09/19/de-xe-may-buoi-sang-lanh-o-ha-noi/,_posts/2026-09-20-de-xe-may-buoi-sang-lanh-o-ha-noi.md,/blog/kinh nghiệm/2026/09/19/de-xe-may-buoi-sang-lanh-o-ha-noi/,,,,,legacy:_posts/2026-09-20-de-xe-may-buoi-sang-lanh-o-ha-noi.md
BLG-00158,EXISTING,Để xe máy thuê dưới nắng cả ngày: ảnh hưởng và cách bảo vệ,(legacy) Để xe máy thuê dưới nắng cả ngày: ảnh hưởng và cách bảo vệ,,,P-KY-NANG,C-KY-NANG-GUI-XE,,/blog/kinh nghiệm/2026/09/19/de-xe-may-thue-duoi-nang-ca-ngay-anh-huong-va-cach-bao-ve/,_posts/2026-09-20-de-xe-may-thue-duoi-nang-ca-ngay-anh-huong-va-cach-bao-ve.md,/blog/kinh nghiệm/2026/09/19/de-xe-may-thue-duoi-nang-ca-ngay-anh-huong-va-cach-bao-ve/,,,,,legacy:_posts/2026-09-20-de-xe-may-thue-duoi-nang-ca-ngay-anh-huong-va-cach-bao-ve.md
BLG-00159,EXISTING,Để xe thuê qua đêm ngoài trời ở khu trọ: bảo vệ xe và giữ quan hệ tốt,(legacy) Để xe thuê qua đêm ngoài trời ở khu trọ: bảo vệ xe và giữ quan hệ tốt,,,P-THUE-XE,C-THUE-NGAY,,/blog/chia sẻ/2026/09/19/de-xe-thue-qua-dem-ngoai-troi-o-khu-tro/,_posts/2026-09-20-de-xe-thue-qua-dem-ngoai-troi-o-khu-tro.md,/blog/chia sẻ/2026/09/19/de-xe-thue-qua-dem-ngoai-troi-o-khu-tro/,,,,,legacy:_posts/2026-09-20-de-xe-thue-qua-dem-ngoai-troi-o-khu-tro.md
BLG-00160,EXISTING,Để xe trên dốc nhỏ và lên xe trở lại,(legacy) Để xe trên dốc nhỏ và lên xe trở lại,,,P-KY-NANG,C-KY-NANG-GUI-XE,,/blog/kinh nghiệm/2026/09/19/de-xe-tren-do-doc-nho-va-len-xe-tro-lai/,_posts/2026-09-20-de-xe-tren-do-doc-nho-va-len-xe-tro-lai.md,/blog/kinh nghiệm/2026/09/19/de-xe-tren-do-doc-nho-va-len-xe-tro-lai/,,,,,legacy:_posts/2026-09-20-de-xe-tren-do-doc-nho-va-len-xe-tro-lai.md
BLG-00161,EXISTING,Đêm pháo hoa ở Hà Nội: đi xe máy thế nào cho an toàn,(legacy) Đêm pháo hoa ở Hà Nội: đi xe máy thế nào cho an toàn,,,P-KY-NANG,C-KY-NANG-THOI-TIET,,/blog/kinh nghiệm/2026/09/19/dem-phao-hoa-o-ha-noi-di-xe-may-the-nao/,_posts/2026-09-20-dem-phao-hoa-o-ha-noi-di-xe-may-the-nao.md,/blog/kinh nghiệm/2026/09/19/dem-phao-hoa-o-ha-noi-di-xe-may-the-nao/,,,,,legacy:_posts/2026-09-20-dem-phao-hoa-o-ha-noi-di-xe-may-the-nao.md
BLG-00162,EXISTING,Đèn báo và tiếng kêu bất thường trên xe tay ga thuê: đọc đúng và phản ứng đúng,(legacy) Đèn báo và tiếng kêu bất thường trên xe tay ga thuê: đọc đúng và phản ứng đúng,,,P-THUE-XE,C-THUE-SU-CO,,/blog/kinh nghiệm/2026/09/19/den-bao-va-tieng-keu-bat-thuong-tren-xe-tay-ga-thue/,_posts/2026-09-20-den-bao-va-tieng-keu-bat-thuong-tren-xe-tay-ga-thue.md,/blog/kinh nghiệm/2026/09/19/den-bao-va-tieng-keu-bat-thuong-tren-xe-tay-ga-thue/,,,,,legacy:_posts/2026-09-20-den-bao-va-tieng-keu-bat-thuong-tren-xe-tay-ga-thue.md
BLG-00163,EXISTING,Đèn chiều hời và chạy xe lúc chạng vạng tối,(legacy) Đèn chiều hời và chạy xe lúc chạng vạng tối,,,P-KY-NANG,C-KY-NANG-CO-BAN,,/blog/kinh nghiệm/2026/09/19/den-chieu-choi-tu-xe-nguoc-chieu/,_posts/2026-09-20-den-chieu-choi-tu-xe-nguoc-chieu.md,/blog/kinh nghiệm/2026/09/19/den-chieu-choi-tu-xe-nguoc-chieu/,,,,,legacy:_posts/2026-09-20-den-chieu-choi-tu-xe-nguoc-chieu.md
BLG-00164,EXISTING,Đèn pha yếu dần dần buổi tối,(legacy) Đèn pha yếu dần dần buổi tối,,,P-THUE-XE,C-THUE-SU-CO,,/blog/kinh nghiệm/2026/09/19/den-pha-yeu-dan-tu-vang-buon/,_posts/2026-09-20-den-pha-yeu-dan-tu-vang-buon.md,/blog/kinh nghiệm/2026/09/19/den-pha-yeu-dan-tu-vang-buon/,,,,,legacy:_posts/2026-09-20-den-pha-yeu-dan-tu-vang-buon.md
BLG-00165,EXISTING,Đèn pha yếu trước chuyến đi buổi tối: kiểm tra và quyết định có nên xuất phát,(legacy) Đèn pha yếu trước chuyến đi buổi tối: kiểm tra và quyết định có nên xuất phát,,,P-THUE-XE,C-THUE-SU-CO,,/blog/kinh nghiệm/2026/09/19/den-pha-yeu-truoc-chuyen-di-chieu-toi/,_posts/2026-09-20-den-pha-yeu-truoc-chuyen-di-chieu-toi.md,/blog/kinh nghiệm/2026/09/19/den-pha-yeu-truoc-chuyen-di-chieu-toi/,,,,,legacy:_posts/2026-09-20-den-pha-yeu-truoc-chuyen-di-chieu-toi.md
BLG-00166,EXISTING,Đeo ba lô nặng khi đi xe máy: cách giảm mỏi và rủi ro,(legacy) Đeo ba lô nặng khi đi xe máy: cách giảm mỏi và rủi ro,,,P-KY-NANG,C-KY-NANG-CHO-DO,,/blog/kinh nghiệm/2026/09/19/deo-balo-nang-khi-di-xe-may/,_posts/2026-09-20-deo-balo-nang-khi-di-xe-may.md,/blog/kinh nghiệm/2026/09/19/deo-balo-nang-khi-di-xe-may/,,,,,legacy:_posts/2026-09-20-deo-balo-nang-khi-di-xe-may.md
BLG-00167,EXISTING,Đi ăn uống có dùng đồ có cồn thì về nhà thế nào khi đang thuê xe máy,(legacy) Đi ăn uống có dùng đồ có cồn thì về nhà thế nào khi đang thuê xe máy,,,P-KY-NANG,C-KY-NANG-CO-BAN,,/blog/kinh nghiệm/2026/09/19/di-an-uong-co-con-ve-nha-the-nao/,_posts/2026-09-20-di-an-uong-co-con-ve-nha-the-nao.md,/blog/kinh nghiệm/2026/09/19/di-an-uong-co-con-ve-nha-the-nao/,,,,,legacy:_posts/2026-09-20-di-an-uong-co-con-ve-nha-the-nao.md
BLG-00168,EXISTING,"Đi lại theo ca làm việc bằng xe máy thuê: ca đêm, ca xoay và ca sớm","(legacy) Đi lại theo ca làm việc bằng xe máy thuê: ca đêm, ca xoay và ca sớm",,,P-THUE-XE,C-THUE-THANG,,/blog/kinh nghiệm/2026/09/19/di-chuyen-theo-ca-lam-viec-voi-xe-thue/,_posts/2026-09-20-di-chuyen-theo-ca-lam-viec-voi-xe-thue.md,/blog/kinh nghiệm/2026/09/19/di-chuyen-theo-ca-lam-viec-voi-xe-thue/,,,,,legacy:_posts/2026-09-20-di-chuyen-theo-ca-lam-viec-voi-xe-thue.md
BLG-00169,EXISTING,"Đi đám cưới, tiệc tùng về khuya bằng xe máy","(legacy) Đi đám cưới, tiệc tùng về khuya bằng xe máy",,,P-PHAP-LY,C-NOI-DO-CONG,,/blog/kinh nghiệm/2026/09/19/di-dam-cuoc-tiec-tung-va-ruou-bia/,_posts/2026-09-20-di-dam-cuoc-tiec-tung-va-ruou-bia.md,/blog/kinh nghiệm/2026/09/19/di-dam-cuoc-tiec-tung-va-ruou-bia/,,,,,legacy:_posts/2026-09-20-di-dam-cuoc-tiec-tung-va-ruou-bia.md
BLG-00170,EXISTING,Đi Đồ Sơn hai ngày bằng xe máy,(legacy) Đi Đồ Sơn hai ngày bằng xe máy,,,P-THUE-XE,C-THUE-NGAY,,/blog/du lịch/2026/09/19/di-do-son-hai-ngay-bang-xe-may/,_posts/2026-09-20-di-do-son-hai-ngay-bang-xe-may.md,/blog/du lịch/2026/09/19/di-do-son-hai-ngay-bang-xe-may/,,,,,legacy:_posts/2026-09-20-di-do-son-hai-ngay-bang-xe-may.md
BLG-00171,EXISTING,Đi hồ Núi Cốc Thái Nguyên bằng xe máy,(legacy) Đi hồ Núi Cốc Thái Nguyên bằng xe máy,,,P-CUNG-DUONG,C-CD-CUOI-TUAN,,/blog/du lịch/2026/09/19/di-ho-nui-coc-bang-xe-may/,_posts/2026-09-20-di-ho-nui-coc-bang-xe-may.md,/blog/du lịch/2026/09/19/di-ho-nui-coc-bang-xe-may/,,,,,legacy:_posts/2026-09-20-di-ho-nui-coc-bang-xe-may.md
BLG-00172,EXISTING,Đi lại bằng xe máy khi chân hoặc tay bị thương tạm thời,(legacy) Đi lại bằng xe máy khi chân hoặc tay bị thương tạm thời,,,P-KY-NANG,C-KY-NANG-SUC-KHOE,,/blog/kinh nghiệm/2026/09/19/di-lai-bang-xe-may-khi-chan-tay-bi-thuong-tam-thoi/,_posts/2026-09-20-di-lai-bang-xe-may-khi-chan-tay-bi-thuong-tam-thoi.md,/blog/kinh nghiệm/2026/09/19/di-lai-bang-xe-may-khi-chan-tay-bi-thuong-tam-thoi/,,,,,legacy:_posts/2026-09-20-di-lai-bang-xe-may-khi-chan-tay-bi-thuong-tam-thoi.md
BLG-00173,EXISTING,Đi lại hằng ngày bằng xe máy cho người mới đến Hà Nội làm việc,(legacy) Đi lại hằng ngày bằng xe máy cho người mới đến Hà Nội làm việc,,,P-KY-NANG,C-KY-NANG-TINH-HUONG,,/blog/kinh nghiệm/2026/09/19/di-lai-hang-ngay-cho-nguoi-moi-den-ha-noi-lam-viec/,_posts/2026-09-20-di-lai-hang-ngay-cho-nguoi-moi-den-ha-noi-lam-viec.md,/blog/kinh nghiệm/2026/09/19/di-lai-hang-ngay-cho-nguoi-moi-den-ha-noi-lam-viec/,,,,,legacy:_posts/2026-09-20-di-lai-hang-ngay-cho-nguoi-moi-den-ha-noi-lam-viec.md
BLG-00174,EXISTING,Đi nhóm nhiều xe máy và cách giữ liên lạc,(legacy) Đi nhóm nhiều xe máy và cách giữ liên lạc,,,P-HOI-DAP,C-HD-NGUOI-MOI,,/blog/du lịch/2026/09/19/di-nhom-nhieu-xe-may-giu-lien-lac/,_posts/2026-09-20-di-nhom-nhieu-xe-may-giu-lien-lac.md,/blog/du lịch/2026/09/19/di-nhom-nhieu-xe-may-giu-lien-lac/,,,,,legacy:_posts/2026-09-20-di-nhom-nhieu-xe-may-giu-lien-lac.md
BLG-00175,EXISTING,Đi qua vòng xuyến và nút giao lớn ở Hà Nội: hướng dẫn cho người mới,(legacy) Đi qua vòng xuyến và nút giao lớn ở Hà Nội: hướng dẫn cho người mới,,,P-PHAP-LY,C-QUY-DINH,,/blog/kinh nghiệm/2026/09/19/di-qua-vong-xuyen-va-nut-giao-lon-o-ha-noi/,_posts/2026-09-20-di-qua-vong-xuyen-va-nut-giao-lon-o-ha-noi.md,/blog/kinh nghiệm/2026/09/19/di-qua-vong-xuyen-va-nut-giao-lon-o-ha-noi/,,,,,legacy:_posts/2026-09-20-di-qua-vong-xuyen-va-nut-giao-lon-o-ha-noi.md
BLG-00176,EXISTING,Đi Tam Đảo bằng xe máy từ Hà Nội,(legacy) Đi Tam Đảo bằng xe máy từ Hà Nội,,,P-CUNG-DUONG,C-CD-CUOI-TUAN,,/blog/du lịch/2026/09/19/di-tam-dao-bang-xe-may-tu-ha-noi/,_posts/2026-09-20-di-tam-dao-bang-xe-may-tu-ha-noi.md,/blog/du lịch/2026/09/19/di-tam-dao-bang-xe-may-tu-ha-noi/,,,,,legacy:_posts/2026-09-20-di-tam-dao-bang-xe-may-tu-ha-noi.md
BLG-00177,EXISTING,Đi Tràng An Ninh Bình qua đêm bằng xe máy,(legacy) Đi Tràng An Ninh Bình qua đêm bằng xe máy,,,P-THUE-XE,C-THUE-NGAY,,/blog/du lịch/2026/09/19/di-trang-an-ninh-binh-qua-dem-bang-xe-may/,_posts/2026-09-20-di-trang-an-ninh-binh-qua-dem-bang-xe-may.md,/blog/du lịch/2026/09/19/di-trang-an-ninh-binh-qua-dem-bang-xe-may/,,,,,legacy:_posts/2026-09-20-di-trang-an-ninh-binh-qua-dem-bang-xe-may.md
BLG-00178,EXISTING,Đi vắng Hà Nội nhiều ngày trong kỳ thuê xe máy xử lý thế nào,(legacy) Đi vắng Hà Nội nhiều ngày trong kỳ thuê xe máy xử lý thế nào,,,P-KY-NANG,C-KY-NANG-TINH-HUONG,,/blog/chia sẻ/2026/09/19/di-vang-ha-noi-nhieu-ngay-trong-ky-thue/,_posts/2026-09-20-di-vang-ha-noi-nhieu-ngay-trong-ky-thue.md,/blog/chia sẻ/2026/09/19/di-vang-ha-noi-nhieu-ngay-trong-ky-thue/,,,,,legacy:_posts/2026-09-20-di-vang-ha-noi-nhieu-ngay-trong-ky-thue.md
BLG-00179,EXISTING,Đi xe khi đang tức giận,(legacy) Đi xe khi đang tức giận,,,P-KY-NANG,C-KY-NANG-SUC-KHOE,,/blog/kinh nghiệm/2026/09/19/di-xe-khi-dang-tuc-gian/,_posts/2026-09-20-di-xe-khi-dang-tuc-gian.md,/blog/kinh nghiệm/2026/09/19/di-xe-khi-dang-tuc-gian/,,,,,legacy:_posts/2026-09-20-di-xe-khi-dang-tuc-gian.md
BLG-00180,EXISTING,Đi xe máy về muộn ban đêm ở Hà Nội: cách đi an toàn,(legacy) Đi xe máy về muộn ban đêm ở Hà Nội: cách đi an toàn,,,P-KY-NANG,C-KY-NANG-TINH-HUONG,,/blog/kinh nghiệm/2026/09/19/di-xe-may-ban-dem-muon-o-ha-noi/,_posts/2026-09-20-di-xe-may-ban-dem-muon-o-ha-noi.md,/blog/kinh nghiệm/2026/09/19/di-xe-may-ban-dem-muon-o-ha-noi/,,,,,legacy:_posts/2026-09-20-di-xe-may-ban-dem-muon-o-ha-noi.md
BLG-00181,EXISTING,Đi xe máy đến bệnh viện ở Hà Nội: chuẩn bị để chuyến đi ít căng thẳng,(legacy) Đi xe máy đến bệnh viện ở Hà Nội: chuẩn bị để chuyến đi ít căng thẳng,,,P-KY-NANG,C-KY-NANG-TINH-HUONG,,/blog/kinh nghiệm/2026/09/19/di-xe-may-den-benh-vien-o-ha-noi/,_posts/2026-09-20-di-xe-may-den-benh-vien-o-ha-noi.md,/blog/kinh nghiệm/2026/09/19/di-xe-may-den-benh-vien-o-ha-noi/,,,,,legacy:_posts/2026-09-20-di-xe-may-den-benh-vien-o-ha-noi.md
BLG-00182,EXISTING,"Đi xe máy đến đám giỗ, đám tang vùng ven Hà Nội","(legacy) Đi xe máy đến đám giỗ, đám tang vùng ven Hà Nội",,,P-KY-NANG,C-KY-NANG-THOI-TIET,,/blog/chia sẻ/2026/09/19/di-xe-may-den-dam-gio-dam-tang-vung-ven-ha-noi/,_posts/2026-09-20-di-xe-may-den-dam-gio-dam-tang-vung-ven-ha-noi.md,/blog/chia sẻ/2026/09/19/di-xe-may-den-dam-gio-dam-tang-vung-ven-ha-noi/,,,,,legacy:_posts/2026-09-20-di-xe-may-den-dam-gio-dam-tang-vung-ven-ha-noi.md
BLG-00183,EXISTING,Đi xe máy đón ca sinh giữa đêm,(legacy) Đi xe máy đón ca sinh giữa đêm,,,P-KY-NANG,C-KY-NANG-TINH-HUONG,,/blog/chia sẻ/2026/09/19/di-xe-may-don-ca-sinh-giua-dem/,_posts/2026-09-20-di-xe-may-don-ca-sinh-giua-dem.md,/blog/chia sẻ/2026/09/19/di-xe-may-don-ca-sinh-giua-dem/,,,,,legacy:_posts/2026-09-20-di-xe-may-don-ca-sinh-giua-dem.md
BLG-00184,EXISTING,Đi xe máy đột gió lạnh về đêm Hà Nội,(legacy) Đi xe máy đột gió lạnh về đêm Hà Nội,,,P-KY-NANG,C-KY-NANG-THOI-TIET,,/blog/kinh nghiệm/2026/09/19/di-xe-may-dot-gion-lanh-ve-dem-ha-noi/,_posts/2026-09-20-di-xe-may-dot-gion-lanh-ve-dem-ha-noi.md,/blog/kinh nghiệm/2026/09/19/di-xe-may-dot-gion-lanh-ve-dem-ha-noi/,,,,,legacy:_posts/2026-09-20-di-xe-may-dot-gion-lanh-ve-dem-ha-noi.md
BLG-00185,EXISTING,Đi xe máy kèm trẻ tập xe đạp ở khu dân cư,(legacy) Đi xe máy kèm trẻ tập xe đạp ở khu dân cư,,,P-KY-NANG,C-KY-NANG-SUC-KHOE,,/blog/kinh nghiệm/2026/09/19/di-xe-may-kem-tre-tap-xe-dap-o-khu-dan-cu/,_posts/2026-09-20-di-xe-may-kem-tre-tap-xe-dap-o-khu-dan-cu.md,/blog/kinh nghiệm/2026/09/19/di-xe-may-kem-tre-tap-xe-dap-o-khu-dan-cu/,,,,,legacy:_posts/2026-09-20-di-xe-may-kem-tre-tap-xe-dap-o-khu-dan-cu.md
BLG-00186,EXISTING,Đi xe máy khi có việc gấp cần đến ngay,(legacy) Đi xe máy khi có việc gấp cần đến ngay,,,P-KY-NANG,C-KY-NANG-TINH-HUONG,,/blog/kinh nghiệm/2026/09/19/di-xe-may-khi-co-viec-gap-can-den-ngay/,_posts/2026-09-20-di-xe-may-khi-co-viec-gap-can-den-ngay.md,/blog/kinh nghiệm/2026/09/19/di-xe-may-khi-co-viec-gap-can-den-ngay/,,,,,legacy:_posts/2026-09-20-di-xe-may-khi-co-viec-gap-can-den-ngay.md
BLG-00187,EXISTING,Đi xe máy khi đang ốm hoặc dùng thuốc gây buồn ngủ,(legacy) Đi xe máy khi đang ốm hoặc dùng thuốc gây buồn ngủ,,,P-KY-NANG,C-KY-NANG-SUC-KHOE,,/blog/chia sẻ/2026/09/19/di-xe-may-khi-dang-om-hoac-dung-thuoc-gay-buon-ngu/,_posts/2026-09-20-di-xe-may-khi-dang-om-hoac-dung-thuoc-gay-buon-ngu.md,/blog/chia sẻ/2026/09/19/di-xe-may-khi-dang-om-hoac-dung-thuoc-gay-buon-ngu/,,,,,legacy:_posts/2026-09-20-di-xe-may-khi-dang-om-hoac-dung-thuoc-gay-buon-ngu.md
BLG-00188,EXISTING,Đi xe máy khi gió lớn và gió ngang ở Hà Nội,(legacy) Đi xe máy khi gió lớn và gió ngang ở Hà Nội,,,P-KY-NANG,C-KY-NANG-THOI-TIET,,/blog/kinh nghiệm/2026/09/19/di-xe-may-khi-gio-lon-va-gio-ngang-o-ha-noi/,_posts/2026-09-20-di-xe-may-khi-gio-lon-va-gio-ngang-o-ha-noi.md,/blog/kinh nghiệm/2026/09/19/di-xe-may-khi-gio-lon-va-gio-ngang-o-ha-noi/,,,,,legacy:_posts/2026-09-20-di-xe-may-khi-gio-lon-va-gio-ngang-o-ha-noi.md
BLG-00189,EXISTING,Đi xe máy khi mặc váy và trang phục dài: các mẹo thực tế,(legacy) Đi xe máy khi mặc váy và trang phục dài: các mẹo thực tế,,,P-KY-NANG,C-KY-NANG-TINH-HUONG,,/blog/chia sẻ/2026/09/19/di-xe-may-khi-mac-vay-va-trang-phuc-dai-cac-meo-thuc-te/,_posts/2026-09-20-di-xe-may-khi-mac-vay-va-trang-phuc-dai-cac-meo-thuc-te.md,/blog/chia sẻ/2026/09/19/di-xe-may-khi-mac-vay-va-trang-phuc-dai-cac-meo-thuc-te/,,,,,legacy:_posts/2026-09-20-di-xe-may-khi-mac-vay-va-trang-phuc-dai-cac-meo-thuc-te.md
BLG-00190,EXISTING,Đi xe máy khi mất ngủ vì con nhỏ quấy đêm,(legacy) Đi xe máy khi mất ngủ vì con nhỏ quấy đêm,,,P-KY-NANG,C-KY-NANG-TINH-HUONG,,/blog/kinh nghiệm/2026/09/19/di-xe-may-khi-mat-ngu-vi-con-nho-quay-dem/,_posts/2026-09-20-di-xe-may-khi-mat-ngu-vi-con-nho-quay-dem.md,/blog/kinh nghiệm/2026/09/19/di-xe-may-khi-mat-ngu-vi-con-nho-quay-dem/,,,,,legacy:_posts/2026-09-20-di-xe-may-khi-mat-ngu-vi-con-nho-quay-dem.md
BLG-00191,EXISTING,Đi xe máy khi trời mưa dầm nhiều ngày,(legacy) Đi xe máy khi trời mưa dầm nhiều ngày,,,P-KY-NANG,C-KY-NANG-THOI-TIET,,/blog/kinh nghiệm/2026/09/19/di-xe-may-khi-troi-mua-rau-rau-nang/,_posts/2026-09-20-di-xe-may-khi-troi-mua-rau-rau-nang.md,/blog/kinh nghiệm/2026/09/19/di-xe-may-khi-troi-mua-rau-rau-nang/,,,,,legacy:_posts/2026-09-20-di-xe-may-khi-troi-mua-rau-rau-nang.md
BLG-00192,EXISTING,Đi xe máy khi vừa về từ chuyến bay dài,(legacy) Đi xe máy khi vừa về từ chuyến bay dài,,,P-KY-NANG,C-KY-NANG-SUC-KHOE,,/blog/kinh nghiệm/2026/09/19/di-xe-may-khi-vua-ve-tu-chuyen-bay-dai/,_posts/2026-09-20-di-xe-may-khi-vua-ve-tu-chuyen-bay-dai.md,/blog/kinh nghiệm/2026/09/19/di-xe-may-khi-vua-ve-tu-chuyen-bay-dai/,,,,,legacy:_posts/2026-09-20-di-xe-may-khi-vua-ve-tu-chuyen-bay-dai.md
BLG-00193,EXISTING,Đi xe máy ngày mùng 1 và rằm tháng,(legacy) Đi xe máy ngày mùng 1 và rằm tháng,,,P-KY-NANG,C-KY-NANG-TINH-HUONG,,/blog/kinh nghiệm/2026/09/19/di-xe-may-ngay-mung-1-va-ram-thang/,_posts/2026-09-20-di-xe-may-ngay-mung-1-va-ram-thang.md,/blog/kinh nghiệm/2026/09/19/di-xe-may-ngay-mung-1-va-ram-thang/,,,,,legacy:_posts/2026-09-20-di-xe-may-ngay-mung-1-va-ram-thang.md
BLG-00194,EXISTING,Đi xe máy ngày trời quang nắng gắt,(legacy) Đi xe máy ngày trời quang nắng gắt,,,P-KY-NANG,C-KY-NANG-THOI-TIET,,/blog/kinh nghiệm/2026/09/19/di-xe-may-ngay-troi-quang-nang-gac/,_posts/2026-09-20-di-xe-may-ngay-troi-quang-nang-gac.md,/blog/kinh nghiệm/2026/09/19/di-xe-may-ngay-troi-quang-nang-gac/,,,,,legacy:_posts/2026-09-20-di-xe-may-ngay-troi-quang-nang-gac.md
BLG-00195,EXISTING,Đi xe máy ngược nắng buổi sáng chiều: giảm chói và giữ an toàn,(legacy) Đi xe máy ngược nắng buổi sáng chiều: giảm chói và giữ an toàn,,,P-KY-NANG,C-KY-NANG-TINH-HUONG,,/blog/kinh nghiệm/2026/09/19/di-xe-may-nguoc-nang-buoi-sang-chieu-giam-choi-va-giu-an-toan/,_posts/2026-09-20-di-xe-may-nguoc-nang-buoi-sang-chieu-giam-choi-va-giu-an-toan.md,/blog/kinh nghiệm/2026/09/19/di-xe-may-nguoc-nang-buoi-sang-chieu-giam-choi-va-giu-an-toan/,,,,,legacy:_posts/2026-09-20-di-xe-may-nguoc-nang-buoi-sang-chieu-giam-choi-va-giu-an-toan.md
BLG-00196,EXISTING,Đi xe máy qua chợ tạm và đường họp chợ sáng sớm ở Hà Nội,(legacy) Đi xe máy qua chợ tạm và đường họp chợ sáng sớm ở Hà Nội,,,P-KY-NANG,C-KY-NANG-TINH-HUONG,,/blog/kinh nghiệm/2026/09/19/di-xe-may-qua-cho-tam-va-duong-hop-cho-sang-som-o-ha-noi/,_posts/2026-09-20-di-xe-may-qua-cho-tam-va-duong-hop-cho-sang-som-o-ha-noi.md,/blog/kinh nghiệm/2026/09/19/di-xe-may-qua-cho-tam-va-duong-hop-cho-sang-som-o-ha-noi/,,,,,legacy:_posts/2026-09-20-di-xe-may-qua-cho-tam-va-duong-hop-cho-sang-som-o-ha-noi.md
BLG-00197,EXISTING,Đi xe máy qua gầm cầu và hầm chui ở Hà Nội,(legacy) Đi xe máy qua gầm cầu và hầm chui ở Hà Nội,,,P-KY-NANG,C-KY-NANG-TINH-HUONG,,/blog/kinh nghiệm/2026/09/19/di-xe-may-qua-gam-cau-va-ham-chui-o-ha-noi/,_posts/2026-09-20-di-xe-may-qua-gam-cau-va-ham-chui-o-ha-noi.md,/blog/kinh nghiệm/2026/09/19/di-xe-may-qua-gam-cau-va-ham-chui-o-ha-noi/,,,,,legacy:_posts/2026-09-20-di-xe-may-qua-gam-cau-va-ham-chui-o-ha-noi.md
BLG-00198,EXISTING,Đi xe máy ra ga tàu và bến xe ở Hà Nội,(legacy) Đi xe máy ra ga tàu và bến xe ở Hà Nội,,,P-KY-NANG,C-KY-NANG-TINH-HUONG,,/blog/kinh nghiệm/2026/09/19/di-xe-may-ra-ga-va-ben-xe/,_posts/2026-09-20-di-xe-may-ra-ga-va-ben-xe.md,/blog/kinh nghiệm/2026/09/19/di-xe-may-ra-ga-va-ben-xe/,,,,,legacy:_posts/2026-09-20-di-xe-may-ra-ga-va-ben-xe.md
BLG-00199,EXISTING,Đi xe máy tham gia hoạt động tình nguyện,(legacy) Đi xe máy tham gia hoạt động tình nguyện,,,P-KY-NANG,C-KY-NANG-TINH-HUONG,,/blog/chia sẻ/2026/09/19/di-xe-may-tham-gia-hoat-dong-tinh-nguyen/,_posts/2026-09-20-di-xe-may-tham-gia-hoat-dong-tinh-nguyen.md,/blog/chia sẻ/2026/09/19/di-xe-may-tham-gia-hoat-dong-tinh-nguyen/,,,,,legacy:_posts/2026-09-20-di-xe-may-tham-gia-hoat-dong-tinh-nguyen.md
BLG-00200,EXISTING,Đi xe máy theo nhóm bạn bè: kỹ năng phối hợp cần biết,(legacy) Đi xe máy theo nhóm bạn bè: kỹ năng phối hợp cần biết,,,P-KY-NANG,C-KY-NANG-TINH-HUONG,,/blog/kinh nghiệm/2026/09/19/di-xe-may-theo-nhom-ban-be-ky-nang-phoi-hop/,_posts/2026-09-20-di-xe-may-theo-nhom-ban-be-ky-nang-phoi-hop.md,/blog/kinh nghiệm/2026/09/19/di-xe-may-theo-nhom-ban-be-ky-nang-phoi-hop/,,,,,legacy:_posts/2026-09-20-di-xe-may-theo-nhom-ban-be-ky-nang-phoi-hop.md
BLG-00201,EXISTING,Đi xe máy thuê buổi sáng sương mù: tầm nhìn thấp cần làm gì,(legacy) Đi xe máy thuê buổi sáng sương mù: tầm nhìn thấp cần làm gì,,,P-KY-NANG,C-KY-NANG-THOI-TIET,,/blog/kinh nghiệm/2026/09/19/di-xe-may-thue-buoi-sang-suong-mu-tam-nhin-thap-can-lam-gi/,_posts/2026-09-20-di-xe-may-thue-buoi-sang-suong-mu-tam-nhin-thap-can-lam-gi.md,/blog/kinh nghiệm/2026/09/19/di-xe-may-thue-buoi-sang-suong-mu-tam-nhin-thap-can-lam-gi/,,,,,legacy:_posts/2026-09-20-di-xe-may-thue-buoi-sang-suong-mu-tam-nhin-thap-can-lam-gi.md
BLG-00202,EXISTING,Đi xe máy thuê qua khu vực thi công đường bộ an toàn,(legacy) Đi xe máy thuê qua khu vực thi công đường bộ an toàn,,,P-KY-NANG,C-KY-NANG-TINH-HUONG,,/blog/kinh nghiệm/2026/09/19/di-xe-may-thue-qua-khu-vuc-thi-cong-duong-bo-an-toan/,_posts/2026-09-20-di-xe-may-thue-qua-khu-vuc-thi-cong-duong-bo-an-toan.md,/blog/kinh nghiệm/2026/09/19/di-xe-may-thue-qua-khu-vuc-thi-cong-duong-bo-an-toan/,,,,,legacy:_posts/2026-09-20-di-xe-may-thue-qua-khu-vuc-thi-cong-duong-bo-an-toan.md
BLG-00203,EXISTING,Đi xe máy vào ngõ phố cổ sáng chiều,(legacy) Đi xe máy vào ngõ phố cổ sáng chiều,,,P-KY-NANG,C-KY-NANG-TINH-HUONG,,/blog/kinh nghiệm/2026/09/19/di-xe-may-vao-ngo-hem-pho-co-sang-chieu/,_posts/2026-09-20-di-xe-may-vao-ngo-hem-pho-co-sang-chieu.md,/blog/kinh nghiệm/2026/09/19/di-xe-may-vao-ngo-hem-pho-co-sang-chieu/,,,,,legacy:_posts/2026-09-20-di-xe-may-vao-ngo-hem-pho-co-sang-chieu.md
BLG-00204,EXISTING,Đi xe máy xuyên quận qua cầu Long Biên,(legacy) Đi xe máy xuyên quận qua cầu Long Biên,,,P-KY-NANG,C-KY-NANG-TINH-HUONG,,/blog/kinh nghiệm/2026/09/19/di-xe-may-xuyen-quan-qua-cau-long-bien/,_posts/2026-09-20-di-xe-may-xuyen-quan-qua-cau-long-bien.md,/blog/kinh nghiệm/2026/09/19/di-xe-may-xuyen-quan-qua-cau-long-bien/,,,,,legacy:_posts/2026-09-20-di-xe-may-xuyen-quan-qua-cau-long-bien.md
BLG-00205,EXISTING,Đi xe sau khi ngồi lâu ở máy tính,(legacy) Đi xe sau khi ngồi lâu ở máy tính,,,P-KY-NANG,C-KY-NANG-TINH-HUONG,,/blog/kinh nghiệm/2026/09/19/di-xe-sau-khi-ngoi-lau-o-may-tinh/,_posts/2026-09-20-di-xe-sau-khi-ngoi-lau-o-may-tinh.md,/blog/kinh nghiệm/2026/09/19/di-xe-sau-khi-ngoi-lau-o-may-tinh/,,,,,legacy:_posts/2026-09-20-di-xe-sau-khi-ngoi-lau-o-may-tinh.md
BLG-00206,EXISTING,Đi xe máy thuê khi trời trở lạnh đột ngột ở Hà Nội,(legacy) Đi xe máy thuê khi trời trở lạnh đột ngột ở Hà Nội,,,P-KY-NANG,C-KY-NANG-THOI-TIET,,/blog/kinh nghiệm/2026/09/19/di-xe-thue-khi-troi-tro-lanh-dot-ngot/,_posts/2026-09-20-di-xe-thue-khi-troi-tro-lanh-dot-ngot.md,/blog/kinh nghiệm/2026/09/19/di-xe-thue-khi-troi-tro-lanh-dot-ngot/,,,,,legacy:_posts/2026-09-20-di-xe-thue-khi-troi-tro-lanh-dot-ngot.md
BLG-00207,EXISTING,Đi xe máy thuê qua đường ngập nước sau mưa,(legacy) Đi xe máy thuê qua đường ngập nước sau mưa,,,P-KY-NANG,C-KY-NANG-THOI-TIET,,/blog/kinh nghiệm/2026/09/19/di-xe-thue-qua-duong-ngap-nuoc-sau-mua/,_posts/2026-09-20-di-xe-thue-qua-duong-ngap-nuoc-sau-mua.md,/blog/kinh nghiệm/2026/09/19/di-xe-thue-qua-duong-ngap-nuoc-sau-mua/,,,,,legacy:_posts/2026-09-20-di-xe-thue-qua-duong-ngap-nuoc-sau-mua.md
BLG-00208,EXISTING,Đi xe máy xem phòng trọ mới,(legacy) Đi xe máy xem phòng trọ mới,,,P-KY-NANG,C-KY-NANG-TINH-HUONG,,/blog/kinh nghiệm/2026/09/19/di-xe-tim-phong-tro-moi/,_posts/2026-09-20-di-xe-tim-phong-tro-moi.md,/blog/kinh nghiệm/2026/09/19/di-xe-tim-phong-tro-moi/,,,,,legacy:_posts/2026-09-20-di-xe-tim-phong-tro-moi.md
BLG-00209,EXISTING,Điện thoại hết pin khi đang định vị trên xe máy,(legacy) Điện thoại hết pin khi đang định vị trên xe máy,,,P-THUE-XE,C-THUE-SU-CO,,/blog/kinh nghiệm/2026/09/19/dien-thoai-het-pin-khi-dang-dinh-vi/,_posts/2026-09-20-dien-thoai-het-pin-khi-dang-dinh-vi.md,/blog/kinh nghiệm/2026/09/19/dien-thoai-het-pin-khi-dang-dinh-vi/,,,,,legacy:_posts/2026-09-20-dien-thoai-het-pin-khi-dang-dinh-vi.md
BLG-00210,EXISTING,Điện thoại rơi xuống đường giữa chuyến đi,(legacy) Điện thoại rơi xuống đường giữa chuyến đi,,,P-KY-NANG,C-KY-NANG-TINH-HUONG,,/blog/kinh nghiệm/2026/09/19/dien-thoai-roi-xuong-duong-giua-chuyen-di/,_posts/2026-09-20-dien-thoai-roi-xuong-duong-giua-chuyen-di.md,/blog/kinh nghiệm/2026/09/19/dien-thoai-roi-xuong-duong-giua-chuyen-di/,,,,,legacy:_posts/2026-09-20-dien-thoai-roi-xuong-duong-giua-chuyen-di.md
BLG-00211,EXISTING,"Điện thoại trên xe máy: giá đỡ, sạc và thói quen an toàn","(legacy) Điện thoại trên xe máy: giá đỡ, sạc và thói quen an toàn",,,P-KY-NANG,C-KY-NANG-TINH-HUONG,,/blog/kinh nghiệm/2026/09/19/dien-thoai-tren-xe-may-gia-do-sac-va-thoi-quen-an-toan/,_posts/2026-09-20-dien-thoai-tren-xe-may-gia-do-sac-va-thoi-quen-an-toan.md,/blog/kinh nghiệm/2026/09/19/dien-thoai-tren-xe-may-gia-do-sac-va-thoi-quen-an-toan/,,,,,legacy:_posts/2026-09-20-dien-thoai-tren-xe-may-gia-do-sac-va-thoi-quen-an-toan.md
BLG-00212,EXISTING,"Thay đổi thời gian thuê giữa kỳ: rút ngắn, kéo dài và đổi gói giá","(legacy) Thay đổi thời gian thuê giữa kỳ: rút ngắn, kéo dài và đổi gói giá",,,P-THUE-XE,C-THUE-THU-TUC,,/blog/kinh nghiệm/2026/09/19/dieu-chinh-thoi-gian-thue-giua-ky/,_posts/2026-09-20-dieu-chinh-thoi-gian-thue-giua-ky.md,/blog/kinh nghiệm/2026/09/19/dieu-chinh-thoi-gian-thue-giua-ky/,,,,,legacy:_posts/2026-09-20-dieu-chinh-thoi-gian-thue-giua-ky.md
BLG-00213,EXISTING,Điều kiện độ tuổi khi thuê và điều khiển xe máy ở Hà Nội,(legacy) Điều kiện độ tuổi khi thuê và điều khiển xe máy ở Hà Nội,,,P-KY-NANG,C-KY-NANG-SUC-KHOE,,/blog/kinh nghiệm/2026/09/19/dieu-kien-do-tuoi-khi-thue-va-lai-xe-may/,_posts/2026-09-20-dieu-kien-do-tuoi-khi-thue-va-lai-xe-may.md,/blog/kinh nghiệm/2026/09/19/dieu-kien-do-tuoi-khi-thue-va-lai-xe-may/,,,,,legacy:_posts/2026-09-20-dieu-kien-do-tuoi-khi-thue-va-lai-xe-may.md
BLG-00214,EXISTING,"Định hướng ở Hà Nội bằng mốc lớn: sông, cầu và các vành đai","(legacy) Định hướng ở Hà Nội bằng mốc lớn: sông, cầu và các vành đai",,,P-KY-NANG,C-KY-NANG-TINH-HUONG,,/blog/kinh nghiệm/2026/09/19/dinh-huong-o-ha-noi-bang-moc-lon-song-cau-va-vanh-dai/,_posts/2026-09-20-dinh-huong-o-ha-noi-bang-moc-lon-song-cau-va-vanh-dai.md,/blog/kinh nghiệm/2026/09/19/dinh-huong-o-ha-noi-bang-moc-lon-song-cau-va-vanh-dai/,,,,,legacy:_posts/2026-09-20-dinh-huong-o-ha-noi-bang-moc-lon-song-cau-va-vanh-dai.md
BLG-00215,EXISTING,"Đỗ xe máy dưới cây lâu ngày: nhựa cây, phân chim và các vết ố","(legacy) Đỗ xe máy dưới cây lâu ngày: nhựa cây, phân chim và các vết ố",,,P-KY-NANG,C-KY-NANG-GUI-XE,,/blog/kinh nghiệm/2026/09/19/do-xe-duoi-cay-lau-ngay-nhua-cay-phan-chim/,_posts/2026-09-20-do-xe-duoi-cay-lau-ngay-nhua-cay-phan-chim.md,/blog/kinh nghiệm/2026/09/19/do-xe-duoi-cay-lau-ngay-nhua-cay-phan-chim/,,,,,legacy:_posts/2026-09-20-do-xe-duoi-cay-lau-ngay-nhua-cay-phan-chim.md
BLG-00216,EXISTING,Gửi xe máy gần khu vực thi công: chọn chỗ và bảo vệ chiếc xe thuê,(legacy) Gửi xe máy gần khu vực thi công: chọn chỗ và bảo vệ chiếc xe thuê,,,P-XE-MAY,C-XE-GA,,/blog/kinh nghiệm/2026/09/19/do-xe-gan-khu-vuc-thi-cong/,_posts/2026-09-20-do-xe-gan-khu-vuc-thi-cong.md,/blog/kinh nghiệm/2026/09/19/do-xe-gan-khu-vuc-thi-cong/,,,,,legacy:_posts/2026-09-20-do-xe-gan-khu-vuc-thi-cong.md
BLG-00217,EXISTING,Để xe rồi đi bộ phần cuối: khi nào đáng làm,(legacy) Để xe rồi đi bộ phần cuối: khi nào đáng làm,,,P-KY-NANG,C-KY-NANG-GUI-XE,,/blog/kinh nghiệm/2026/09/19/do-xe-roi-di-bo-phan-cuoi/,_posts/2026-09-20-do-xe-roi-di-bo-phan-cuoi.md,/blog/kinh nghiệm/2026/09/19/do-xe-roi-di-bo-phan-cuoi/,,,,,legacy:_posts/2026-09-20-do-xe-roi-di-bo-phan-cuoi.md
BLG-00218,EXISTING,Đỗ xe trên đường dốc an toàn,(legacy) Đỗ xe trên đường dốc an toàn,,,P-KY-NANG,C-KY-NANG-GUI-XE,,/blog/kinh nghiệm/2026/09/19/do-xe-tren-duong-doc/,_posts/2026-09-20-do-xe-tren-duong-doc.md,/blog/kinh nghiệm/2026/09/19/do-xe-tren-duong-doc/,,,,,legacy:_posts/2026-09-20-do-xe-tren-duong-doc.md
BLG-00219,EXISTING,Gặp đoàn rước lễ hội trên đường khi đi xe máy: xử lý thế nào,(legacy) Gặp đoàn rước lễ hội trên đường khi đi xe máy: xử lý thế nào,,,P-KY-NANG,C-KY-NANG-THOI-TIET,,/blog/kinh nghiệm/2026/09/19/doan-ruoc-le-hoi-tren-duong-va-cach-xu-ly/,_posts/2026-09-20-doan-ruoc-le-hoi-tren-duong-va-cach-xu-ly.md,/blog/kinh nghiệm/2026/09/19/doan-ruoc-le-hoi-tren-duong-va-cach-xu-ly/,,,,,legacy:_posts/2026-09-20-doan-ruoc-le-hoi-tren-duong-va-cach-xu-ly.md
BLG-00220,EXISTING,Đọc dấu hiệu lốp xe máy mòn: khi nào cần báo cửa hàng thuê,(legacy) Đọc dấu hiệu lốp xe máy mòn: khi nào cần báo cửa hàng thuê,,,P-XE-MAY,C-BAO-DUONG,,/blog/kinh nghiệm/2026/09/19/doc-dau-hieu-lop-xe-may-mon-khi-nao-can-bao-cua-hang-thue/,_posts/2026-09-20-doc-dau-hieu-lop-xe-may-mon-khi-nao-can-bao-cua-hang-thue.md,/blog/kinh nghiệm/2026/09/19/doc-dau-hieu-lop-xe-may-mon-khi-nao-can-bao-cua-hang-thue/,,,,,legacy:_posts/2026-09-20-doc-dau-hieu-lop-xe-may-mon-khi-nao-can-bao-cua-hang-thue.md
BLG-00221,EXISTING,Đọc hiểu điều khoản hợp đồng thuê xe máy: những câu cần làm rõ,(legacy) Đọc hiểu điều khoản hợp đồng thuê xe máy: những câu cần làm rõ,,,P-THUE-XE,C-THUE-THU-TUC,,/blog/kinh nghiệm/2026/09/19/doc-hieu-dieu-khoan-hop-dong-thue-xe/,_posts/2026-09-20-doc-hieu-dieu-khoan-hop-dong-thue-xe.md,/blog/kinh nghiệm/2026/09/19/doc-hieu-dieu-khoan-hop-dong-thue-xe/,,,,,legacy:_posts/2026-09-20-doc-hieu-dieu-khoan-hop-dong-thue-xe.md
BLG-00222,EXISTING,Đọc mặt đường né ổ gà và vật rơi khi đi xe máy,(legacy) Đọc mặt đường né ổ gà và vật rơi khi đi xe máy,,,P-KY-NANG,C-KY-NANG-TINH-HUONG,,/blog/kinh nghiệm/2026/09/19/doc-mat-duong-tranh-o-ga-va-do-vat-roi/,_posts/2026-09-20-doc-mat-duong-tranh-o-ga-va-do-vat-roi.md,/blog/kinh nghiệm/2026/09/19/doc-mat-duong-tranh-o-ga-va-do-vat-roi/,,,,,legacy:_posts/2026-09-20-doc-mat-duong-tranh-o-ga-va-do-vat-roi.md
BLG-00223,EXISTING,Đội bê tráp đám cưới sáng sớm với xe máy,(legacy) Đội bê tráp đám cưới sáng sớm với xe máy,,,P-HOI-DAP,C-HD-NGUOI-MOI,,/blog/chia sẻ/2026/09/19/doi-be-trap-dam-cuoi-sang-song-voi-xe-may/,_posts/2026-09-20-doi-be-trap-dam-cuoi-sang-song-voi-xe-may.md,/blog/chia sẻ/2026/09/19/doi-be-trap-dam-cuoi-sang-song-voi-xe-may/,,,,,legacy:_posts/2026-09-20-doi-be-trap-dam-cuoi-sang-song-voi-xe-may.md
BLG-00224,EXISTING,Đổi địa điểm trả xe giữa kỳ thuê: thương lượng sao cho gọn,(legacy) Đổi địa điểm trả xe giữa kỳ thuê: thương lượng sao cho gọn,,,P-THUE-XE,C-THUE-NHAN-TRA,,/blog/kinh nghiệm/2026/09/19/doi-dia-diem-tra-xe-giua-ky-thue/,_posts/2026-09-20-doi-dia-diem-tra-xe-giua-ky-thue.md,/blog/kinh nghiệm/2026/09/19/doi-dia-diem-tra-xe-giua-ky-thue/,,,,,legacy:_posts/2026-09-20-doi-dia-diem-tra-xe-giua-ky-thue.md
BLG-00225,EXISTING,Đổi nơi làm việc giữa kỳ thuê xe máy: giữ di chuyển liền mạch,(legacy) Đổi nơi làm việc giữa kỳ thuê xe máy: giữ di chuyển liền mạch,,,P-HOI-DAP,C-HD-NGUOI-MOI,,/blog/chia sẻ/2026/09/19/doi-noi-lam-viec-giua-ky-thue-xe-may/,_posts/2026-09-20-doi-noi-lam-viec-giua-ky-thue-xe-may.md,/blog/chia sẻ/2026/09/19/doi-noi-lam-viec-giua-ky-thue-xe-may/,,,,,legacy:_posts/2026-09-20-doi-noi-lam-viec-giua-ky-thue-xe-may.md
BLG-00226,EXISTING,Đổi số điện thoại giữa kỳ thuê xe máy nên làm gì,(legacy) Đổi số điện thoại giữa kỳ thuê xe máy nên làm gì,,,P-HOI-DAP,C-HD-NGUOI-MOI,,/blog/chia sẻ/2026/09/19/doi-so-dien-thoai-giua-ky-thue/,_posts/2026-09-20-doi-so-dien-thoai-giua-ky-thue.md,/blog/chia sẻ/2026/09/19/doi-so-dien-thoai-giua-ky-thue/,,,,,legacy:_posts/2026-09-20-doi-so-dien-thoai-giua-ky-thue.md
BLG-00227,REVIEW,Đổi xe giữa kỳ thuê khi có việc đổi,(legacy) Đổi xe giữa kỳ thuê khi có việc đổi,,,P-THUE-XE,C-THUE-THU-TUC,,/blog/kinh nghiệm/2026/09/19/doi-xe-giua-ky-thue-khi-co-viec-doi/,_posts/2026-09-20-doi-xe-giua-ky-thue-khi-co-viec-doi.md,/blog/kinh nghiệm/2026/09/19/doi-xe-giua-ky-thue-khi-co-viec-doi/,,,,,legacy:_posts/2026-09-20-doi-xe-giua-ky-thue-khi-co-viec-doi.md
BLG-00228,REVIEW,Đổi xe giữa kỳ thuê ở Hà Nội: khi nào cần và cách làm đúng,(legacy) Đổi xe giữa kỳ thuê ở Hà Nội: khi nào cần và cách làm đúng,,,P-THUE-XE,C-THUE-THU-TUC,,/blog/kinh nghiệm/2026/09/19/doi-xe-giua-ky-thue-o-ha-noi/,_posts/2026-09-20-doi-xe-giua-ky-thue-o-ha-noi.md,/blog/kinh nghiệm/2026/09/19/doi-xe-giua-ky-thue-o-ha-noi/,,,,,legacy:_posts/2026-09-20-doi-xe-giua-ky-thue-o-ha-noi.md
BLG-00229,EXISTING,Dọn phòng trọ bằng xe máy sao cho ít chuyến,(legacy) Dọn phòng trọ bằng xe máy sao cho ít chuyến,,,P-THUE-XE,C-THUE-NGAY,,/blog/kinh nghiệm/2026/09/19/don-phong-tro-bang-xe-may/,_posts/2026-09-20-don-phong-tro-bang-xe-may.md,/blog/kinh nghiệm/2026/09/19/don-phong-tro-bang-xe-may/,,,,,legacy:_posts/2026-09-20-don-phong-tro-bang-xe-may.md
BLG-00230,EXISTING,Đồng hồ báo xăng sai trên xe ga cũ,(legacy) Đồng hồ báo xăng sai trên xe ga cũ,,,P-XE-MAY,C-XE-GA,,/blog/kinh nghiệm/2026/09/19/dong-ho-bao-xang-sai-tren-xe-ga-cu/,_posts/2026-09-20-dong-ho-bao-xang-sai-tren-xe-ga-cu.md,/blog/kinh nghiệm/2026/09/19/dong-ho-bao-xang-sai-tren-xe-ga-cu/,,,,,legacy:_posts/2026-09-20-dong-ho-bao-xang-sai-tren-xe-ga-cu.md
BLG-00231,EXISTING,Lịch trình khám phá Hà Nội một tuần bằng xe máy thuê,(legacy) Lịch trình khám phá Hà Nội một tuần bằng xe máy thuê,,,P-DU-LICH,C-DIEM-DEN,,/blog/du lịch/2026/09/19/du-lich-ha-noi-mot-tuan-bang-xe-may/,_posts/2026-09-20-du-lich-ha-noi-mot-tuan-bang-xe-may.md,/blog/du lịch/2026/09/19/du-lich-ha-noi-mot-tuan-bang-xe-may/,,,,,legacy:_posts/2026-09-20-du-lich-ha-noi-mot-tuan-bang-xe-may.md
BLG-00232,EXISTING,Đưa đón con trường xa bằng xe thuê tháng,(legacy) Đưa đón con trường xa bằng xe thuê tháng,,,P-KY-NANG,C-KY-NANG-CO-BAN,,/blog/kinh nghiệm/2026/09/19/dua-don-con-hai-chieu-truong-xa-bang-xe-thue/,_posts/2026-09-20-dua-don-con-hai-chieu-truong-xa-bang-xe-thue.md,/blog/kinh nghiệm/2026/09/19/dua-don-con-hai-chieu-truong-xa-bang-xe-thue/,,,,,legacy:_posts/2026-09-20-dua-don-con-hai-chieu-truong-xa-bang-xe-thue.md
BLG-00233,EXISTING,Đưa người nhà xuất viện bằng xe máy,(legacy) Đưa người nhà xuất viện bằng xe máy,,,P-KY-NANG,C-KY-NANG-CO-BAN,,/blog/kinh nghiệm/2026/09/19/dua-nguoi-nha-xuat-vien-bang-xe-may/,_posts/2026-09-20-dua-nguoi-nha-xuat-vien-bang-xe-may.md,/blog/kinh nghiệm/2026/09/19/dua-nguoi-nha-xuat-vien-bang-xe-may/,,,,,legacy:_posts/2026-09-20-dua-nguoi-nha-xuat-vien-bang-xe-may.md
BLG-00234,EXISTING,Dùng bản đồ và chỉ đường an toàn khi chạy xe máy ở Hà Nội,(legacy) Dùng bản đồ và chỉ đường an toàn khi chạy xe máy ở Hà Nội,,,P-THUE-XE,C-THUE-SU-CO,,/blog/kinh nghiệm/2026/09/19/dung-ban-do-an-toan-tren-xe-may/,_posts/2026-09-20-dung-ban-do-an-toan-tren-xe-may.md,/blog/kinh nghiệm/2026/09/19/dung-ban-do-an-toan-tren-xe-may/,,,,,legacy:_posts/2026-09-20-dung-ban-do-an-toan-tren-xe-may.md
BLG-00235,EXISTING,Dùng còi xe máy như thế nào cho đúng lúc,(legacy) Dùng còi xe máy như thế nào cho đúng lúc,,,P-PHAP-LY,C-QUY-DINH,,/blog/kinh nghiệm/2026/09/19/dung-coi-xe-may-khi-nao/,_posts/2026-09-20-dung-coi-xe-may-khi-nao.md,/blog/kinh nghiệm/2026/09/19/dung-coi-xe-may-khi-nao/,,,,,legacy:_posts/2026-09-20-dung-coi-xe-may-khi-nao.md
BLG-00236,EXISTING,Dừng đèn đỏ và chọn vị trí đứng đợi an toàn,(legacy) Dừng đèn đỏ và chọn vị trí đứng đợi an toàn,,,P-KY-NANG,C-KY-NANG-CO-BAN,,/blog/kinh nghiệm/2026/09/19/dung-den-do-chon-vi-tri/,_posts/2026-09-20-dung-den-do-chon-vi-tri.md,/blog/kinh nghiệm/2026/09/19/dung-den-do-chon-vi-tri/,,,,,legacy:_posts/2026-09-20-dung-den-do-chon-vi-tri.md
BLG-00237,EXISTING,Dung tích cốp xe máy thuê và khả năng chứa đồ hằng ngày,(legacy) Dung tích cốp xe máy thuê và khả năng chứa đồ hằng ngày,,,P-KY-NANG,C-KY-NANG-TINH-HUONG,,/blog/kinh nghiệm/2026/09/19/dung-tich-cop-xe-va-kha-nang-chua-do/,_posts/2026-09-20-dung-tich-cop-xe-va-kha-nang-chua-do.md,/blog/kinh nghiệm/2026/09/19/dung-tich-cop-xe-va-kha-nang-chua-do/,,,,,legacy:_posts/2026-09-20-dung-tich-cop-xe-va-kha-nang-chua-do.md
BLG-00238,EXISTING,Dừng xe chụp ảnh an toàn trên đường,(legacy) Dừng xe chụp ảnh an toàn trên đường,,,P-KY-NANG,C-KY-NANG-TINH-HUONG,,/blog/kinh nghiệm/2026/09/19/dung-xe-chup-anh-an-toan/,_posts/2026-09-20-dung-xe-chup-anh-an-toan.md,/blog/kinh nghiệm/2026/09/19/dung-xe-chup-anh-an-toan/,,,,,legacy:_posts/2026-09-20-dung-xe-chup-anh-an-toan.md
BLG-00239,EXISTING,Dừng xe đúng vạch trắng và đỗ xe kéo dài,(legacy) Dừng xe đúng vạch trắng và đỗ xe kéo dài,,,P-KY-NANG,C-KY-NANG-GUI-XE,,/blog/chia sẻ/2026/09/19/dung-xe-dung-vach-trang-do-xe-keo-dai/,_posts/2026-09-20-dung-xe-dung-vach-trang-do-xe-keo-dai.md,/blog/chia sẻ/2026/09/19/dung-xe-dung-vach-trang-do-xe-keo-dai/,,,,,legacy:_posts/2026-09-20-dung-xe-dung-vach-trang-do-xe-keo-dai.md
BLG-00240,EXISTING,"Dùng xe thuê cho công việc linh hoạt: ship hàng, đi nhiều điểm, lịch trình thay đổi","(legacy) Dùng xe thuê cho công việc linh hoạt: ship hàng, đi nhiều điểm, lịch trình thay đổi",,,P-KY-NANG,C-KY-NANG-CO-BAN,,/blog/kinh nghiệm/2026/09/19/dung-xe-thue-cho-cong-viec-linh-hoat/,_posts/2026-09-20-dung-xe-thue-cho-cong-viec-linh-hoat.md,/blog/kinh nghiệm/2026/09/19/dung-xe-thue-cho-cong-viec-linh-hoat/,,,,,legacy:_posts/2026-09-20-dung-xe-thue-cho-cong-viec-linh-hoat.md
BLG-00241,EXISTING,Đường bê tông rêu xanh khi đi vùng ven,(legacy) Đường bê tông rêu xanh khi đi vùng ven,,,P-KY-NANG,C-KY-NANG-TINH-HUONG,,/blog/kinh nghiệm/2026/09/19/duong-be-tong-re-xu-khi-di-vung-ven/,_posts/2026-09-20-duong-be-tong-re-xu-khi-di-vung-ven.md,/blog/kinh nghiệm/2026/09/19/duong-be-tong-re-xu-khi-di-vung-ven/,,,,,legacy:_posts/2026-09-20-duong-be-tong-re-xu-khi-di-vung-ven.md
BLG-00242,EXISTING,Đường bị đóng tạm và đường tránh khi đi xe máy ở Hà Nội,(legacy) Đường bị đóng tạm và đường tránh khi đi xe máy ở Hà Nội,,,P-KY-NANG,C-KY-NANG-TINH-HUONG,,/blog/kinh nghiệm/2026/09/19/duong-bi-dong-tam-va-duong-tranh-khi-di-xe-may-o-ha-noi/,_posts/2026-09-20-duong-bi-dong-tam-va-duong-tranh-khi-di-xe-may-o-ha-noi.md,/blog/kinh nghiệm/2026/09/19/duong-bi-dong-tam-va-duong-tranh-khi-di-xe-may-o-ha-noi/,,,,,legacy:_posts/2026-09-20-duong-bi-dong-tam-va-duong-tranh-khi-di-xe-may-o-ha-noi.md
BLG-00243,EXISTING,Đường một chiều và cấm rẽ ở phố đông Hà Nội,(legacy) Đường một chiều và cấm rẽ ở phố đông Hà Nội,,,P-KY-NANG,C-KY-NANG-TINH-HUONG,,/blog/kinh nghiệm/2026/09/19/duong-mot-chieu-va-cam-re-o-pho-dong/,_posts/2026-09-20-duong-mot-chieu-va-cam-re-o-pho-dong.md,/blog/kinh nghiệm/2026/09/19/duong-mot-chieu-va-cam-re-o-pho-dong/,,,,,legacy:_posts/2026-09-20-duong-mot-chieu-va-cam-re-o-pho-dong.md
BLG-00244,EXISTING,"Đường trơn sau mưa ở Hà Nội: ổ gà, vệt dầu và cách giữ bánh xe","(legacy) Đường trơn sau mưa ở Hà Nội: ổ gà, vệt dầu và cách giữ bánh xe",,,P-THUE-XE,C-THUE-SU-CO,,/blog/kinh nghiệm/2026/09/19/duong-tron-sau-mua-o-ga-va-vet-dau/,_posts/2026-09-20-duong-tron-sau-mua-o-ga-va-vet-dau.md,/blog/kinh nghiệm/2026/09/19/duong-tron-sau-mua-o-ga-va-vet-dau/,,,,,legacy:_posts/2026-09-20-duong-tron-sau-mua-o-ga-va-vet-dau.md
BLG-00245,EXISTING,Đường vắng và mất điện sáng đèn về đêm,(legacy) Đường vắng và mất điện sáng đèn về đêm,,,P-KY-NANG,C-KY-NANG-TINH-HUONG,,/blog/kinh nghiệm/2026/09/19/duong-vang-mat-dien-dem-toi/,_posts/2026-09-20-duong-vang-mat-dien-dem-toi.md,/blog/kinh nghiệm/2026/09/19/duong-vang-mat-dien-dem-toi/,,,,,legacy:_posts/2026-09-20-duong-vang-mat-dien-dem-toi.md
BLG-00246,EXISTING,"Gắn phụ kiện thêm lên xe thuê: điều nào nên làm, điều nào phải hỏi","(legacy) Gắn phụ kiện thêm lên xe thuê: điều nào nên làm, điều nào phải hỏi",,,P-KY-NANG,C-KY-NANG-CO-BAN,,/blog/kinh nghiệm/2026/09/19/gan-phu-kien-them-len-xe-thue-nen-hay-khong/,_posts/2026-09-20-gan-phu-kien-them-len-xe-thue-nen-hay-khong.md,/blog/kinh nghiệm/2026/09/19/gan-phu-kien-them-len-xe-thue-nen-hay-khong/,,,,,legacy:_posts/2026-09-20-gan-phu-kien-them-len-xe-thue-nen-hay-khong.md
BLG-00247,EXISTING,Ghi chép hành trình để tối ưu tuyến đi,(legacy) Ghi chép hành trình để tối ưu tuyến đi,,,P-KY-NANG,C-KY-NANG-CO-BAN,,/blog/kinh nghiệm/2026/09/19/ghi-chep-hanh-trinh-de-toi-uu-tuyen-di/,_posts/2026-09-20-ghi-chep-hanh-trinh-de-toi-uu-tuyen-di.md,/blog/kinh nghiệm/2026/09/19/ghi-chep-hanh-trinh-de-toi-uu-tuyen-di/,,,,,legacy:_posts/2026-09-20-ghi-chep-hanh-trinh-de-toi-uu-tuyen-di.md
BLG-00248,EXISTING,Ghi giờ nhận xe và trả xe: thói quen nhỏ tránh tranh luận lớn,(legacy) Ghi giờ nhận xe và trả xe: thói quen nhỏ tránh tranh luận lớn,,,P-THUE-XE,C-THUE-NHAN-TRA,,/blog/chia sẻ/2026/09/19/ghi-gio-nhan-xe-va-tra-xe-thoi-quen-nho/,_posts/2026-09-20-ghi-gio-nhan-xe-va-tra-xe-thoi-quen-nho.md,/blog/chia sẻ/2026/09/19/ghi-gio-nhan-xe-va-tra-xe-thoi-quen-nho/,,,,,legacy:_posts/2026-09-20-ghi-gio-nhan-xe-va-tra-xe-thoi-quen-nho.md
BLG-00249,EXISTING,Gia hạn thuê xe máy giữa kỳ: cách làm đúng để không phát sinh rắc rối,(legacy) Gia hạn thuê xe máy giữa kỳ: cách làm đúng để không phát sinh rắc rối,,,P-THUE-XE,C-THUE-THU-TUC,,/blog/kinh nghiệm/2026/09/19/gia-han-thue-xe-may-o-ha-noi/,_posts/2026-09-20-gia-han-thue-xe-may-o-ha-noi.md,/blog/kinh nghiệm/2026/09/19/gia-han-thue-xe-may-o-ha-noi/,,,,,legacy:_posts/2026-09-20-gia-han-thue-xe-may-o-ha-noi.md
BLG-00250,EXISTING,Tranh chấp hư hỏng khi trả xe thuê: quy trình giải quyết bình tĩnh và minh bạch,(legacy) Tranh chấp hư hỏng khi trả xe thuê: quy trình giải quyết bình tĩnh và minh bạch,,,P-THUE-XE,C-THUE-NHAN-TRA,,/blog/kinh nghiệm/2026/09/19/giai-quyet-tranh-chap-hu-hong-khi-tra-xe-thue/,_posts/2026-09-20-giai-quyet-tranh-chap-hu-hong-khi-tra-xe-thue.md,/blog/kinh nghiệm/2026/09/19/giai-quyet-tranh-chap-hu-hong-khi-tra-xe-thue/,,,,,legacy:_posts/2026-09-20-giai-quyet-tranh-chap-hu-hong-khi-tra-xe-thue.md
BLG-00251,EXISTING,Giao nhận xe máy vào ngày mưa cần lưu ý gì,(legacy) Giao nhận xe máy vào ngày mưa cần lưu ý gì,,,P-THUE-XE,C-THUE-NHAN-TRA,,/blog/chia sẻ/2026/09/19/giao-nhan-xe-ngay-mua/,_posts/2026-09-20-giao-nhan-xe-ngay-mua.md,/blog/chia sẻ/2026/09/19/giao-nhan-xe-ngay-mua/,,,,,legacy:_posts/2026-09-20-giao-nhan-xe-ngay-mua.md
BLG-00252,EXISTING,Giao xe cho người thân đi tỉnh lâu dài,(legacy) Giao xe cho người thân đi tỉnh lâu dài,,,P-KY-NANG,C-KY-NANG-TINH-HUONG,,/blog/kinh nghiệm/2026/09/19/giao-xe-cho-nguoi-than-di-tinh-lau-dai/,_posts/2026-09-20-giao-xe-cho-nguoi-than-di-tinh-lau-dai.md,/blog/kinh nghiệm/2026/09/19/giao-xe-cho-nguoi-than-di-tinh-lau-dai/,,,,,legacy:_posts/2026-09-20-giao-xe-cho-nguoi-than-di-tinh-lau-dai.md
BLG-00253,EXISTING,Giày dép khi đi xe máy: lựa chọn thực tế cho các chuyến đi Hà Nội,(legacy) Giày dép khi đi xe máy: lựa chọn thực tế cho các chuyến đi Hà Nội,,,P-KY-NANG,C-KY-NANG-TINH-HUONG,,/blog/kinh nghiệm/2026/09/19/giay-dep-khi-di-xe-may-thuc-te/,_posts/2026-09-20-giay-dep-khi-di-xe-may-thuc-te.md,/blog/kinh nghiệm/2026/09/19/giay-dep-khi-di-xe-may-thuc-te/,,,,,legacy:_posts/2026-09-20-giay-dep-khi-di-xe-may-thuc-te.md
BLG-00254,EXISTING,Giấy tờ cần mang khi đi xe máy thường ngày,(legacy) Giấy tờ cần mang khi đi xe máy thường ngày,,,P-PHAP-LY,C-GIAY-TO,,/blog/kinh nghiệm/2026/09/19/giay-to-can-mang-khi-di-xe-may-thuong-ngay/,_posts/2026-09-20-giay-to-can-mang-khi-di-xe-may-thuong-ngay.md,/blog/kinh nghiệm/2026/09/19/giay-to-can-mang-khi-di-xe-may-thuong-ngay/,,,,,legacy:_posts/2026-09-20-giay-to-can-mang-khi-di-xe-may-thuong-ngay.md
BLG-00255,EXISTING,Giấy tờ định danh điện tử khi đi xe thuê,(legacy) Giấy tờ định danh điện tử khi đi xe thuê,,,P-PHAP-LY,C-GIAY-TO,,/blog/kinh nghiệm/2026/09/19/giay-to-dinh-danh-dien-tu-khi-di-xe-thue/,_posts/2026-09-20-giay-to-dinh-danh-dien-tu-khi-di-xe-thue.md,/blog/kinh nghiệm/2026/09/19/giay-to-dinh-danh-dien-tu-khi-di-xe-thue/,,,,,legacy:_posts/2026-09-20-giay-to-dinh-danh-dien-tu-khi-di-xe-thue.md
BLG-00256,EXISTING,Giờ chạng vạng ở Hà Nội: đi xe máy khi tầm nhìn bị đánh lừa,(legacy) Giờ chạng vạng ở Hà Nội: đi xe máy khi tầm nhìn bị đánh lừa,,,P-KY-NANG,C-KY-NANG-TINH-HUONG,,/blog/kinh nghiệm/2026/09/19/gio-chang-vang-tam-nhin-kho-khi-di-xe-may/,_posts/2026-09-20-gio-chang-vang-tam-nhin-kho-khi-di-xe-may.md,/blog/kinh nghiệm/2026/09/19/gio-chang-vang-tam-nhin-kho-khi-di-xe-may/,,,,,legacy:_posts/2026-09-20-gio-chang-vang-tam-nhin-kho-khi-di-xe-may.md
BLG-00257,EXISTING,Giữ bằng chứng thanh toán khi thuê xe máy,(legacy) Giữ bằng chứng thanh toán khi thuê xe máy,,,P-THUE-XE,C-THUE-GIA,,/blog/chia sẻ/2026/09/19/giu-bang-chung-thanh-toan-khi-thue-xe/,_posts/2026-09-20-giu-bang-chung-thanh-toan-khi-thue-xe.md,/blog/chia sẻ/2026/09/19/giu-bang-chung-thanh-toan-khi-thue-xe/,,,,,legacy:_posts/2026-09-20-giu-bang-chung-thanh-toan-khi-thue-xe.md
BLG-00258,EXISTING,Giữ chìa khóa xe máy thuê khô ráo và an toàn suốt kỳ thuê,(legacy) Giữ chìa khóa xe máy thuê khô ráo và an toàn suốt kỳ thuê,,,P-KY-NANG,C-KY-NANG-TINH-HUONG,,/blog/kinh nghiệm/2026/09/19/giu-chia-khoa-xe-thue-kho-va-an-toan/,_posts/2026-09-20-giu-chia-khoa-xe-thue-kho-va-an-toan.md,/blog/kinh nghiệm/2026/09/19/giu-chia-khoa-xe-thue-kho-va-an-toan/,,,,,legacy:_posts/2026-09-20-giu-chia-khoa-xe-thue-kho-va-an-toan.md
BLG-00259,EXISTING,Giữ đồ công sở sạch sẽ gọn gàng khi đi làm bằng xe máy,(legacy) Giữ đồ công sở sạch sẽ gọn gàng khi đi làm bằng xe máy,,,P-THUE-XE,C-THUE-THANG,,/blog/chia sẻ/2026/09/19/giu-do-cong-so-sach-se-gon-gang-khi-di-lam-bang-xe-may/,_posts/2026-09-20-giu-do-cong-so-sach-se-gon-gang-khi-di-lam-bang-xe-may.md,/blog/chia sẻ/2026/09/19/giu-do-cong-so-sach-se-gon-gang-khi-di-lam-bang-xe-may/,,,,,legacy:_posts/2026-09-20-giu-do-cong-so-sach-se-gon-gang-khi-di-lam-bang-xe-may.md
BLG-00260,EXISTING,Giữ khoảng cách với xe tải và xe container khi đi xe máy ở Hà Nội,(legacy) Giữ khoảng cách với xe tải và xe container khi đi xe máy ở Hà Nội,,,P-PHAP-LY,C-QUY-DINH,,/blog/kinh nghiệm/2026/09/19/giu-khoang-cach-voi-xe-tai-xe-container/,_posts/2026-09-20-giu-khoang-cach-voi-xe-tai-xe-container.md,/blog/kinh nghiệm/2026/09/19/giu-khoang-cach-voi-xe-tai-xe-container/,,,,,legacy:_posts/2026-09-20-giu-khoang-cach-voi-xe-tai-xe-container.md
BLG-00261,EXISTING,Giữ an toàn tài sản cá nhân khi di chuyển bằng xe máy ở Hà Nội,(legacy) Giữ an toàn tài sản cá nhân khi di chuyển bằng xe máy ở Hà Nội,,,P-KY-NANG,C-KY-NANG-TINH-HUONG,,/blog/kinh nghiệm/2026/09/19/giu-tai-san-ca-nhan-an-toan-khi-di-xe-may/,_posts/2026-09-20-giu-tai-san-ca-nhan-an-toan-khi-di-xe-may.md,/blog/kinh nghiệm/2026/09/19/giu-tai-san-ca-nhan-an-toan-khi-di-xe-may/,,,,,legacy:_posts/2026-09-20-giu-tai-san-ca-nhan-an-toan-khi-di-xe-may.md
BLG-00262,EXISTING,Gờ giảm tốc và barrier: phanh và tư thế đúng,(legacy) Gờ giảm tốc và barrier: phanh và tư thế đúng,,,P-PHAP-LY,C-QUY-DINH,,/blog/kinh nghiệm/2026/09/19/go-giam-toc-va-barie-ngo/,_posts/2026-09-20-go-giam-toc-va-barie-ngo.md,/blog/kinh nghiệm/2026/09/19/go-giam-toc-va-barie-ngo/,,,,,legacy:_posts/2026-09-20-go-giam-toc-va-barie-ngo.md
BLG-00263,EXISTING,Gộp chuyến đi để giảm quãng đường mỗi ngày,(legacy) Gộp chuyến đi để giảm quãng đường mỗi ngày,,,P-KY-NANG,C-KY-NANG-TINH-HUONG,,/blog/kinh nghiệm/2026/09/19/gom-chuyen-di-de-giam-quang-duong-moi-ngay/,_posts/2026-09-20-gom-chuyen-di-de-giam-quang-duong-moi-ngay.md,/blog/kinh nghiệm/2026/09/19/gom-chuyen-di-de-giam-quang-duong-moi-ngay/,,,,,legacy:_posts/2026-09-20-gom-chuyen-di-de-giam-quang-duong-moi-ngay.md
BLG-00264,EXISTING,Gửi xe ban đêm và giữ an toàn cho xe máy thuê,(legacy) Gửi xe ban đêm và giữ an toàn cho xe máy thuê,,,P-KY-NANG,C-KY-NANG-GUI-XE,,/blog/kinh nghiệm/2026/09/19/gui-xe-ban-dem-va-an-toan-xe-thue/,_posts/2026-09-20-gui-xe-ban-dem-va-an-toan-xe-thue.md,/blog/kinh nghiệm/2026/09/19/gui-xe-ban-dem-va-an-toan-xe-thue/,,,,,legacy:_posts/2026-09-20-gui-xe-ban-dem-va-an-toan-xe-thue.md
BLG-00265,EXISTING,Gửi xe dài hạn ở nơi ở và nơi làm việc khi thuê xe máy theo tháng,(legacy) Gửi xe dài hạn ở nơi ở và nơi làm việc khi thuê xe máy theo tháng,,,P-THUE-XE,C-THUE-THANG,,/blog/kinh nghiệm/2026/09/19/gui-xe-dai-han-o-noi-o-va-noi-lam-viec/,_posts/2026-09-20-gui-xe-dai-han-o-noi-o-va-noi-lam-viec.md,/blog/kinh nghiệm/2026/09/19/gui-xe-dai-han-o-noi-o-va-noi-lam-viec/,,,,,legacy:_posts/2026-09-20-gui-xe-dai-han-o-noi-o-va-noi-lam-viec.md
BLG-00266,EXISTING,Gửi xe ở bến xe khi đi xe khách về quê,(legacy) Gửi xe ở bến xe khi đi xe khách về quê,,,P-KY-NANG,C-KY-NANG-GUI-XE,,/blog/kinh nghiệm/2026/09/19/gui-xe-o-ben-xe-khi-di-xe-khach-ve-que/,_posts/2026-09-20-gui-xe-o-ben-xe-khi-di-xe-khach-ve-que.md,/blog/kinh nghiệm/2026/09/19/gui-xe-o-ben-xe-khi-di-xe-khach-ve-que/,,,,,legacy:_posts/2026-09-20-gui-xe-o-ben-xe-khi-di-xe-khach-ve-que.md
BLG-00267,EXISTING,Gửi xe máy thuê ở nơi dốc và vỉa hè hẹp nên chọn vị trí nào,(legacy) Gửi xe máy thuê ở nơi dốc và vỉa hè hẹp nên chọn vị trí nào,,,P-KY-NANG,C-KY-NANG-GUI-XE,,/blog/kinh nghiệm/2026/09/19/gui-xe-o-cho-doc-va-via-he-hep-chon-vi-tri-nao/,_posts/2026-09-20-gui-xe-o-cho-doc-va-via-he-hep-chon-vi-tri-nao.md,/blog/kinh nghiệm/2026/09/19/gui-xe-o-cho-doc-va-via-he-hep-chon-vi-tri-nao/,,,,,legacy:_posts/2026-09-20-gui-xe-o-cho-doc-va-via-he-hep-chon-vi-tri-nao.md
BLG-00268,EXISTING,Gửi xe ở các điểm tham quan quanh Hà Nội: kinh nghiệm thực tế,(legacy) Gửi xe ở các điểm tham quan quanh Hà Nội: kinh nghiệm thực tế,,,P-KY-NANG,C-KY-NANG-GUI-XE,,/blog/du lịch/2026/09/19/gui-xe-o-diem-tham-quan-quanh-ha-noi/,_posts/2026-09-20-gui-xe-o-diem-tham-quan-quanh-ha-noi.md,/blog/du lịch/2026/09/19/gui-xe-o-diem-tham-quan-quanh-ha-noi/,,,,,legacy:_posts/2026-09-20-gui-xe-o-diem-tham-quan-quanh-ha-noi.md
BLG-00269,EXISTING,Gửi xe ở trung tâm thương mại và ghi nhớ vị trí xe,(legacy) Gửi xe ở trung tâm thương mại và ghi nhớ vị trí xe,,,P-KY-NANG,C-KY-NANG-GUI-XE,,/blog/kinh nghiệm/2026/09/19/gui-xe-o-trung-tam-thuong-mai/,_posts/2026-09-20-gui-xe-o-trung-tam-thuong-mai.md,/blog/kinh nghiệm/2026/09/19/gui-xe-o-trung-tam-thuong-mai/,,,,,legacy:_posts/2026-09-20-gui-xe-o-trung-tam-thuong-mai.md
BLG-00270,EXISTING,"Gửi xe tạm khi vào làm việc lặt vặt: chợ, ngân hàng, tiệm thuốc","(legacy) Gửi xe tạm khi vào làm việc lặt vặt: chợ, ngân hàng, tiệm thuốc",,,P-KY-NANG,C-KY-NANG-GUI-XE,,/blog/kinh nghiệm/2026/09/19/gui-xe-tam-khi-vao-lam-viec-lat-vat/,_posts/2026-09-20-gui-xe-tam-khi-vao-lam-viec-lat-vat.md,/blog/kinh nghiệm/2026/09/19/gui-xe-tam-khi-vao-lam-viec-lat-vat/,,,,,legacy:_posts/2026-09-20-gui-xe-tam-khi-vao-lam-viec-lat-vat.md
BLG-00271,EXISTING,"Gửi xe máy thuê tại chung cư và tòa nhà văn phòng: thủ tục, thẻ từ và các quy định","(legacy) Gửi xe máy thuê tại chung cư và tòa nhà văn phòng: thủ tục, thẻ từ và các quy định",,,P-KY-NANG,C-KY-NANG-GUI-XE,,/blog/kinh nghiệm/2026/09/19/gui-xe-thue-tai-chung-cu-va-toa-nha-van-phong/,_posts/2026-09-20-gui-xe-thue-tai-chung-cu-va-toa-nha-van-phong.md,/blog/kinh nghiệm/2026/09/19/gui-xe-thue-tai-chung-cu-va-toa-nha-van-phong/,,,,,legacy:_posts/2026-09-20-gui-xe-thue-tai-chung-cu-va-toa-nha-van-phong.md
BLG-00272,EXISTING,Gửi xe trong hầm tòa nhà: dốc hầm và cua hẹp cần lưu ý,(legacy) Gửi xe trong hầm tòa nhà: dốc hầm và cua hẹp cần lưu ý,,,P-KY-NANG,C-KY-NANG-GUI-XE,,/blog/kinh nghiệm/2026/09/19/gui-xe-trong-ham-toa-nha-doc-ham-va-cua-hep-can-luu-y/,_posts/2026-09-20-gui-xe-trong-ham-toa-nha-doc-ham-va-cua-hep-can-luu-y.md,/blog/kinh nghiệm/2026/09/19/gui-xe-trong-ham-toa-nha-doc-ham-va-cua-hep-can-luu-y/,,,,,legacy:_posts/2026-09-20-gui-xe-trong-ham-toa-nha-doc-ham-va-cua-hep-can-luu-y.md
BLG-00273,EXISTING,Gương chiếu hậu xe máy thuê bị lỏng giữa kỳ: xử lý tạm và cách báo cửa hàng,(legacy) Gương chiếu hậu xe máy thuê bị lỏng giữa kỳ: xử lý tạm và cách báo cửa hàng,,,P-THUE-XE,C-THUE-SU-CO,,/blog/kinh nghiệm/2026/09/19/guong-chieu-hau-bi-long-giua-ky-thue/,_posts/2026-09-20-guong-chieu-hau-bi-long-giua-ky-thue.md,/blog/kinh nghiệm/2026/09/19/guong-chieu-hau-bi-long-giua-ky-thue/,,,,,legacy:_posts/2026-09-20-guong-chieu-hau-bi-long-giua-ky-thue.md
BLG-00274,EXISTING,Hai người dùng chung một chiếc xe thuê trong nhà: sắp xếp thế nào cho thuận,(legacy) Hai người dùng chung một chiếc xe thuê trong nhà: sắp xếp thế nào cho thuận,,,P-HOI-DAP,C-HD-NGUOI-MOI,,/blog/chia sẻ/2026/09/19/hai-nguoi-dung-chung-mot-xe-thue-trong-nha/,_posts/2026-09-20-hai-nguoi-dung-chung-mot-xe-thue-trong-nha.md,/blog/chia sẻ/2026/09/19/hai-nguoi-dung-chung-mot-xe-thue-trong-nha/,,,,,legacy:_posts/2026-09-20-hai-nguoi-dung-chung-mot-xe-thue-trong-nha.md
BLG-00275,EXISTING,Hết xăng giữa đường và lỗi đổ nhầm loại xăng khi đi xe thuê,(legacy) Hết xăng giữa đường và lỗi đổ nhầm loại xăng khi đi xe thuê,,,P-THUE-XE,C-THUE-SU-CO,,/blog/kinh nghiệm/2026/09/19/het-xang-va-do-nham-loai-xang-khi-di-xe-thue/,_posts/2026-09-20-het-xang-va-do-nham-loai-xang-khi-di-xe-thue.md,/blog/kinh nghiệm/2026/09/19/het-xang-va-do-nham-loai-xang-khi-di-xe-thue/,,,,,legacy:_posts/2026-09-20-het-xang-va-do-nham-loai-xang-khi-di-xe-thue.md
BLG-00276,EXISTING,Những hiểu lầm phổ biến về thuê xe máy ở Hà Nội,(legacy) Những hiểu lầm phổ biến về thuê xe máy ở Hà Nội,,,P-THUE-XE,C-THUE-THU-TUC,,/blog/chia sẻ/2026/09/19/hieu-lam-pho-bien-ve-thue-xe-may-ha-noi/,_posts/2026-09-20-hieu-lam-pho-bien-ve-thue-xe-may-ha-noi.md,/blog/chia sẻ/2026/09/19/hieu-lam-pho-bien-ve-thue-xe-may-ha-noi/,,,,,legacy:_posts/2026-09-20-hieu-lam-pho-bien-ve-thue-xe-may-ha-noi.md
BLG-00277,EXISTING,Hồ Quan Sơn một ngày đi xe máy,(legacy) Hồ Quan Sơn một ngày đi xe máy,,,P-THUE-XE,C-THUE-NGAY,,/blog/du lịch/2026/09/19/ho-quan-son-mot-ngay-di-xe-may/,_posts/2026-09-20-ho-quan-son-mot-ngay-di-xe-may.md,/blog/du lịch/2026/09/19/ho-quan-son-mot-ngay-di-xe-may/,,,,,legacy:_posts/2026-09-20-ho-quan-son-mot-ngay-di-xe-may.md
BLG-00278,EXISTING,Hồ sơ bàn giao xe thuê: ghi nhận trầy xước và tình trạng xe,(legacy) Hồ sơ bàn giao xe thuê: ghi nhận trầy xước và tình trạng xe,,,P-THUE-XE,C-THUE-NHAN-TRA,,/blog/kinh nghiệm/2026/09/19/ho-so-ban-giao-va-phan-loai-tray-xuoc/,_posts/2026-09-20-ho-so-ban-giao-va-phan-loai-tray-xuoc.md,/blog/kinh nghiệm/2026/09/19/ho-so-ban-giao-va-phan-loai-tray-xuoc/,,,,,legacy:_posts/2026-09-20-ho-so-ban-giao-va-phan-loai-tray-xuoc.md
BLG-00279,EXISTING,Hồ sơ và hóa đơn khi thuê xe máy cho công việc,(legacy) Hồ sơ và hóa đơn khi thuê xe máy cho công việc,,,P-THUE-XE,C-THUE-GIA,,/blog/kinh nghiệm/2026/09/19/ho-so-hoa-don-khi-thue-xe-cho-cong-viec/,_posts/2026-09-20-ho-so-hoa-don-khi-thue-xe-cho-cong-viec.md,/blog/kinh nghiệm/2026/09/19/ho-so-hoa-don-khi-thue-xe-cho-cong-viec/,,,,,legacy:_posts/2026-09-20-ho-so-hoa-don-khi-thue-xe-cho-cong-viec.md
BLG-00280,EXISTING,Hợp đồng thuê xe máy ở Hà Nội nên có những gì,(legacy) Hợp đồng thuê xe máy ở Hà Nội nên có những gì,,,P-THUE-XE,C-THUE-THU-TUC,,/blog/kinh nghiệm/2026/09/19/hop-dong-thue-xe-may-can-co-nhung-gi/,_posts/2026-09-20-hop-dong-thue-xe-may-can-co-nhung-gi.md,/blog/kinh nghiệm/2026/09/19/hop-dong-thue-xe-may-can-co-nhung-gi/,,,,,legacy:_posts/2026-09-20-hop-dong-thue-xe-may-can-co-nhung-gi.md
BLG-00281,EXISTING,Kết hợp tàu điện và xe máy thuê khi đi làm ở Hà Nội,(legacy) Kết hợp tàu điện và xe máy thuê khi đi làm ở Hà Nội,,,P-THUE-XE,C-THUE-THANG,,/blog/kinh nghiệm/2026/09/19/ket-hop-tau-dien-va-xe-may-thue-khi-di-lam-o-ha-noi/,_posts/2026-09-20-ket-hop-tau-dien-va-xe-may-thue-khi-di-lam-o-ha-noi.md,/blog/kinh nghiệm/2026/09/19/ket-hop-tau-dien-va-xe-may-thue-khi-di-lam-o-ha-noi/,,,,,legacy:_posts/2026-09-20-ket-hop-tau-dien-va-xe-may-thue-khi-di-lam-o-ha-noi.md
BLG-00282,EXISTING,Khám phá làng cổ Đường Lâm bằng xe máy,(legacy) Khám phá làng cổ Đường Lâm bằng xe máy,,,P-KY-NANG,C-KY-NANG-TINH-HUONG,,/blog/du lịch/2026/09/19/kham-pha-lang-co-duong-lam-bang-xe-may/,_posts/2026-09-20-kham-pha-lang-co-duong-lam-bang-xe-may.md,/blog/du lịch/2026/09/19/kham-pha-lang-co-duong-lam-bang-xe-may/,,,,,legacy:_posts/2026-09-20-kham-pha-lang-co-duong-lam-bang-xe-may.md
BLG-00283,EXISTING,Khi nào nên chọn xe điện thay vì xe xăng khi thuê ở Hà Nội,(legacy) Khi nào nên chọn xe điện thay vì xe xăng khi thuê ở Hà Nội,,,P-XE-MAY,C-XE-DIEN,,/blog/kinh nghiệm/2026/09/19/khi-nao-chon-xe-dien-thay-xe-xang/,_posts/2026-09-20-khi-nao-chon-xe-dien-thay-xe-xang.md,/blog/kinh nghiệm/2026/09/19/khi-nao-chon-xe-dien-thay-xe-xang/,,,,,legacy:_posts/2026-09-20-khi-nao-chon-xe-dien-thay-xe-xang.md
BLG-00284,EXISTING,Khi nào nên nói chuyện để cha mẹ bớt tự lái xe,(legacy) Khi nào nên nói chuyện để cha mẹ bớt tự lái xe,,,P-KY-NANG,C-KY-NANG-SUC-KHOE,,/blog/chia sẻ/2026/09/19/khi-nao-thuyet-phu-cha-me-giao-lai-xe/,_posts/2026-09-20-khi-nao-thuyet-phu-cha-me-giao-lai-xe.md,/blog/chia sẻ/2026/09/19/khi-nao-thuyet-phu-cha-me-giao-lai-xe/,,,,,legacy:_posts/2026-09-20-khi-nao-thuyet-phu-cha-me-giao-lai-xe.md
BLG-00285,EXISTING,Khi xe thuê tốn nhiên liệu bất thường,(legacy) Khi xe thuê tốn nhiên liệu bất thường,,,P-KY-NANG,C-KY-NANG-CO-BAN,,/blog/kinh nghiệm/2026/09/19/khi-xe-thue-ton-nhien-lieu-bat-thuong/,_posts/2026-09-20-khi-xe-thue-ton-nhien-lieu-bat-thuong.md,/blog/kinh nghiệm/2026/09/19/khi-xe-thue-ton-nhien-lieu-bat-thuong/,,,,,legacy:_posts/2026-09-20-khi-xe-thue-ton-nhien-lieu-bat-thuong.md
BLG-00286,EXISTING,Khóa cổ hoặc khóa điện bị kẹt giữa kỳ thuê,(legacy) Khóa cổ hoặc khóa điện bị kẹt giữa kỳ thuê,,,P-THUE-XE,C-THUE-SU-CO,,/blog/kinh nghiệm/2026/09/19/khoa-co-hoa-dien-bi-ket-giua-ky-thue/,_posts/2026-09-20-khoa-co-hoa-dien-bi-ket-giua-ky-thue.md,/blog/kinh nghiệm/2026/09/19/khoa-co-hoa-dien-bi-ket-giua-ky-thue/,,,,,legacy:_posts/2026-09-20-khoa-co-hoa-dien-bi-ket-giua-ky-thue.md
BLG-00287,EXISTING,Không để xe nổ máy khi chờ lâu: thói quen nhỏ nhiều lợi ích,(legacy) Không để xe nổ máy khi chờ lâu: thói quen nhỏ nhiều lợi ích,,,P-KY-NANG,C-KY-NANG-GUI-XE,,/blog/kinh nghiệm/2026/09/19/khong-de-xe-no-may-khi-cho-lau/,_posts/2026-09-20-khong-de-xe-no-may-khi-cho-lau.md,/blog/kinh nghiệm/2026/09/19/khong-de-xe-no-may-khi-cho-lau/,,,,,legacy:_posts/2026-09-20-khong-de-xe-no-may-khi-cho-lau.md
BLG-00288,EXISTING,Không phụ thuộc vào một ứng dụng bản đồ khi đi xe máy,(legacy) Không phụ thuộc vào một ứng dụng bản đồ khi đi xe máy,,,P-THUE-XE,C-THUE-SU-CO,,/blog/kinh nghiệm/2026/09/19/khong-phu-thuoc-mot-ung-dung-ban-do/,_posts/2026-09-20-khong-phu-thuoc-mot-ung-dung-ban-do.md,/blog/kinh nghiệm/2026/09/19/khong-phu-thuoc-mot-ung-dung-ban-do/,,,,,legacy:_posts/2026-09-20-khong-phu-thuoc-mot-ung-dung-ban-do.md
BLG-00289,EXISTING,Khung kế hoạch thuê xe máy dài hạn nhiều tháng,(legacy) Khung kế hoạch thuê xe máy dài hạn nhiều tháng,,,P-THUE-XE,C-THUE-THANG,,/blog/kinh nghiệm/2026/09/19/khung-ke-hoach-thue-xe-dai-han-nhieu-thang/,_posts/2026-09-20-khung-ke-hoach-thue-xe-dai-han-nhieu-thang.md,/blog/kinh nghiệm/2026/09/19/khung-ke-hoach-thue-xe-dai-han-nhieu-thang/,,,,,legacy:_posts/2026-09-20-khung-ke-hoach-thue-xe-dai-han-nhieu-thang.md
BLG-00290,EXISTING,"Kiểm tra ga, đề máy, còi và xi nhan khi nhận xe máy thuê","(legacy) Kiểm tra ga, đề máy, còi và xi nhan khi nhận xe máy thuê",,,P-THUE-XE,C-THUE-NHAN-TRA,,/blog/kinh nghiệm/2026/09/19/kiem-tra-ga-de-may-coi-va-xi-nhan-khi-nhan-xe-thue/,_posts/2026-09-20-kiem-tra-ga-de-may-coi-va-xi-nhan-khi-nhan-xe-thue.md,/blog/kinh nghiệm/2026/09/19/kiem-tra-ga-de-may-coi-va-xi-nhan-khi-nhan-xe-thue/,,,,,legacy:_posts/2026-09-20-kiem-tra-ga-de-may-coi-va-xi-nhan-khi-nhan-xe-thue.md
BLG-00291,EXISTING,Kiểm tra xe sau khi bị người khác di chuyển khi vắng mặt,(legacy) Kiểm tra xe sau khi bị người khác di chuyển khi vắng mặt,,,P-THUE-XE,C-THUE-NHAN-TRA,,/blog/kinh nghiệm/2026/09/19/kiem-tra-xe-sau-khi-bi-nguoi-khac-dich-chuyen/,_posts/2026-09-20-kiem-tra-xe-sau-khi-bi-nguoi-khac-dich-chuyen.md,/blog/kinh nghiệm/2026/09/19/kiem-tra-xe-sau-khi-bi-nguoi-khac-dich-chuyen/,,,,,legacy:_posts/2026-09-20-kiem-tra-xe-sau-khi-bi-nguoi-khac-dich-chuyen.md
BLG-00292,EXISTING,Kính mũ bảo hiểm bị mờ sương khi đi xe máy: cách xử lý và phòng tránh,(legacy) Kính mũ bảo hiểm bị mờ sương khi đi xe máy: cách xử lý và phòng tránh,,,P-PHAP-LY,C-BAO-HIEM,,/blog/kinh nghiệm/2026/09/19/kinh-mu-bao-hiem-bi-mo-suong-khi-di-xe-may/,_posts/2026-09-20-kinh-mu-bao-hiem-bi-mo-suong-khi-di-xe-may.md,/blog/kinh nghiệm/2026/09/19/kinh-mu-bao-hiem-bi-mo-suong-khi-di-xe-may/,,,,,legacy:_posts/2026-09-20-kinh-mu-bao-hiem-bi-mo-suong-khi-di-xe-may.md
BLG-00293,EXISTING,"Kính mũ bảo hiểm trầy, loe sáng khi chạy đêm","(legacy) Kính mũ bảo hiểm trầy, loe sáng khi chạy đêm",,,P-PHAP-LY,C-BAO-HIEM,,/blog/kinh nghiệm/2026/09/19/kinh-mu-bao-hiem-tray-loe-sang-khi-chay-dem/,_posts/2026-09-20-kinh-mu-bao-hiem-tray-loe-sang-khi-chay-dem.md,/blog/kinh nghiệm/2026/09/19/kinh-mu-bao-hiem-tray-loe-sang-khi-chay-dem/,,,,,legacy:_posts/2026-09-20-kinh-mu-bao-hiem-tray-loe-sang-khi-chay-dem.md
BLG-00294,EXISTING,Kỹ năng đẩy và di chuyển xe máy không nổ máy khi đi thuê xe,(legacy) Kỹ năng đẩy và di chuyển xe máy không nổ máy khi đi thuê xe,,,P-KY-NANG,C-KY-NANG-TINH-HUONG,,/blog/kinh nghiệm/2026/09/19/ky-nang-day-va-di-chuyen-xe-may-khong-no/,_posts/2026-09-20-ky-nang-day-va-di-chuyen-xe-may-khong-no.md,/blog/kinh nghiệm/2026/09/19/ky-nang-day-va-di-chuyen-xe-may-khong-no/,,,,,legacy:_posts/2026-09-20-ky-nang-day-va-di-chuyen-xe-may-khong-no.md
BLG-00295,EXISTING,Kỹ năng đi xe máy trên đường đê và đường ven sông Hà Nội,(legacy) Kỹ năng đi xe máy trên đường đê và đường ven sông Hà Nội,,,P-KY-NANG,C-KY-NANG-TINH-HUONG,,/blog/du lịch/2026/09/19/ky-nang-di-xe-tren-duong-de-va-duong-ven-song/,_posts/2026-09-20-ky-nang-di-xe-tren-duong-de-va-duong-ven-song.md,/blog/du lịch/2026/09/19/ky-nang-di-xe-tren-duong-de-va-duong-ven-song/,,,,,legacy:_posts/2026-09-20-ky-nang-di-xe-tren-duong-de-va-duong-ven-song.md
BLG-00296,EXISTING,Kỹ năng phanh gấp an toàn trên xe máy,(legacy) Kỹ năng phanh gấp an toàn trên xe máy,,,P-XE-MAY,C-BAO-DUONG,,/blog/kinh nghiệm/2026/09/19/ky-nang-phanh-gap-an-toan-tren-xe-may/,_posts/2026-09-20-ky-nang-phanh-gap-an-toan-tren-xe-may.md,/blog/kinh nghiệm/2026/09/19/ky-nang-phanh-gap-an-toan-tren-xe-may/,,,,,legacy:_posts/2026-09-20-ky-nang-phanh-gap-an-toan-tren-xe-may.md
BLG-00297,EXISTING,Kỹ năng qua cầu ở Hà Nội khi đi xe máy thuê,(legacy) Kỹ năng qua cầu ở Hà Nội khi đi xe máy thuê,,,P-KY-NANG,C-KY-NANG-TINH-HUONG,,/blog/kinh nghiệm/2026/09/19/ky-nang-qua-cau-o-ha-noi-khi-di-xe-may-thue/,_posts/2026-09-20-ky-nang-qua-cau-o-ha-noi-khi-di-xe-may-thue.md,/blog/kinh nghiệm/2026/09/19/ky-nang-qua-cau-o-ha-noi-khi-di-xe-may-thue/,,,,,legacy:_posts/2026-09-20-ky-nang-qua-cau-o-ha-noi-khi-di-xe-may-thue.md
BLG-00298,EXISTING,Kỹ năng vào ngõ hẹp và ra vào cổng nhà bằng xe máy,(legacy) Kỹ năng vào ngõ hẹp và ra vào cổng nhà bằng xe máy,,,P-KY-NANG,C-KY-NANG-TINH-HUONG,,/blog/kinh nghiệm/2026/09/19/ky-nang-vao-ngo-hep-va-ra-vao-cong-nha/,_posts/2026-09-20-ky-nang-vao-ngo-hep-va-ra-vao-cong-nha.md,/blog/kinh nghiệm/2026/09/19/ky-nang-vao-ngo-hep-va-ra-vao-cong-nha/,,,,,legacy:_posts/2026-09-20-ky-nang-vao-ngo-hep-va-ra-vao-cong-nha.md
BLG-00299,EXISTING,"Kỳ thuê xe bị gián đoạn đột xuất: ốm, công tác, việc gia đình","(legacy) Kỳ thuê xe bị gián đoạn đột xuất: ốm, công tác, việc gia đình",,,P-KY-NANG,C-KY-NANG-CO-BAN,,/blog/kinh nghiệm/2026/09/19/ky-thue-xe-bi-gian-doan-dot-xuat-om-cong-tac-viec-gia-dinh/,_posts/2026-09-20-ky-thue-xe-bi-gian-doan-dot-xuat-om-cong-tac-viec-gia-dinh.md,/blog/kinh nghiệm/2026/09/19/ky-thue-xe-bi-gian-doan-dot-xuat-om-cong-tac-viec-gia-dinh/,,,,,legacy:_posts/2026-09-20-ky-thue-xe-bi-gian-doan-dot-xuat-om-cong-tac-viec-gia-dinh.md
BLG-00300,EXISTING,Lái lại xe máy sau nhiều năm không lái cần làm gì,(legacy) Lái lại xe máy sau nhiều năm không lái cần làm gì,,,P-KY-NANG,C-KY-NANG-TINH-HUONG,,/blog/kinh nghiệm/2026/09/19/lai-lai-xe-sau-nhieu-nam-khong-lai/,_posts/2026-09-20-lai-lai-xe-sau-nhieu-nam-khong-lai.md,/blog/kinh nghiệm/2026/09/19/lai-lai-xe-sau-nhieu-nam-khong-lai/,,,,,legacy:_posts/2026-09-20-lai-lai-xe-sau-nhieu-nam-khong-lai.md
BLG-00301,EXISTING,Làm cha lần đầu: đi xe cẩn kỹ hơn,(legacy) Làm cha lần đầu: đi xe cẩn kỹ hơn,,,P-KY-NANG,C-KY-NANG-SUC-KHOE,,/blog/chia sẻ/2026/09/19/lam-cha-lan-dau-di-xe-can-ky-hon/,_posts/2026-09-20-lam-cha-lan-dau-di-xe-can-ky-hon.md,/blog/chia sẻ/2026/09/19/lam-cha-lan-dau-di-xe-can-ky-hon/,,,,,legacy:_posts/2026-09-20-lam-cha-lan-dau-di-xe-can-ky-hon.md
BLG-00302,EXISTING,Làm giao hàng bằng xe máy thuê nên chuẩn bị gì,(legacy) Làm giao hàng bằng xe máy thuê nên chuẩn bị gì,,,P-DU-LICH,C-DIEM-DEN,,/blog/chia sẻ/2026/09/19/lam-giao-hang-bang-xe-may-thue/,_posts/2026-09-20-lam-giao-hang-bang-xe-may-thue.md,/blog/chia sẻ/2026/09/19/lam-giao-hang-bang-xe-may-thue/,,,,,legacy:_posts/2026-09-20-lam-giao-hang-bang-xe-may-thue.md
BLG-00303,EXISTING,Làm quen xe côn tay thuê lần đầu,(legacy) Làm quen xe côn tay thuê lần đầu,,,P-XE-MAY,C-XE-GA,,/blog/kinh nghiệm/2026/09/19/lam-quen-xe-con-tay-thue-lan-dau/,_posts/2026-09-20-lam-quen-xe-con-tay-thue-lan-dau.md,/blog/kinh nghiệm/2026/09/19/lam-quen-xe-con-tay-thue-lan-dau/,,,,,legacy:_posts/2026-09-20-lam-quen-xe-con-tay-thue-lan-dau.md
BLG-00304,EXISTING,Làm quen với xe đạp điện thuê lần đầu,(legacy) Làm quen với xe đạp điện thuê lần đầu,,,P-XE-MAY,C-XE-DAP-DIEN,,/blog/kinh nghiệm/2026/09/19/lam-quen-xe-dap-dien-thue/,_posts/2026-09-20-lam-quen-xe-dap-dien-thue.md,/blog/kinh nghiệm/2026/09/19/lam-quen-xe-dap-dien-thue/,,,,,legacy:_posts/2026-09-20-lam-quen-xe-dap-dien-thue.md
BLG-00305,EXISTING,Làm quen xe máy điện lần đầu nên biết gì,(legacy) Làm quen xe máy điện lần đầu nên biết gì,,,P-XE-MAY,C-XE-DIEN,,/blog/kinh nghiệm/2026/09/19/lam-quen-xe-may-dien-lan-dau/,_posts/2026-09-20-lam-quen-xe-may-dien-lan-dau.md,/blog/kinh nghiệm/2026/09/19/lam-quen-xe-may-dien-lan-dau/,,,,,legacy:_posts/2026-09-20-lam-quen-xe-may-dien-lan-dau.md
BLG-00306,EXISTING,"Làn xe buýt, làn khẩn cấp và các làn cấm: người đi xe máy cần nhận biết thế nào","(legacy) Làn xe buýt, làn khẩn cấp và các làn cấm: người đi xe máy cần nhận biết thế nào",,,P-PHAP-LY,C-QUY-DINH,,/blog/kinh nghiệm/2026/09/19/lan-xe-buyt-va-cac-lan-cam-nhan-biet-the-nao/,_posts/2026-09-20-lan-xe-buyt-va-cac-lan-cam-nhan-biet-the-nao.md,/blog/kinh nghiệm/2026/09/19/lan-xe-buyt-va-cac-lan-cam-nhan-biet-the-nao/,,,,,legacy:_posts/2026-09-20-lan-xe-buyt-va-cac-lan-cam-nhan-biet-the-nao.md
BLG-00307,EXISTING,Làng gốm Bát Tràng bằng xe máy,(legacy) Làng gốm Bát Tràng bằng xe máy,,,P-CUNG-DUONG,C-CD-CUOI-TUAN,,/blog/du lịch/2026/09/19/lang-gom-bat-trang-bang-xe-may/,_posts/2026-09-20-lang-gom-bat-trang-bang-xe-may.md,/blog/du lịch/2026/09/19/lang-gom-bat-trang-bang-xe-may/,,,,,legacy:_posts/2026-09-20-lang-gom-bat-trang-bang-xe-may.md
BLG-00308,EXISTING,Lập kế hoạch pin cho xe máy điện khi đi lại hằng ngày ở Hà Nội,(legacy) Lập kế hoạch pin cho xe máy điện khi đi lại hằng ngày ở Hà Nội,,,P-XE-MAY,C-XE-DIEN,,/blog/kinh nghiệm/2026/09/19/lap-ke-hoach-pin-xe-dien-hang-ngay/,_posts/2026-09-20-lap-ke-hoach-pin-xe-dien-hang-ngay.md,/blog/kinh nghiệm/2026/09/19/lap-ke-hoach-pin-xe-dien-hang-ngay/,,,,,legacy:_posts/2026-09-20-lap-ke-hoach-pin-xe-dien-hang-ngay.md
BLG-00309,EXISTING,Lập tuyến đường bằng xe máy ở Hà Nội: đi đúng đường cho phép và tránh đường cấm,(legacy) Lập tuyến đường bằng xe máy ở Hà Nội: đi đúng đường cho phép và tránh đường cấm,,,P-KY-NANG,C-KY-NANG-TINH-HUONG,,/blog/kinh nghiệm/2026/09/19/lap-tuyen-duong-xe-may-tranh-duong-cam-va-cao-toc/,_posts/2026-09-20-lap-tuyen-duong-xe-may-tranh-duong-cam-va-cao-toc.md,/blog/kinh nghiệm/2026/09/19/lap-tuyen-duong-xe-may-tranh-duong-cam-va-cao-toc/,,,,,legacy:_posts/2026-09-20-lap-tuyen-duong-xe-may-tranh-duong-cam-va-cao-toc.md
BLG-00310,EXISTING,Lên lịch di chuyển theo dự báo thời tiết,(legacy) Lên lịch di chuyển theo dự báo thời tiết,,,P-KY-NANG,C-KY-NANG-CO-BAN,,/blog/kinh nghiệm/2026/09/19/len-lich-di-lai-theo-du-bao-thoi-tiet/,_posts/2026-09-20-len-lich-di-lai-theo-du-bao-thoi-tiet.md,/blog/kinh nghiệm/2026/09/19/len-lich-di-lai-theo-du-bao-thoi-tiet/,,,,,legacy:_posts/2026-09-20-len-lich-di-lai-theo-du-bao-thoi-tiet.md
BLG-00311,EXISTING,Lên xuống via hè có mép cao: tư thế và thời điểm,(legacy) Lên xuống via hè có mép cao: tư thế và thời điểm,,,P-KY-NANG,C-KY-NANG-CO-BAN,,/blog/kinh nghiệm/2026/09/19/len-xuong-via-he-me-cao/,_posts/2026-09-20-len-xuong-via-he-me-cao.md,/blog/kinh nghiệm/2026/09/19/len-xuong-via-he-me-cao/,,,,,legacy:_posts/2026-09-20-len-xuong-via-he-me-cao.md
BLG-00312,EXISTING,Lịch sử trao đổi với nơi cho thuê xe máy: vì sao nên giữ lại tin nhắn,(legacy) Lịch sử trao đổi với nơi cho thuê xe máy: vì sao nên giữ lại tin nhắn,,,P-HOI-DAP,C-HD-NGUOI-MOI,,/blog/chia sẻ/2026/09/19/lich-su-trao-doi-voi-noi-cho-thue-xe-may/,_posts/2026-09-20-lich-su-trao-doi-voi-noi-cho-thue-xe-may.md,/blog/chia sẻ/2026/09/19/lich-su-trao-doi-voi-noi-cho-thue-xe-may/,,,,,legacy:_posts/2026-09-20-lich-su-trao-doi-voi-noi-cho-thue-xe-may.md
BLG-00313,EXISTING,Lùi xe và quay đầu xe trong ngõ hẹp,(legacy) Lùi xe và quay đầu xe trong ngõ hẹp,,,P-KY-NANG,C-KY-NANG-TINH-HUONG,,/blog/kinh nghiệm/2026/09/19/lui-va-quay-dau-xe-trong-ngo-hep/,_posts/2026-09-20-lui-va-quay-dau-xe-trong-ngo-hep.md,/blog/kinh nghiệm/2026/09/19/lui-va-quay-dau-xe-trong-ngo-hep/,,,,,legacy:_posts/2026-09-20-lui-va-quay-dau-xe-trong-ngo-hep.md
BLG-00314,EXISTING,Luyện tập thi bằng lái A1 bằng xe máy thuê: được không và nên thế nào,(legacy) Luyện tập thi bằng lái A1 bằng xe máy thuê: được không và nên thế nào,,,P-PHAP-LY,C-GPLX,,/blog/kinh nghiệm/2026/09/19/luyen-tap-thi-bang-lai-a1-bang-xe-may-thue-duoc-khong-va-nen-the-nao/,_posts/2026-09-20-luyen-tap-thi-bang-lai-a1-bang-xe-may-thue-duoc-khong-va-nen-the-nao.md,/blog/kinh nghiệm/2026/09/19/luyen-tap-thi-bang-lai-a1-bang-xe-may-thue-duoc-khong-va-nen-the-nao/,,,,,legacy:_posts/2026-09-20-luyen-tap-thi-bang-lai-a1-bang-xe-may-thue-duoc-khong-va-nen-the-nao.md
BLG-00315,EXISTING,Mang can xăng dự phòng: nên hay không,(legacy) Mang can xăng dự phòng: nên hay không,,,P-KY-NANG,C-KY-NANG-CHO-DO,,/blog/kinh nghiệm/2026/09/19/mang-can-xang-du-phong-duoc-khong/,_posts/2026-09-20-mang-can-xang-du-phong-duoc-khong.md,/blog/kinh nghiệm/2026/09/19/mang-can-xang-du-phong-duoc-khong/,,,,,legacy:_posts/2026-09-20-mang-can-xang-du-phong-duoc-khong.md
BLG-00316,EXISTING,Chở đồ dài và đồ dễ vỡ trên xe máy một cách an toàn,(legacy) Chở đồ dài và đồ dễ vỡ trên xe máy một cách an toàn,,,P-KY-NANG,C-KY-NANG-CHO-DO,,/blog/kinh nghiệm/2026/09/19/mang-do-dai-va-do-de-vo-tren-xe-may/,_posts/2026-09-20-mang-do-dai-va-do-de-vo-tren-xe-may.md,/blog/kinh nghiệm/2026/09/19/mang-do-dai-va-do-de-vo-tren-xe-may/,,,,,legacy:_posts/2026-09-20-mang-do-dai-va-do-de-vo-tren-xe-may.md
BLG-00317,EXISTING,Mang tiền đặt cọc đi giao dịch an toàn,(legacy) Mang tiền đặt cọc đi giao dịch an toàn,,,P-THUE-XE,C-THUE-DAT-COC,,/blog/kinh nghiệm/2026/09/19/mang-tien-dat-coc-di-giao-dich-an-toan/,_posts/2026-09-20-mang-tien-dat-coc-di-giao-dich-an-toan.md,/blog/kinh nghiệm/2026/09/19/mang-tien-dat-coc-di-giao-dich-an-toan/,,,,,legacy:_posts/2026-09-20-mang-tien-dat-coc-di-giao-dich-an-toan.md
BLG-00318,EXISTING,Mất chìa khóa xe thuê: các bước xử lý và cách phòng tránh,(legacy) Mất chìa khóa xe thuê: các bước xử lý và cách phòng tránh,,,P-THUE-XE,C-THUE-SU-CO,,/blog/chia sẻ/2026/09/19/mat-chia-khoa-xe-thue-xu-ly-the-nao/,_posts/2026-09-20-mat-chia-khoa-xe-thue-xu-ly-the-nao.md,/blog/chia sẻ/2026/09/19/mat-chia-khoa-xe-thue-xu-ly-the-nao/,,,,,legacy:_posts/2026-09-20-mat-chia-khoa-xe-thue-xu-ly-the-nao.md
BLG-00319,EXISTING,Mặt đường vừa trải nhựa mới,(legacy) Mặt đường vừa trải nhựa mới,,,P-KY-NANG,C-KY-NANG-TINH-HUONG,,/blog/kinh nghiệm/2026/09/19/mat-duong-vua-trai-nhua-moi/,_posts/2026-09-20-mat-duong-vua-trai-nhua-moi.md,/blog/kinh nghiệm/2026/09/19/mat-duong-vua-trai-nhua-moi/,,,,,legacy:_posts/2026-09-20-mat-duong-vua-trai-nhua-moi.md
BLG-00320,EXISTING,Mất mũ bảo hiểm giữa kỳ thuê xe,(legacy) Mất mũ bảo hiểm giữa kỳ thuê xe,,,P-PHAP-LY,C-BAO-HIEM,,/blog/chia sẻ/2026/09/19/mat-mu-bao-hiem-giua-ky-thue-xe/,_posts/2026-09-20-mat-mu-bao-hiem-giua-ky-thue-xe.md,/blog/chia sẻ/2026/09/19/mat-mu-bao-hiem-giua-ky-thue-xe/,,,,,legacy:_posts/2026-09-20-mat-mu-bao-hiem-giua-ky-thue-xe.md
BLG-00321,EXISTING,Mất tập trung vì nghe tai nghe khi đi xe,(legacy) Mất tập trung vì nghe tai nghe khi đi xe,,,P-KY-NANG,C-KY-NANG-SUC-KHOE,,/blog/kinh nghiệm/2026/09/19/mat-tap-trung-vi-nghe-tai-nghe-khi-di-xe/,_posts/2026-09-20-mat-tap-trung-vi-nghe-tai-nghe-khi-di-xe.md,/blog/kinh nghiệm/2026/09/19/mat-tap-trung-vi-nghe-tai-nghe-khi-di-xe/,,,,,legacy:_posts/2026-09-20-mat-tap-trung-vi-nghe-tai-nghe-khi-di-xe.md
BLG-00322,EXISTING,Mất ví hoặc giấy tờ cá nhân giữa kỳ thuê xe xử lý sao,(legacy) Mất ví hoặc giấy tờ cá nhân giữa kỳ thuê xe xử lý sao,,,P-PHAP-LY,C-GIAY-TO,,/blog/chia sẻ/2026/09/19/mat-vi-giay-to-ca-nhan-giua-ky-thue/,_posts/2026-09-20-mat-vi-giay-to-ca-nhan-giua-ky-thue.md,/blog/chia sẻ/2026/09/19/mat-vi-giay-to-ca-nhan-giua-ky-thue/,,,,,legacy:_posts/2026-09-20-mat-vi-giay-to-ca-nhan-giua-ky-thue.md
BLG-00323,EXISTING,Mồ hôi tay và độ bám tay lái khi đi xe,(legacy) Mồ hôi tay và độ bám tay lái khi đi xe,,,P-KY-NANG,C-KY-NANG-TINH-HUONG,,/blog/kinh nghiệm/2026/09/19/mo-hoi-tay-va-do-bam-tay-lai-khi-di-xe/,_posts/2026-09-20-mo-hoi-tay-va-do-bam-tay-lai-khi-di-xe.md,/blog/kinh nghiệm/2026/09/19/mo-hoi-tay-va-do-bam-tay-lai-khi-di-xe/,,,,,legacy:_posts/2026-09-20-mo-hoi-tay-va-do-bam-tay-lai-khi-di-xe.md
BLG-00324,EXISTING,Móc treo đồ trên xe máy: dùng thế nào cho an toàn,(legacy) Móc treo đồ trên xe máy: dùng thế nào cho an toàn,,,P-KY-NANG,C-KY-NANG-CHO-DO,,/blog/kinh nghiệm/2026/09/19/moc-treo-do-tren-xe-may-dung-the-nao/,_posts/2026-09-20-moc-treo-do-tren-xe-may-dung-the-nao.md,/blog/kinh nghiệm/2026/09/19/moc-treo-do-tren-xe-may-dung-the-nao/,,,,,legacy:_posts/2026-09-20-moc-treo-do-tren-xe-may-dung-the-nao.md
BLG-00325,EXISTING,Một năm đi xe thuê ở Hà Nội nhìn lại,(legacy) Một năm đi xe thuê ở Hà Nội nhìn lại,,,P-KY-NANG,C-KY-NANG-TINH-HUONG,,/blog/chia sẻ/2026/09/19/mot-nam-di-xe-thue-o-ha-noi/,_posts/2026-09-20-mot-nam-di-xe-thue-o-ha-noi.md,/blog/chia sẻ/2026/09/19/mot-nam-di-xe-thue-o-ha-noi/,,,,,legacy:_posts/2026-09-20-mot-nam-di-xe-thue-o-ha-noi.md
BLG-00326,EXISTING,Mũ bảo hiểm cho người ngồi sau,(legacy) Mũ bảo hiểm cho người ngồi sau,,,P-PHAP-LY,C-BAO-HIEM,,/blog/kinh nghiệm/2026/09/19/mu-bao-hiem-cho-nguoi-ngoi-sau/,_posts/2026-09-20-mu-bao-hiem-cho-nguoi-ngoi-sau.md,/blog/kinh nghiệm/2026/09/19/mu-bao-hiem-cho-nguoi-ngoi-sau/,,,,,legacy:_posts/2026-09-20-mu-bao-hiem-cho-nguoi-ngoi-sau.md
BLG-00327,EXISTING,Mũ bảo hiểm khi xuống xe: để ở đâu cho đúng,(legacy) Mũ bảo hiểm khi xuống xe: để ở đâu cho đúng,,,P-PHAP-LY,C-BAO-HIEM,,/blog/kinh nghiệm/2026/09/19/mu-bao-hiem-khi-xuong-xe-de-o-dau/,_posts/2026-09-20-mu-bao-hiem-khi-xuong-xe-de-o-dau.md,/blog/kinh nghiệm/2026/09/19/mu-bao-hiem-khi-xuong-xe-de-o-dau/,,,,,legacy:_posts/2026-09-20-mu-bao-hiem-khi-xuong-xe-de-o-dau.md
BLG-00328,EXISTING,Mũ bảo hiểm của riêng bạn khi đi xe thuê: khi nào nên mang theo,(legacy) Mũ bảo hiểm của riêng bạn khi đi xe thuê: khi nào nên mang theo,,,P-PHAP-LY,C-BAO-HIEM,,/blog/chia sẻ/2026/09/19/mu-bao-hiem-rieng-khi-di-xe-thue/,_posts/2026-09-20-mu-bao-hiem-rieng-khi-di-xe-thue.md,/blog/chia sẻ/2026/09/19/mu-bao-hiem-rieng-khi-di-xe-thue/,,,,,legacy:_posts/2026-09-20-mu-bao-hiem-rieng-khi-di-xe-thue.md
BLG-00329,EXISTING,Mùa nồm ẩm ướt: đi xe máy thế nào,(legacy) Mùa nồm ẩm ướt: đi xe máy thế nào,,,P-KY-NANG,C-KY-NANG-THOI-TIET,,/blog/kinh nghiệm/2026/09/19/mua-nom-am-uot-di-xe-may/,_posts/2026-09-20-mua-nom-am-uot-di-xe-may.md,/blog/kinh nghiệm/2026/09/19/mua-nom-am-uot-di-xe-may/,,,,,legacy:_posts/2026-09-20-mua-nom-am-uot-di-xe-may.md
BLG-00330,EXISTING,Mưa phùn gió bấc kéo dài cả tuần: cách đi xe,(legacy) Mưa phùn gió bấc kéo dài cả tuần: cách đi xe,,,P-KY-NANG,C-KY-NANG-THOI-TIET,,/blog/kinh nghiệm/2026/09/19/mua-phin-gio-bac-keo-dai-cach-di-xe/,_posts/2026-09-20-mua-phin-gio-bac-keo-dai-cach-di-xe.md,/blog/kinh nghiệm/2026/09/19/mua-phin-gio-bac-keo-dai-cach-di-xe/,,,,,legacy:_posts/2026-09-20-mua-phin-gio-bac-keo-dai-cach-di-xe.md
BLG-00331,EXISTING,Mùa thu hoa sữa và những buổi đi xe tối,(legacy) Mùa thu hoa sữa và những buổi đi xe tối,,,P-KY-NANG,C-KY-NANG-THOI-TIET,,/blog/chia sẻ/2026/09/19/mua-thu-hoa-sua-di-xe-toi/,_posts/2026-09-20-mua-thu-hoa-sua-di-xe-toi.md,/blog/chia sẻ/2026/09/19/mua-thu-hoa-sua-di-xe-toi/,,,,,legacy:_posts/2026-09-20-mua-thu-hoa-sua-di-xe-toi.md
BLG-00332,EXISTING,Mùa thu lá rụng: đoạn đường trơn ít ai để ý,(legacy) Mùa thu lá rụng: đoạn đường trơn ít ai để ý,,,P-KY-NANG,C-KY-NANG-THOI-TIET,,/blog/kinh nghiệm/2026/09/19/mua-thu-la-roi-doan-duong-tron/,_posts/2026-09-20-mua-thu-la-roi-doan-duong-tron.md,/blog/kinh nghiệm/2026/09/19/mua-thu-la-roi-doan-duong-tron/,,,,,legacy:_posts/2026-09-20-mua-thu-la-roi-doan-duong-tron.md
BLG-00333,EXISTING,Mua xe riêng: kết thúc chuỗi ngày thuê,(legacy) Mua xe riêng: kết thúc chuỗi ngày thuê,,,P-KY-NANG,C-KY-NANG-THOI-TIET,,/blog/kinh nghiệm/2026/09/19/mua-xe-rieng-ket-thuc-ky-thue/,_posts/2026-09-20-mua-xe-rieng-ket-thuc-ky-thue.md,/blog/kinh nghiệm/2026/09/19/mua-xe-rieng-ket-thuc-ky-thue/,,,,,legacy:_posts/2026-09-20-mua-xe-rieng-ket-thuc-ky-thue.md
BLG-00334,EXISTING,Mùi bất thường trên xe thuê và ý nghĩa của chúng,(legacy) Mùi bất thường trên xe thuê và ý nghĩa của chúng,,,P-THUE-XE,C-THUE-SU-CO,,/blog/kinh nghiệm/2026/09/19/mui-bat-thuong-tren-xe-thue/,_posts/2026-09-20-mui-bat-thuong-tren-xe-thue.md,/blog/kinh nghiệm/2026/09/19/mui-bat-thuong-tren-xe-thue/,,,,,legacy:_posts/2026-09-20-mui-bat-thuong-tren-xe-thue.md
BLG-00335,EXISTING,Nắp van lốp và áp suất lốp xe máy thuê: thói quen kiểm tra nhỏ,(legacy) Nắp van lốp và áp suất lốp xe máy thuê: thói quen kiểm tra nhỏ,,,P-XE-MAY,C-BAO-DUONG,,/blog/kinh nghiệm/2026/09/19/nap-van-lop-va-ap-suat-lop-xe-thue/,_posts/2026-09-20-nap-van-lop-va-ap-suat-lop-xe-thue.md,/blog/kinh nghiệm/2026/09/19/nap-van-lop-va-ap-suat-lop-xe-thue/,,,,,legacy:_posts/2026-09-20-nap-van-lop-va-ap-suat-lop-xe-thue.md
BLG-00336,EXISTING,Nên đi xe hay không khi thời tiết xấu: khung quyết định cho người thuê xe,(legacy) Nên đi xe hay không khi thời tiết xấu: khung quyết định cho người thuê xe,,,P-KY-NANG,C-KY-NANG-TINH-HUONG,,/blog/chia sẻ/2026/09/19/nen-di-xe-hay-khong-khi-thoi-tiet-xau/,_posts/2026-09-20-nen-di-xe-hay-khong-khi-thoi-tiet-xau.md,/blog/chia sẻ/2026/09/19/nen-di-xe-hay-khong-khi-thoi-tiet-xau/,,,,,legacy:_posts/2026-09-20-nen-di-xe-hay-khong-khi-thoi-tiet-xau.md
BLG-00337,EXISTING,Qua ngã tư không đèn tín hiệu bằng xe máy an toàn,(legacy) Qua ngã tư không đèn tín hiệu bằng xe máy an toàn,,,P-PHAP-LY,C-QUY-DINH,,/blog/kinh nghiệm/2026/09/19/nga-tu-khong-den-tin-hieu-di-xe-may-the-nao/,_posts/2026-09-20-nga-tu-khong-den-tin-hieu-di-xe-may-the-nao.md,/blog/kinh nghiệm/2026/09/19/nga-tu-khong-den-tin-hieu-di-xe-may-the-nao/,,,,,legacy:_posts/2026-09-20-nga-tu-khong-den-tin-hieu-di-xe-may-the-nao.md
BLG-00338,EXISTING,Ngày bụi mù ở Hà Nội: đi xe máy thế nào cho đỡ ảnh hưởng,(legacy) Ngày bụi mù ở Hà Nội: đi xe máy thế nào cho đỡ ảnh hưởng,,,P-KY-NANG,C-KY-NANG-THOI-TIET,,/blog/kinh nghiệm/2026/09/19/ngay-bui-mu-o-ha-noi-di-xe-may/,_posts/2026-09-20-ngay-bui-mu-o-ha-noi-di-xe-may.md,/blog/kinh nghiệm/2026/09/19/ngay-bui-mu-o-ha-noi-di-xe-may/,,,,,legacy:_posts/2026-09-20-ngay-bui-mu-o-ha-noi-di-xe-may.md
BLG-00339,EXISTING,Ngày đầu tiên có xe thuê ở Hà Nội: những việc nên làm trong 24 giờ đầu,(legacy) Ngày đầu tiên có xe thuê ở Hà Nội: những việc nên làm trong 24 giờ đầu,,,P-KY-NANG,C-KY-NANG-TINH-HUONG,,/blog/kinh nghiệm/2026/09/19/ngay-dau-tien-co-xe-thue-o-ha-noi/,_posts/2026-09-20-ngay-dau-tien-co-xe-thue-o-ha-noi.md,/blog/kinh nghiệm/2026/09/19/ngay-dau-tien-co-xe-thue-o-ha-noi/,,,,,legacy:_posts/2026-09-20-ngay-dau-tien-co-xe-thue-o-ha-noi.md
BLG-00340,EXISTING,Ngày không khí ô nhiễm nặng: đi xe máy thế nào,(legacy) Ngày không khí ô nhiễm nặng: đi xe máy thế nào,,,P-KY-NANG,C-KY-NANG-TINH-HUONG,,/blog/kinh nghiệm/2026/09/19/ngay-khong-khi-o-nhiem-nang-di-xe-may-the-nao/,_posts/2026-09-20-ngay-khong-khi-o-nhiem-nang-di-xe-may-the-nao.md,/blog/kinh nghiệm/2026/09/19/ngay-khong-khi-o-nhiem-nang-di-xe-may-the-nao/,,,,,legacy:_posts/2026-09-20-ngay-khong-khi-o-nhiem-nang-di-xe-may-the-nao.md
BLG-00341,EXISTING,Làm hành khách ngồi sau an toàn khi không tự lái,(legacy) Làm hành khách ngồi sau an toàn khi không tự lái,,,P-KY-NANG,C-KY-NANG-TINH-HUONG,,/blog/chia sẻ/2026/09/19/ngoi-sau-xe-may-an-toan-khi-khong-tu-lai/,_posts/2026-09-20-ngoi-sau-xe-may-an-toan-khi-khong-tu-lai.md,/blog/chia sẻ/2026/09/19/ngoi-sau-xe-may-an-toan-khi-khong-tu-lai/,,,,,legacy:_posts/2026-09-20-ngoi-sau-xe-may-an-toan-khi-khong-tu-lai.md
BLG-00342,EXISTING,Người làm hybrid thuê xe máy cho những ngày đến công ty,(legacy) Người làm hybrid thuê xe máy cho những ngày đến công ty,,,P-THUE-XE,C-THUE-THANG,,/blog/chia sẻ/2026/09/19/nguoi-lam-hybrid-thue-xe-cho-ngay-den-cong-ty/,_posts/2026-09-20-nguoi-lam-hybrid-thue-xe-cho-ngay-den-cong-ty.md,/blog/chia sẻ/2026/09/19/nguoi-lam-hybrid-thue-xe-cho-ngay-den-cong-ty/,,,,,legacy:_posts/2026-09-20-nguoi-lam-hybrid-thue-xe-cho-ngay-den-cong-ty.md
BLG-00343,EXISTING,Người mới đi làm ra ở trọ Hà Nội,(legacy) Người mới đi làm ra ở trọ Hà Nội,,,P-THUE-XE,C-THUE-THANG,,/blog/chia sẻ/2026/09/19/nguoi-moi-di-lam-ra-nha-trong-o-ha-noi/,_posts/2026-09-20-nguoi-moi-di-lam-ra-nha-trong-o-ha-noi.md,/blog/chia sẻ/2026/09/19/nguoi-moi-di-lam-ra-nha-trong-o-ha-noi/,,,,,legacy:_posts/2026-09-20-nguoi-moi-di-lam-ra-nha-trong-o-ha-noi.md
BLG-00344,EXISTING,Người ngồi sau chỉ đường: cách giao tiếp hai chiều,(legacy) Người ngồi sau chỉ đường: cách giao tiếp hai chiều,,,P-KY-NANG,C-KY-NANG-TINH-HUONG,,/blog/kinh nghiệm/2026/09/19/nguoi-ngoi-sau-chi-duong-cach-giao-tiep/,_posts/2026-09-20-nguoi-ngoi-sau-chi-duong-cach-giao-tiep.md,/blog/kinh nghiệm/2026/09/19/nguoi-ngoi-sau-chi-duong-cach-giao-tiep/,,,,,legacy:_posts/2026-09-20-nguoi-ngoi-sau-chi-duong-cach-giao-tiep.md
BLG-00345,EXISTING,Khi người ngồi sau làm bạn mất tập trung,(legacy) Khi người ngồi sau làm bạn mất tập trung,,,P-KY-NANG,C-KY-NANG-TINH-HUONG,,/blog/kinh nghiệm/2026/09/19/nguoi-ngoi-sau-lam-hoa-tieu/,_posts/2026-09-20-nguoi-ngoi-sau-lam-hoa-tieu.md,/blog/kinh nghiệm/2026/09/19/nguoi-ngoi-sau-lam-hoa-tieu/,,,,,legacy:_posts/2026-09-20-nguoi-ngoi-sau-lam-hoa-tieu.md
BLG-00346,EXISTING,Khi người ngồi sau đã uống rượu bia,(legacy) Khi người ngồi sau đã uống rượu bia,,,P-PHAP-LY,C-NOI-DO-CONG,,/blog/kinh nghiệm/2026/09/19/nguoi-say-ruou-ngoi-sau/,_posts/2026-09-20-nguoi-say-ruou-ngoi-sau.md,/blog/kinh nghiệm/2026/09/19/nguoi-say-ruou-ngoi-sau/,,,,,legacy:_posts/2026-09-20-nguoi-say-ruou-ngoi-sau.md
BLG-00347,EXISTING,"Nhà có khách ở vài tuần, cần thêm một xe","(legacy) Nhà có khách ở vài tuần, cần thêm một xe",,,P-DU-LICH,C-DIEM-DEN,,/blog/chia sẻ/2026/09/19/nha-co-khach-o-vai-tuan/,_posts/2026-09-20-nha-co-khach-o-vai-tuan.md,/blog/chia sẻ/2026/09/19/nha-co-khach-o-vai-tuan/,,,,,legacy:_posts/2026-09-20-nha-co-khach-o-vai-tuan.md
BLG-00348,EXISTING,Nhà thuê hai xe máy cùng lúc,(legacy) Nhà thuê hai xe máy cùng lúc,,,P-HOI-DAP,C-HD-NGUOI-MOI,,/blog/chia sẻ/2026/09/19/nha-thue-hai-xe-may-cung-luc/,_posts/2026-09-20-nha-thue-hai-xe-may-cung-luc.md,/blog/chia sẻ/2026/09/19/nha-thue-hai-xe-may-cung-luc/,,,,,legacy:_posts/2026-09-20-nha-thue-hai-xe-may-cung-luc.md
BLG-00349,EXISTING,Nhận diện lừa đảo khi đặt xe máy online ở Hà Nội,(legacy) Nhận diện lừa đảo khi đặt xe máy online ở Hà Nội,,,P-THUE-XE,C-THUE-THU-TUC,,/blog/kinh nghiệm/2026/09/19/nhan-bien-lua-dao-khi-dat-xe-may-online-o-ha-noi/,_posts/2026-09-20-nhan-bien-lua-dao-khi-dat-xe-may-online-o-ha-noi.md,/blog/kinh nghiệm/2026/09/19/nhan-bien-lua-dao-khi-dat-xe-may-online-o-ha-noi/,,,,,legacy:_posts/2026-09-20-nhan-bien-lua-dao-khi-dat-xe-may-online-o-ha-noi.md
BLG-00350,EXISTING,Nhận xe máy thuê giao tận nơi tại chung cư và tòa nhà: những gì cần chuẩn bị,(legacy) Nhận xe máy thuê giao tận nơi tại chung cư và tòa nhà: những gì cần chuẩn bị,,,P-THUE-XE,C-THUE-NHAN-TRA,,/blog/kinh nghiệm/2026/09/19/nhan-xe-giao-tan-noi-tai-chung-cu-va-toa-nha/,_posts/2026-09-20-nhan-xe-giao-tan-noi-tai-chung-cu-va-toa-nha.md,/blog/kinh nghiệm/2026/09/19/nhan-xe-giao-tan-noi-tai-chung-cu-va-toa-nha/,,,,,legacy:_posts/2026-09-20-nhan-xe-giao-tan-noi-tai-chung-cu-va-toa-nha.md
BLG-00351,EXISTING,Nhiều chuyến ngắn trong ngày: quản lý năng lượng và thời gian,(legacy) Nhiều chuyến ngắn trong ngày: quản lý năng lượng và thời gian,,,P-THUE-XE,C-THUE-NGAY,,/blog/kinh nghiệm/2026/09/19/nhieu-chuyen-ngan-trong-ngay/,_posts/2026-09-20-nhieu-chuyen-ngan-trong-ngay.md,/blog/kinh nghiệm/2026/09/19/nhieu-chuyen-ngan-trong-ngay/,,,,,legacy:_posts/2026-09-20-nhieu-chuyen-ngan-trong-ngay.md
BLG-00352,EXISTING,Nhờ người thân nhận hoặc trả xe máy thuê hộ: những gì cần thống nhất,(legacy) Nhờ người thân nhận hoặc trả xe máy thuê hộ: những gì cần thống nhất,,,P-THUE-XE,C-THUE-NHAN-TRA,,/blog/chia sẻ/2026/09/19/nho-nguoi-than-nhan-tra-xe-thue-ho/,_posts/2026-09-20-nho-nguoi-than-nhan-tra-xe-thue-ho.md,/blog/chia sẻ/2026/09/19/nho-nguoi-than-nhan-tra-xe-thue-ho/,,,,,legacy:_posts/2026-09-20-nho-nguoi-than-nhan-tra-xe-thue-ho.md
BLG-00353,EXISTING,Nhớ vị trí xe trong bãi gửi xe lớn: mẹo cho người đi xe thuê,(legacy) Nhớ vị trí xe trong bãi gửi xe lớn: mẹo cho người đi xe thuê,,,P-KY-NANG,C-KY-NANG-GUI-XE,,/blog/kinh nghiệm/2026/09/19/nho-vi-tri-xe-trong-bai-gui-lon/,_posts/2026-09-20-nho-vi-tri-xe-trong-bai-gui-lon.md,/blog/kinh nghiệm/2026/09/19/nho-vi-tri-xe-trong-bai-gui-lon/,,,,,legacy:_posts/2026-09-20-nho-vi-tri-xe-trong-bai-gui-lon.md
BLG-00354,EXISTING,Những câu hỏi nên hỏi cửa hàng trước khi thuê xe máy ở Hà Nội,(legacy) Những câu hỏi nên hỏi cửa hàng trước khi thuê xe máy ở Hà Nội,,,P-THUE-XE,C-THUE-THU-TUC,,/blog/kinh nghiệm/2026/09/19/nhung-cau-hoi-nen-hoi-truoc-khi-thue-xe-may/,_posts/2026-09-20-nhung-cau-hoi-nen-hoi-truoc-khi-thue-xe-may.md,/blog/kinh nghiệm/2026/09/19/nhung-cau-hoi-nen-hoi-truoc-khi-thue-xe-may/,,,,,legacy:_posts/2026-09-20-nhung-cau-hoi-nen-hoi-truoc-khi-thue-xe-may.md
BLG-00355,EXISTING,Những lỗi lái xe máy thường gặp của người mới ở Hà Nội và cách khắc phục,(legacy) Những lỗi lái xe máy thường gặp của người mới ở Hà Nội và cách khắc phục,,,P-KY-NANG,C-KY-NANG-TINH-HUONG,,/blog/kinh nghiệm/2026/09/19/nhung-loi-lai-xe-thuong-gap-cua-nguoi-moi-o-ha-noi/,_posts/2026-09-20-nhung-loi-lai-xe-thuong-gap-cua-nguoi-moi-o-ha-noi.md,/blog/kinh nghiệm/2026/09/19/nhung-loi-lai-xe-thuong-gap-cua-nguoi-moi-o-ha-noi/,,,,,legacy:_posts/2026-09-20-nhung-loi-lai-xe-thuong-gap-cua-nguoi-moi-o-ha-noi.md
BLG-00356,EXISTING,Những sai lầm thường gặp khi thuê xe máy ở Hà Nội,(legacy) Những sai lầm thường gặp khi thuê xe máy ở Hà Nội,,,P-DU-LICH,C-DIEM-DEN,,/blog/chia sẻ/2026/09/19/nhung-sai-lam-thuong-gap-khi-thue-xe-may-o-ha-noi/,_posts/2026-09-20-nhung-sai-lam-thuong-gap-khi-thue-xe-may-o-ha-noi.md,/blog/chia sẻ/2026/09/19/nhung-sai-lam-thuong-gap-khi-thue-xe-may-o-ha-noi/,,,,,legacy:_posts/2026-09-20-nhung-sai-lam-thuong-gap-khi-thue-xe-may-o-ha-noi.md
BLG-00357,EXISTING,Nhường đường cho xe ưu tiên như thế nào cho đúng,(legacy) Nhường đường cho xe ưu tiên như thế nào cho đúng,,,P-PHAP-LY,C-QUY-DINH,,/blog/kinh nghiệm/2026/09/19/nhuong-duong-cho-xe-uu-tien/,_posts/2026-09-20-nhuong-duong-cho-xe-uu-tien.md,/blog/kinh nghiệm/2026/09/19/nhuong-duong-cho-xe-uu-tien/,,,,,legacy:_posts/2026-09-20-nhuong-duong-cho-xe-uu-tien.md
BLG-00358,EXISTING,Núi Trầm chùa Thầy bằng xe máy,(legacy) Núi Trầm chùa Thầy bằng xe máy,,,P-CUNG-DUONG,C-CD-CUOI-TUAN,,/blog/du lịch/2026/09/19/nui-tram-chua-thay-bang-xe-may/,_posts/2026-09-20-nui-tram-chua-thay-bang-xe-may.md,/blog/du lịch/2026/09/19/nui-tram-chua-thay-bang-xe-may/,,,,,legacy:_posts/2026-09-20-nui-tram-chua-thay-bang-xe-may.md
BLG-00359,EXISTING,Người cao tuổi đi xe đạp điện buổi sáng,(legacy) Người cao tuổi đi xe đạp điện buổi sáng,,,P-XE-MAY,C-XE-DAP-DIEN,,/blog/chia sẻ/2026/09/19/ong-ba-cao-tuoi-di-xe-dap-dien-mua-sang/,_posts/2026-09-20-ong-ba-cao-tuoi-di-xe-dap-dien-mua-sang.md,/blog/chia sẻ/2026/09/19/ong-ba-cao-tuoi-di-xe-dap-dien-mua-sang/,,,,,legacy:_posts/2026-09-20-ong-ba-cao-tuoi-di-xe-dap-dien-mua-sang.md
BLG-00360,EXISTING,Phân loại xe điện và yêu cầu giấy phép: điều người thuê cần hiểu,(legacy) Phân loại xe điện và yêu cầu giấy phép: điều người thuê cần hiểu,,,P-XE-MAY,C-XE-DIEN,,/blog/chia sẻ/2026/09/19/phan-loai-xe-dien-va-yeu-cau-giay-phep/,_posts/2026-09-20-phan-loai-xe-dien-va-yeu-cau-giay-phep.md,/blog/chia sẻ/2026/09/19/phan-loai-xe-dien-va-yeu-cau-giay-phep/,,,,,legacy:_posts/2026-09-20-phan-loai-xe-dien-va-yeu-cau-giay-phep.md
BLG-00361,EXISTING,Phố đi bộ cuối tuần ở Hà Nội và chuyện đi xe máy,(legacy) Phố đi bộ cuối tuần ở Hà Nội và chuyện đi xe máy,,,P-KY-NANG,C-KY-NANG-TINH-HUONG,,/blog/du lịch/2026/09/19/pho-di-bo-cuoi-tuan-o-ha-noi-va-chuyen-di-xe-may/,_posts/2026-09-20-pho-di-bo-cuoi-tuan-o-ha-noi-va-chuyen-di-xe-may.md,/blog/du lịch/2026/09/19/pho-di-bo-cuoi-tuan-o-ha-noi-va-chuyen-di-xe-may/,,,,,legacy:_posts/2026-09-20-pho-di-bo-cuoi-tuan-o-ha-noi-va-chuyen-di-xe-may.md
BLG-00362,EXISTING,Phối hợp còi và xi nhan khi đi đường đông,(legacy) Phối hợp còi và xi nhan khi đi đường đông,,,P-KY-NANG,C-KY-NANG-CO-BAN,,/blog/kinh nghiệm/2026/09/19/phoi-hop-cam-va-xi-nhan-khi-di-do/,_posts/2026-09-20-phoi-hop-cam-va-xi-nhan-khi-di-do.md,/blog/kinh nghiệm/2026/09/19/phoi-hop-cam-va-xi-nhan-khi-di-do/,,,,,legacy:_posts/2026-09-20-phoi-hop-cam-va-xi-nhan-khi-di-do.md
BLG-00363,EXISTING,Phụ huynh cho con đi lại bằng xe máy thuê ở Hà Nội: góc nhìn và chuẩn bị,(legacy) Phụ huynh cho con đi lại bằng xe máy thuê ở Hà Nội: góc nhìn và chuẩn bị,,,P-DU-LICH,C-DIEM-DEN,,/blog/chia sẻ/2026/09/19/phu-huynh-cho-con-di-lai-bang-xe-may-thue-o-ha-noi/,_posts/2026-09-20-phu-huynh-cho-con-di-lai-bang-xe-may-thue-o-ha-noi.md,/blog/chia sẻ/2026/09/19/phu-huynh-cho-con-di-lai-bang-xe-may-thue-o-ha-noi/,,,,,legacy:_posts/2026-09-20-phu-huynh-cho-con-di-lai-bang-xe-may-thue-o-ha-noi.md
BLG-00364,EXISTING,Phụ nữ mang thai và việc đi xe máy ở Hà Nội: những điều cần cân nhắc,(legacy) Phụ nữ mang thai và việc đi xe máy ở Hà Nội: những điều cần cân nhắc,,,P-KY-NANG,C-KY-NANG-SUC-KHOE,,/blog/chia sẻ/2026/09/19/phu-nu-mang-thai-va-viec-di-xe-may-o-ha-noi-nhung-dieu-can-can-nho/,_posts/2026-09-20-phu-nu-mang-thai-va-viec-di-xe-may-o-ha-noi-nhung-dieu-can-can-nho.md,/blog/chia sẻ/2026/09/19/phu-nu-mang-thai-va-viec-di-xe-may-o-ha-noi-nhung-dieu-can-can-nho/,,,,,legacy:_posts/2026-09-20-phu-nu-mang-thai-va-viec-di-xe-may-o-ha-noi-nhung-dieu-can-can-nho.md
BLG-00365,EXISTING,Pin xe điện yếu giữa kỳ thuê: dấu hiệu nhận biết và phương án xử lý,(legacy) Pin xe điện yếu giữa kỳ thuê: dấu hiệu nhận biết và phương án xử lý,,,P-XE-MAY,C-XE-DIEN,,/blog/kinh nghiệm/2026/09/19/pin-xe-dien-yeu-giua-ky-thue-dau-hieu-va-phuong-an/,_posts/2026-09-20-pin-xe-dien-yeu-giua-ky-thue-dau-hieu-va-phuong-an.md,/blog/kinh nghiệm/2026/09/19/pin-xe-dien-yeu-giua-ky-thue-dau-hieu-va-phuong-an/,,,,,legacy:_posts/2026-09-20-pin-xe-dien-yeu-giua-ky-thue-dau-hieu-va-phuong-an.md
BLG-00366,EXISTING,Qua đường ray tàu hỏa an toàn khi đi xe máy,(legacy) Qua đường ray tàu hỏa an toàn khi đi xe máy,,,P-PHAP-LY,C-QUY-DINH,,/blog/kinh nghiệm/2026/09/19/qua-duong-ray-tau-hoa-an-toan/,_posts/2026-09-20-qua-duong-ray-tau-hoa-an-toan.md,/blog/kinh nghiệm/2026/09/19/qua-duong-ray-tau-hoa-an-toan/,,,,,legacy:_posts/2026-09-20-qua-duong-ray-tau-hoa-an-toan.md
BLG-00367,EXISTING,Qua hội chợ phiên vùng ven bằng xe máy,(legacy) Qua hội chợ phiên vùng ven bằng xe máy,,,P-KY-NANG,C-KY-NANG-THOI-TIET,,/blog/du lịch/2026/09/19/qua-hoi-cho-phien-vung-ven-bang-xe-may/,_posts/2026-09-20-qua-hoi-cho-phien-vung-ven-bang-xe-may.md,/blog/du lịch/2026/09/19/qua-hoi-cho-phien-vung-ven-bang-xe-may/,,,,,legacy:_posts/2026-09-20-qua-hoi-cho-phien-vung-ven-bang-xe-may.md
BLG-00368,EXISTING,Đi xe máy qua khu công nghiệp lúc giờ tan ca,(legacy) Đi xe máy qua khu công nghiệp lúc giờ tan ca,,,P-KY-NANG,C-KY-NANG-CO-BAN,,/blog/kinh nghiệm/2026/09/19/qua-khu-cong-nghiep-gio-tan-ca/,_posts/2026-09-20-qua-khu-cong-nghiep-gio-tan-ca.md,/blog/kinh nghiệm/2026/09/19/qua-khu-cong-nghiep-gio-tan-ca/,,,,,legacy:_posts/2026-09-20-qua-khu-cong-nghiep-gio-tan-ca.md
BLG-00369,EXISTING,Qua khu vực trường học lúc tan học bằng xe máy ở Hà Nội,(legacy) Qua khu vực trường học lúc tan học bằng xe máy ở Hà Nội,,,P-KY-NANG,C-KY-NANG-CO-BAN,,/blog/kinh nghiệm/2026/09/19/qua-khu-vuc-truong-hoc-gio-tan-hoc/,_posts/2026-09-20-qua-khu-vuc-truong-hoc-gio-tan-hoc.md,/blog/kinh nghiệm/2026/09/19/qua-khu-vuc-truong-hoc-gio-tan-hoc/,,,,,legacy:_posts/2026-09-20-qua-khu-vuc-truong-hoc-gio-tan-hoc.md
BLG-00370,EXISTING,Qua đèo và các đoạn đèo pha bằng xe máy,(legacy) Qua đèo và các đoạn đèo pha bằng xe máy,,,P-HOI-DAP,C-HD-NGUOI-MOI,,/blog/du lịch/2026/09/19/qua-pha-bang-xe-may/,_posts/2026-09-20-qua-pha-bang-xe-may.md,/blog/du lịch/2026/09/19/qua-pha-bang-xe-may/,,,,,legacy:_posts/2026-09-20-qua-pha-bang-xe-may.md
BLG-00371,EXISTING,Quản lý chi phí phát sinh trong kỳ thuê xe dài hạn,(legacy) Quản lý chi phí phát sinh trong kỳ thuê xe dài hạn,,,P-KY-NANG,C-KY-NANG-CO-BAN,,/blog/kinh nghiệm/2026/09/19/quan-ly-chi-phi-phat-sinh-trong-ky-thue/,_posts/2026-09-20-quan-ly-chi-phi-phat-sinh-trong-ky-thue.md,/blog/kinh nghiệm/2026/09/19/quan-ly-chi-phi-phat-sinh-trong-ky-thue/,,,,,legacy:_posts/2026-09-20-quan-ly-chi-phi-phat-sinh-trong-ky-thue.md
BLG-00372,EXISTING,Quản lý giấy tờ xe trong kỳ thuê dài hạn,(legacy) Quản lý giấy tờ xe trong kỳ thuê dài hạn,,,P-PHAP-LY,C-GIAY-TO,,/blog/kinh nghiệm/2026/09/19/quan-ly-giay-to-xe-trong-ky-thue-dai-han/,_posts/2026-09-20-quan-ly-giay-to-xe-trong-ky-thue-dai-han.md,/blog/kinh nghiệm/2026/09/19/quan-ly-giay-to-xe-trong-ky-thue-dai-han/,,,,,legacy:_posts/2026-09-20-quan-ly-giay-to-xe-trong-ky-thue-dai-han.md
BLG-00373,EXISTING,Quên đồ trên xe thuê sau khi trả xe: xử lý thế nào,(legacy) Quên đồ trên xe thuê sau khi trả xe: xử lý thế nào,,,P-THUE-XE,C-THUE-NHAN-TRA,,/blog/chia sẻ/2026/09/19/quen-do-tren-xe-thue-sau-khi-tra-xe-xu-ly-the-nao/,_posts/2026-09-20-quen-do-tren-xe-thue-sau-khi-tra-xe-xu-ly-the-nao.md,/blog/chia sẻ/2026/09/19/quen-do-tren-xe-thue-sau-khi-tra-xe-xu-ly-the-nao/,,,,,legacy:_posts/2026-09-20-quen-do-tren-xe-thue-sau-khi-tra-xe-xu-ly-the-nao.md
BLG-00374,EXISTING,Quy định giao thông cần nhớ khi chạy xe máy thuê ở Hà Nội,(legacy) Quy định giao thông cần nhớ khi chạy xe máy thuê ở Hà Nội,,,P-PHAP-LY,C-QUY-DINH,,/blog/kinh nghiệm/2026/09/19/quy-dinh-giao-thong-can-nho-khi-thue-xe-may-ha-noi/,_posts/2026-09-20-quy-dinh-giao-thong-can-nho-khi-thue-xe-may-ha-noi.md,/blog/kinh nghiệm/2026/09/19/quy-dinh-giao-thong-can-nho-khi-thue-xe-may-ha-noi/,,,,,legacy:_posts/2026-09-20-quy-dinh-giao-thong-can-nho-khi-thue-xe-may-ha-noi.md
BLG-00375,EXISTING,Quy định mũ bảo hiểm và trang phục đi xe máy,(legacy) Quy định mũ bảo hiểm và trang phục đi xe máy,,,P-PHAP-LY,C-BAO-HIEM,,/blog/kinh nghiệm/2026/09/19/quy-dinh-mu-bao-hiem-va-trang-phuc-di-xe/,_posts/2026-09-20-quy-dinh-mu-bao-hiem-va-trang-phuc-di-xe.md,/blog/kinh nghiệm/2026/09/19/quy-dinh-mu-bao-hiem-va-trang-phuc-di-xe/,,,,,legacy:_posts/2026-09-20-quy-dinh-mu-bao-hiem-va-trang-phuc-di-xe.md
BLG-00376,EXISTING,Quy ước xăng khi nhận và trả xe thuê: điểm nhỏ dễ gây hiểu lầm nhất,(legacy) Quy ước xăng khi nhận và trả xe thuê: điểm nhỏ dễ gây hiểu lầm nhất,,,P-THUE-XE,C-THUE-NHAN-TRA,,/blog/kinh nghiệm/2026/09/19/quy-uoc-xang-khi-nhan-va-tra-xe-thue/,_posts/2026-09-20-quy-uoc-xang-khi-nhan-va-tra-xe-thue.md,/blog/kinh nghiệm/2026/09/19/quy-uoc-xang-khi-nhan-va-tra-xe-thue/,,,,,legacy:_posts/2026-09-20-quy-uoc-xang-khi-nhan-va-tra-xe-thue.md
BLG-00377,EXISTING,Quyết định thuê ngày hay thuê tuần cho kế hoạch dài,(legacy) Quyết định thuê ngày hay thuê tuần cho kế hoạch dài,,,P-THUE-XE,C-THUE-TUAN,,/blog/kinh nghiệm/2026/09/19/quyet-dinh-thue-ngay-hay-thue-tuan-cho-ke-hoach-dai/,_posts/2026-09-20-quyet-dinh-thue-ngay-hay-thue-tuan-cho-ke-hoach-dai.md,/blog/kinh nghiệm/2026/09/19/quyet-dinh-thue-ngay-hay-thue-tuan-cho-ke-hoach-dai/,,,,,legacy:_posts/2026-09-20-quyet-dinh-thue-ngay-hay-thue-tuan-cho-ke-hoach-dai.md
BLG-00378,EXISTING,Rẽ trái tại ngã tư đông ở Hà Nội: kỹ năng và quy tắc an toàn,(legacy) Rẽ trái tại ngã tư đông ở Hà Nội: kỹ năng và quy tắc an toàn,,,P-PHAP-LY,C-QUY-DINH,,/blog/kinh nghiệm/2026/09/19/re-trai-tai-nga-tu-dong-o-ha-noi-ky-nang-va-quy-tac-an-toan/,_posts/2026-09-20-re-trai-tai-nga-tu-dong-o-ha-noi-ky-nang-va-quy-tac-an-toan.md,/blog/kinh nghiệm/2026/09/19/re-trai-tai-nga-tu-dong-o-ha-noi-ky-nang-va-quy-tac-an-toan/,,,,,legacy:_posts/2026-09-20-re-trai-tai-nga-tu-dong-o-ha-noi-ky-nang-va-quy-tac-an-toan.md
BLG-00379,EXISTING,"Rửa xe máy thuê: khi nào nên, khi nào không và rửa thế nào cho đúng","(legacy) Rửa xe máy thuê: khi nào nên, khi nào không và rửa thế nào cho đúng",,,P-XE-MAY,C-BAO-DUONG,,/blog/chia sẻ/2026/09/19/rua-xe-thue-khi-nao-va-nhu-the-nao/,_posts/2026-09-20-rua-xe-thue-khi-nao-va-nhu-the-nao.md,/blog/chia sẻ/2026/09/19/rua-xe-thue-khi-nao-va-nhu-the-nao/,,,,,legacy:_posts/2026-09-20-rua-xe-thue-khi-nao-va-nhu-the-nao.md
BLG-00380,EXISTING,Rửa xe thuê ở trạm rửa hay không và nên lưu ý gì,(legacy) Rửa xe thuê ở trạm rửa hay không và nên lưu ý gì,,,P-XE-MAY,C-BAO-DUONG,,/blog/chia sẻ/2026/09/19/rua-xe-thue-o-tram-rua-nen-hay-khong/,_posts/2026-09-20-rua-xe-thue-o-tram-rua-nen-hay-khong.md,/blog/chia sẻ/2026/09/19/rua-xe-thue-o-tram-rua-nen-hay-khong/,,,,,legacy:_posts/2026-09-20-rua-xe-thue-o-tram-rua-nen-hay-khong.md
BLG-00381,EXISTING,Sạc và gửi xe máy điện thuê ở nơi công cộng sao cho đúng,(legacy) Sạc và gửi xe máy điện thuê ở nơi công cộng sao cho đúng,,,P-XE-MAY,C-XE-DIEN,,/blog/kinh nghiệm/2026/09/19/sac-va-gui-xe-dien-noi-cong-cong/,_posts/2026-09-20-sac-va-gui-xe-dien-noi-cong-cong.md,/blog/kinh nghiệm/2026/09/19/sac-va-gui-xe-dien-noi-cong-cong/,,,,,legacy:_posts/2026-09-20-sac-va-gui-xe-dien-noi-cong-cong.md
BLG-00382,EXISTING,Sai lầm về di chuyển của người mới đến Hà Nội,(legacy) Sai lầm về di chuyển của người mới đến Hà Nội,,,P-KY-NANG,C-KY-NANG-CO-BAN,,/blog/kinh nghiệm/2026/09/19/sai-lam-di-chuyen-cua-nguoi-moi-den-ha-noi/,_posts/2026-09-20-sai-lam-di-chuyen-cua-nguoi-moi-den-ha-noi.md,/blog/kinh nghiệm/2026/09/19/sai-lam-di-chuyen-cua-nguoi-moi-den-ha-noi/,,,,,legacy:_posts/2026-09-20-sai-lam-di-chuyen-cua-nguoi-moi-den-ha-noi.md
BLG-00383,EXISTING,Săn mây ngoại ô sáng sớm bằng xe máy,(legacy) Săn mây ngoại ô sáng sớm bằng xe máy,,,P-HOI-DAP,C-HD-NGUOI-MOI,,/blog/du lịch/2026/09/19/san-may-ngoai-o-sang-som-bang-xe-may/,_posts/2026-09-20-san-may-ngoai-o-sang-som-bang-xe-may.md,/blog/du lịch/2026/09/19/san-may-ngoai-o-sang-som-bang-xe-may/,,,,,legacy:_posts/2026-09-20-san-may-ngoai-o-sang-som-bang-xe-may.md
BLG-00384,EXISTING,Sắp xếp giờ nhận và trả xe quanh khung giờ cửa hàng,(legacy) Sắp xếp giờ nhận và trả xe quanh khung giờ cửa hàng,,,P-THUE-XE,C-THUE-NHAN-TRA,,/blog/kinh nghiệm/2026/09/19/sap-xep-gio-nhan-va-tra-xe/,_posts/2026-09-20-sap-xep-gio-nhan-va-tra-xe.md,/blog/kinh nghiệm/2026/09/19/sap-xep-gio-nhan-va-tra-xe/,,,,,legacy:_posts/2026-09-20-sap-xep-gio-nhan-va-tra-xe.md
BLG-00385,EXISTING,Sắp xếp thứ tự các điểm dừng trong ngày đi xe máy ở Hà Nội,(legacy) Sắp xếp thứ tự các điểm dừng trong ngày đi xe máy ở Hà Nội,,,P-THUE-XE,C-THUE-NGAY,,/blog/kinh nghiệm/2026/09/19/sap-xep-thu-tu-cac-diem-dung-trong-ngay/,_posts/2026-09-20-sap-xep-thu-tu-cac-diem-dung-trong-ngay.md,/blog/kinh nghiệm/2026/09/19/sap-xep-thu-tu-cac-diem-dung-trong-ngay/,,,,,legacy:_posts/2026-09-20-sap-xep-thu-tu-cac-diem-dung-trong-ngay.md
BLG-00386,EXISTING,"Sau một cú ngã nhẹ trên xe máy: kiểm tra bản thân, kiểm tra xe và báo cửa hàng","(legacy) Sau một cú ngã nhẹ trên xe máy: kiểm tra bản thân, kiểm tra xe và báo cửa hàng",,,P-XE-MAY,C-XE-50CC,,/blog/kinh nghiệm/2026/09/19/sau-khi-nga-xe-nhe-kiem-tra-va-bao-cua-hang/,_posts/2026-09-20-sau-khi-nga-xe-nhe-kiem-tra-va-bao-cua-hang.md,/blog/kinh nghiệm/2026/09/19/sau-khi-nga-xe-nhe-kiem-tra-va-bao-cua-hang/,,,,,legacy:_posts/2026-09-20-sau-khi-nga-xe-nhe-kiem-tra-va-bao-cua-hang.md
BLG-00387,EXISTING,Sau khi trả xe: phương án đi lại buổi cuối,(legacy) Sau khi trả xe: phương án đi lại buổi cuối,,,P-THUE-XE,C-THUE-NHAN-TRA,,/blog/kinh nghiệm/2026/09/19/sau-khi-tra-xe-di-lai-the-nao/,_posts/2026-09-20-sau-khi-tra-xe-di-lai-the-nao.md,/blog/kinh nghiệm/2026/09/19/sau-khi-tra-xe-di-lai-the-nao/,,,,,legacy:_posts/2026-09-20-sau-khi-tra-xe-di-lai-the-nao.md
BLG-00388,EXISTING,Sinh viên đi học buổi tối bằng xe máy an toàn,(legacy) Sinh viên đi học buổi tối bằng xe máy an toàn,,,P-THUE-XE,C-THUE-THANG,,/blog/chia sẻ/2026/09/19/sinh-vien-di-hoc-buoi-toi/,_posts/2026-09-20-sinh-vien-di-hoc-buoi-toi.md,/blog/chia sẻ/2026/09/19/sinh-vien-di-hoc-buoi-toi/,,,,,legacy:_posts/2026-09-20-sinh-vien-di-hoc-buoi-toi.md
BLG-00389,EXISTING,Sương mù buổi sáng ở Hà Nội và cách đi xe máy an toàn,(legacy) Sương mù buổi sáng ở Hà Nội và cách đi xe máy an toàn,,,P-KY-NANG,C-KY-NANG-THOI-TIET,,/blog/kinh nghiệm/2026/09/19/suong-mu-buoi-sang-di-xe-may-the-nao/,_posts/2026-09-20-suong-mu-buoi-sang-di-xe-may-the-nao.md,/blog/kinh nghiệm/2026/09/19/suong-mu-buoi-sang-di-xe-may-the-nao/,,,,,legacy:_posts/2026-09-20-suong-mu-buoi-sang-di-xe-may-the-nao.md
BLG-00390,EXISTING,Tai nghe điện thoại khi đi xe máy: an toàn trước tiên,(legacy) Tai nghe điện thoại khi đi xe máy: an toàn trước tiên,,,P-KY-NANG,C-KY-NANG-TINH-HUONG,,/blog/kinh nghiệm/2026/09/19/tai-nghe-dien-thoai-khi-di-xe-may/,_posts/2026-09-20-tai-nghe-dien-thoai-khi-di-xe-may.md,/blog/kinh nghiệm/2026/09/19/tai-nghe-dien-thoai-khi-di-xe-may/,,,,,legacy:_posts/2026-09-20-tai-nghe-dien-thoai-khi-di-xe-may.md
BLG-00391,EXISTING,Tập làm quen với xe máy thuê ở Hà Nội cho người lâu không chạy,(legacy) Tập làm quen với xe máy thuê ở Hà Nội cho người lâu không chạy,,,P-KY-NANG,C-KY-NANG-TINH-HUONG,,/blog/kinh nghiệm/2026/09/19/tap-lam-quen-xe-may-thue-o-ha-noi/,_posts/2026-09-20-tap-lam-quen-xe-may-thue-o-ha-noi.md,/blog/kinh nghiệm/2026/09/19/tap-lam-quen-xe-may-thue-o-ha-noi/,,,,,legacy:_posts/2026-09-20-tap-lam-quen-xe-may-thue-o-ha-noi.md
BLG-00392,EXISTING,Thành Cổ Loa bằng xe máy,(legacy) Thành Cổ Loa bằng xe máy,,,P-CUNG-DUONG,C-CD-CUOI-TUAN,,/blog/du lịch/2026/09/19/thanh-co-loa-bang-xe-may/,_posts/2026-09-20-thanh-co-loa-bang-xe-may.md,/blog/du lịch/2026/09/19/thanh-co-loa-bang-xe-may/,,,,,legacy:_posts/2026-09-20-thanh-co-loa-bang-xe-may.md
BLG-00393,EXISTING,Thanh toán tiền thuê hằng tháng và giữ chứng từ khi thuê xe dài hạn,(legacy) Thanh toán tiền thuê hằng tháng và giữ chứng từ khi thuê xe dài hạn,,,P-THUE-XE,C-THUE-GIA,,/blog/kinh nghiệm/2026/09/19/thanh-toan-tien-thue-hang-thang-va-giu-chung-tu/,_posts/2026-09-20-thanh-toan-tien-thue-hang-thang-va-giu-chung-tu.md,/blog/kinh nghiệm/2026/09/19/thanh-toan-tien-thue-hang-thang-va-giu-chung-tu/,,,,,legacy:_posts/2026-09-20-thanh-toan-tien-thue-hang-thang-va-giu-chung-tu.md
BLG-00394,EXISTING,Thẻ và vé gửi xe khi đi xe máy thuê hằng ngày: quản lý vòng nhỏ nhiều lần,(legacy) Thẻ và vé gửi xe khi đi xe máy thuê hằng ngày: quản lý vòng nhỏ nhiều lần,,,P-KY-NANG,C-KY-NANG-GUI-XE,,/blog/kinh nghiệm/2026/09/19/the-ve-gui-xe-khi-di-xe-may-thue/,_posts/2026-09-20-the-ve-gui-xe-khi-di-xe-may-thue.md,/blog/kinh nghiệm/2026/09/19/the-ve-gui-xe-khi-di-xe-may-thue/,,,,,legacy:_posts/2026-09-20-the-ve-gui-xe-khi-di-xe-may-thue.md
BLG-00395,EXISTING,Thói quen kiểm tra 60 giây trước mỗi sáng,(legacy) Thói quen kiểm tra 60 giây trước mỗi sáng,,,P-KY-NANG,C-KY-NANG-TINH-HUONG,,/blog/kinh nghiệm/2026/09/19/thoi-quen-kiem-tra-60-giay-truoc-moi-sang/,_posts/2026-09-20-thoi-quen-kiem-tra-60-giay-truoc-moi-sang.md,/blog/kinh nghiệm/2026/09/19/thoi-quen-kiem-tra-60-giay-truoc-moi-sang/,,,,,legacy:_posts/2026-09-20-thoi-quen-kiem-tra-60-giay-truoc-moi-sang.md
BLG-00396,EXISTING,Thói quen kiểm tra xe cuối tuần cho người thuê dài hạn,(legacy) Thói quen kiểm tra xe cuối tuần cho người thuê dài hạn,,,P-THUE-XE,C-THUE-NHAN-TRA,,/blog/kinh nghiệm/2026/09/19/thoi-quen-kiem-tra-xe-cuoi-tuan-cho-nguoi-thue-dai-han/,_posts/2026-09-20-thoi-quen-kiem-tra-xe-cuoi-tuan-cho-nguoi-thue-dai-han.md,/blog/kinh nghiệm/2026/09/19/thoi-quen-kiem-tra-xe-cuoi-tuan-cho-nguoi-thue-dai-han/,,,,,legacy:_posts/2026-09-20-thoi-quen-kiem-tra-xe-cuoi-tuan-cho-nguoi-thue-dai-han.md
BLG-00397,EXISTING,Thói quen liếc gương và quan sát phía sau khi đi xe máy,(legacy) Thói quen liếc gương và quan sát phía sau khi đi xe máy,,,P-KY-NANG,C-KY-NANG-TINH-HUONG,,/blog/kinh nghiệm/2026/09/19/thoi-quen-liac-guong-va-quan-sat-phia-sau/,_posts/2026-09-20-thoi-quen-liac-guong-va-quan-sat-phia-sau.md,/blog/kinh nghiệm/2026/09/19/thoi-quen-liac-guong-va-quan-sat-phia-sau/,,,,,legacy:_posts/2026-09-20-thoi-quen-liac-guong-va-quan-sat-phia-sau.md
BLG-00398,EXISTING,Thông tin nên chuẩn bị khi gọi đặt xe máy thuê,(legacy) Thông tin nên chuẩn bị khi gọi đặt xe máy thuê,,,P-THUE-XE,C-THUE-THU-TUC,,/blog/chia sẻ/2026/09/19/thong-tin-nen-chuan-bi-khi-nhan-dat-xe/,_posts/2026-09-20-thong-tin-nen-chuan-bi-khi-nhan-dat-xe.md,/blog/chia sẻ/2026/09/19/thong-tin-nen-chuan-bi-khi-nhan-dat-xe/,,,,,legacy:_posts/2026-09-20-thong-tin-nen-chuan-bi-khi-nhan-dat-xe.md
BLG-00399,EXISTING,Thủ tục khi có tai nạn nhẹ với xe thuê,(legacy) Thủ tục khi có tai nạn nhẹ với xe thuê,,,P-THUE-XE,C-THUE-THU-TUC,,/blog/kinh nghiệm/2026/09/19/thu-tuc-khi-co-tai-nan-nhe-voi-xe-thue/,_posts/2026-09-20-thu-tuc-khi-co-tai-nan-nhe-voi-xe-thue.md,/blog/kinh nghiệm/2026/09/19/thu-tuc-khi-co-tai-nan-nhe-voi-xe-thue/,,,,,legacy:_posts/2026-09-20-thu-tuc-khi-co-tai-nan-nhe-voi-xe-thue.md
BLG-00400,EXISTING,Thuê xe cho bạn thân tới từ khác tỉnh,(legacy) Thuê xe cho bạn thân tới từ khác tỉnh,,,P-HOI-DAP,C-HD-NGUOI-MOI,,/blog/chia sẻ/2026/09/19/thue-xe-cho-ban-than-toi-tu-khac-tinh/,_posts/2026-09-20-thue-xe-cho-ban-than-toi-tu-khac-tinh.md,/blog/chia sẻ/2026/09/19/thue-xe-cho-ban-than-toi-tu-khac-tinh/,,,,,legacy:_posts/2026-09-20-thue-xe-cho-ban-than-toi-tu-khac-tinh.md
BLG-00401,EXISTING,Thuê xe ga hay xe số theo tháng cho người đi làm đều đặn,(legacy) Thuê xe ga hay xe số theo tháng cho người đi làm đều đặn,,,P-THUE-XE,C-THUE-THANG,,/blog/kinh nghiệm/2026/09/19/thue-xe-ga-hay-xe-so-theo-thang/,_posts/2026-09-20-thue-xe-ga-hay-xe-so-theo-thang.md,/blog/kinh nghiệm/2026/09/19/thue-xe-ga-hay-xe-so-theo-thang/,,,,,legacy:_posts/2026-09-20-thue-xe-ga-hay-xe-so-theo-thang.md
BLG-00402,EXISTING,Thuê xe máy khi xe riêng đang sửa chữa,(legacy) Thuê xe máy khi xe riêng đang sửa chữa,,,P-HOI-DAP,C-HD-NGUOI-MOI,,/blog/chia sẻ/2026/09/19/thue-xe-khi-xe-rieng-dang-sua-chua/,_posts/2026-09-20-thue-xe-khi-xe-rieng-dang-sua-chua.md,/blog/chia sẻ/2026/09/19/thue-xe-khi-xe-rieng-dang-sua-chua/,,,,,legacy:_posts/2026-09-20-thue-xe-khi-xe-rieng-dang-sua-chua.md
BLG-00403,EXISTING,Xe máy thuê bị mất hoặc bị đánh cắp: quy trình xử lý và cách phòng tránh,(legacy) Xe máy thuê bị mất hoặc bị đánh cắp: quy trình xử lý và cách phòng tránh,,,P-THUE-XE,C-THUE-SU-CO,,/blog/kinh nghiệm/2026/09/19/thue-xe-may-bi-mat-xe-xu-ly-the-nao/,_posts/2026-09-20-thue-xe-may-bi-mat-xe-xu-ly-the-nao.md,/blog/kinh nghiệm/2026/09/19/thue-xe-may-bi-mat-xe-xu-ly-the-nao/,,,,,legacy:_posts/2026-09-20-thue-xe-may-bi-mat-xe-xu-ly-the-nao.md
BLG-00404,EXISTING,Thuê xe máy cho khách ở lại nhà trọ,(legacy) Thuê xe máy cho khách ở lại nhà trọ,,,P-KY-NANG,C-KY-NANG-CO-BAN,,/blog/kinh nghiệm/2026/09/19/thue-xe-may-cho-khach-o-nha-tro-thue/,_posts/2026-09-20-thue-xe-may-cho-khach-o-nha-tro-thue.md,/blog/kinh nghiệm/2026/09/19/thue-xe-may-cho-khach-o-nha-tro-thue/,,,,,legacy:_posts/2026-09-20-thue-xe-may-cho-khach-o-nha-tro-thue.md
BLG-00405,EXISTING,Chở người ngồi sau trên xe máy thuê ở Hà Nội: an toàn và quy định cần biết,(legacy) Chở người ngồi sau trên xe máy thuê ở Hà Nội: an toàn và quy định cần biết,,,P-KY-NANG,C-KY-NANG-TINH-HUONG,,/blog/kinh nghiệm/2026/09/19/thue-xe-may-cho-nguoi-ngoi-sau-o-ha-noi/,_posts/2026-09-20-thue-xe-may-cho-nguoi-ngoi-sau-o-ha-noi.md,/blog/kinh nghiệm/2026/09/19/thue-xe-may-cho-nguoi-ngoi-sau-o-ha-noi/,,,,,legacy:_posts/2026-09-20-thue-xe-may-cho-nguoi-ngoi-sau-o-ha-noi.md
BLG-00406,EXISTING,Thuê xe máy cho những ngày thi cử quan trọng,(legacy) Thuê xe máy cho những ngày thi cử quan trọng,,,P-KY-NANG,C-KY-NANG-THOI-TIET,,/blog/kinh nghiệm/2026/09/19/thue-xe-may-cho-nhung-ngay-thi-cu-quan-trong/,_posts/2026-09-20-thue-xe-may-cho-nhung-ngay-thi-cu-quan-trong.md,/blog/kinh nghiệm/2026/09/19/thue-xe-may-cho-nhung-ngay-thi-cu-quan-trong/,,,,,legacy:_posts/2026-09-20-thue-xe-may-cho-nhung-ngay-thi-cu-quan-trong.md
BLG-00407,EXISTING,Thuê xe máy cuối tuần ở Hà Nội: kế hoạch gọn cho hai ngày nghỉ,(legacy) Thuê xe máy cuối tuần ở Hà Nội: kế hoạch gọn cho hai ngày nghỉ,,,P-CUNG-DUONG,C-CD-CUOI-TUAN,,/blog/du lịch/2026/09/19/thue-xe-may-cuoi-tuan-o-ha-noi/,_posts/2026-09-20-thue-xe-may-cuoi-tuan-o-ha-noi.md,/blog/du lịch/2026/09/19/thue-xe-may-cuoi-tuan-o-ha-noi/,,,,,legacy:_posts/2026-09-20-thue-xe-may-cuoi-tuan-o-ha-noi.md
BLG-00408,EXISTING,Thuê xe máy dài hạn ở Hà Nội cho người nước ngoài đang sinh sống: hướng dẫn cho kỳ thuê tháng,(legacy) Thuê xe máy dài hạn ở Hà Nội cho người nước ngoài đang sinh sống: hướng dẫn cho kỳ thuê tháng,,,P-THUE-XE,C-THUE-QUOC-TE,,/blog/kinh nghiệm/2026/09/19/thue-xe-may-dai-han-cho-nguoi-nuoc-ngoai-o-ha-noi/,_posts/2026-09-20-thue-xe-may-dai-han-cho-nguoi-nuoc-ngoai-o-ha-noi.md,/blog/kinh nghiệm/2026/09/19/thue-xe-may-dai-han-cho-nguoi-nuoc-ngoai-o-ha-noi/,,,,,legacy:_posts/2026-09-20-thue-xe-may-dai-han-cho-nguoi-nuoc-ngoai-o-ha-noi.md
BLG-00409,EXISTING,Thuê xe máy đi Ba Vì một ngày từ Hà Nội,(legacy) Thuê xe máy đi Ba Vì một ngày từ Hà Nội,,,P-THUE-XE,C-THUE-NGAY,,/blog/du lịch/2026/09/19/thue-xe-may-di-ba-vi-mot-ngay/,_posts/2026-09-20-thue-xe-may-di-ba-vi-mot-ngay.md,/blog/du lịch/2026/09/19/thue-xe-may-di-ba-vi-mot-ngay/,,,,,legacy:_posts/2026-09-20-thue-xe-may-di-ba-vi-mot-ngay.md
BLG-00410,REVIEW,Thuê xe máy đi chụp ảnh cưới dã ngoại,(legacy) Thuê xe máy đi chụp ảnh cưới dã ngoại,,,P-DU-LICH,C-DIEM-DEN,,/blog/du lịch/2026/09/19/thue-xe-may-di-chup-anh-cuoi-da-ngoai/,_posts/2026-09-20-thue-xe-may-di-chup-anh-cuoi-da-ngoai.md,/blog/du lịch/2026/09/19/thue-xe-may-di-chup-anh-cuoi-da-ngoai/,,,,,legacy:_posts/2026-09-20-thue-xe-may-di-chup-anh-cuoi-da-ngoai.md
BLG-00411,REVIEW,Thuê xe máy đi chụp ảnh kỷ yếu nhóm bạn,(legacy) Thuê xe máy đi chụp ảnh kỷ yếu nhóm bạn,,,P-DU-LICH,C-DIEM-DEN,,/blog/du lịch/2026/09/19/thue-xe-may-di-chup-anh-ky-yeu-nhom-ban/,_posts/2026-09-20-thue-xe-may-di-chup-anh-ky-yeu-nhom-ban.md,/blog/du lịch/2026/09/19/thue-xe-may-di-chup-anh-ky-yeu-nhom-ban/,,,,,legacy:_posts/2026-09-20-thue-xe-may-di-chup-anh-ky-yeu-nhom-ban.md
BLG-00412,EXISTING,"Thuê xe máy đi liên tỉnh từ Hà Nội: thỏa thuận, chuẩn bị và lưu ý cho hành trình dài","(legacy) Thuê xe máy đi liên tỉnh từ Hà Nội: thỏa thuận, chuẩn bị và lưu ý cho hành trình dài",,,P-KY-NANG,C-KY-NANG-CO-BAN,,/blog/kinh nghiệm/2026/09/19/thue-xe-may-di-lien-tinh-tu-ha-noi/,_posts/2026-09-20-thue-xe-may-di-lien-tinh-tu-ha-noi.md,/blog/kinh nghiệm/2026/09/19/thue-xe-may-di-lien-tinh-tu-ha-noi/,,,,,legacy:_posts/2026-09-20-thue-xe-may-di-lien-tinh-tu-ha-noi.md
BLG-00413,EXISTING,Thuê xe máy đi phỏng vấn xin việc,(legacy) Thuê xe máy đi phỏng vấn xin việc,,,P-KY-NANG,C-KY-NANG-CO-BAN,,/blog/kinh nghiệm/2026/09/19/thue-xe-may-di-phong-van-xin-viec/,_posts/2026-09-20-thue-xe-may-di-phong-van-xin-viec.md,/blog/kinh nghiệm/2026/09/19/thue-xe-may-di-phong-van-xin-viec/,,,,,legacy:_posts/2026-09-20-thue-xe-may-di-phong-van-xin-viec.md
BLG-00414,EXISTING,Thuê xe máy dịp lễ 30/4 và 2/9 ở Hà Nội: chuẩn bị thế nào,(legacy) Thuê xe máy dịp lễ 30/4 và 2/9 ở Hà Nội: chuẩn bị thế nào,,,P-HOI-DAP,C-HD-NGUOI-MOI,,/blog/chia sẻ/2026/09/19/thue-xe-may-dip-le-30-4-va-2-9-o-ha-noi-chuan-bi-the-nao/,_posts/2026-09-20-thue-xe-may-dip-le-30-4-va-2-9-o-ha-noi-chuan-bi-the-nao.md,/blog/chia sẻ/2026/09/19/thue-xe-may-dip-le-30-4-va-2-9-o-ha-noi-chuan-bi-the-nao/,,,,,legacy:_posts/2026-09-20-thue-xe-may-dip-le-30-4-va-2-9-o-ha-noi-chuan-bi-the-nao.md
BLG-00415,EXISTING,Thuê xe máy giá rẻ ở Hà Nội: hiểu rõ điều kiện trước khi quyết định,(legacy) Thuê xe máy giá rẻ ở Hà Nội: hiểu rõ điều kiện trước khi quyết định,,,P-THUE-XE,C-THUE-GIA,,/blog/kinh nghiệm/2026/09/19/thue-xe-may-gia-re-o-ha-noi/,_posts/2026-09-20-thue-xe-may-gia-re-o-ha-noi.md,/blog/kinh nghiệm/2026/09/19/thue-xe-may-gia-re-o-ha-noi/,,,,,legacy:_posts/2026-09-20-thue-xe-may-gia-re-o-ha-noi.md
BLG-00416,EXISTING,Thuê xe máy giao xe tận nơi ở Hà Nội: cách đặt và những điểm cần thỏa thuận rõ,(legacy) Thuê xe máy giao xe tận nơi ở Hà Nội: cách đặt và những điểm cần thỏa thuận rõ,,,P-THUE-XE,C-THUE-THU-TUC,,/blog/kinh nghiệm/2026/09/19/thue-xe-may-giao-xe-tan-noi-o-ha-noi/,_posts/2026-09-20-thue-xe-may-giao-xe-tan-noi-o-ha-noi.md,/blog/kinh nghiệm/2026/09/19/thue-xe-may-giao-xe-tan-noi-o-ha-noi/,,,,,legacy:_posts/2026-09-20-thue-xe-may-giao-xe-tan-noi-o-ha-noi.md
BLG-00417,EXISTING,Thuê xe máy giúp khách nước ngoài đến thăm nhà,(legacy) Thuê xe máy giúp khách nước ngoài đến thăm nhà,,,P-THUE-XE,C-THUE-QUOC-TE,,/blog/chia sẻ/2026/09/19/thue-xe-may-giup-khach-nuoc-ngoai-den-tham-nha/,_posts/2026-09-20-thue-xe-may-giup-khach-nuoc-ngoai-den-tham-nha.md,/blog/chia sẻ/2026/09/19/thue-xe-may-giup-khach-nuoc-ngoai-den-tham-nha/,,,,,legacy:_posts/2026-09-20-thue-xe-may-giup-khach-nuoc-ngoai-den-tham-nha.md
BLG-00418,EXISTING,Lịch trình du lịch Hà Nội 2-3 ngày bằng xe máy: mẫu kế hoạch thực tế,(legacy) Lịch trình du lịch Hà Nội 2-3 ngày bằng xe máy: mẫu kế hoạch thực tế,,,P-KY-NANG,C-KY-NANG-TINH-HUONG,,/blog/du lịch/2026/09/19/thue-xe-may-ha-noi-du-lich-2-3-ngay/,_posts/2026-09-20-thue-xe-may-ha-noi-du-lich-2-3-ngay.md,/blog/du lịch/2026/09/19/thue-xe-may-ha-noi-du-lich-2-3-ngay/,,,,,legacy:_posts/2026-09-20-thue-xe-may-ha-noi-du-lich-2-3-ngay.md
BLG-00419,EXISTING,Thuê xe máy khi xe nhà đang bảo dưỡng,(legacy) Thuê xe máy khi xe nhà đang bảo dưỡng,,,P-XE-MAY,C-BAO-DUONG,,/blog/kinh nghiệm/2026/09/19/thue-xe-may-khi-xe-nha-dang-bao-duong/,_posts/2026-09-20-thue-xe-may-khi-xe-nha-dang-bao-duong.md,/blog/kinh nghiệm/2026/09/19/thue-xe-may-khi-xe-nha-dang-bao-duong/,,,,,legacy:_posts/2026-09-20-thue-xe-may-khi-xe-nha-dang-bao-duong.md
BLG-00420,EXISTING,Thuê xe máy Hà Nội vào mùa hè: đối phó nắng nóng và mưa giông,(legacy) Thuê xe máy Hà Nội vào mùa hè: đối phó nắng nóng và mưa giông,,,P-KY-NANG,C-KY-NANG-THOI-TIET,,/blog/kinh nghiệm/2026/09/19/thue-xe-may-mua-he-o-ha-noi/,_posts/2026-09-20-thue-xe-may-mua-he-o-ha-noi.md,/blog/kinh nghiệm/2026/09/19/thue-xe-may-mua-he-o-ha-noi/,,,,,legacy:_posts/2026-09-20-thue-xe-may-mua-he-o-ha-noi.md
BLG-00421,EXISTING,"Thuê xe máy ở Bồ Đề, Long Biên: lợi thế của khu vực ven sông cho người cần di chuyển","(legacy) Thuê xe máy ở Bồ Đề, Long Biên: lợi thế của khu vực ven sông cho người cần di chuyển",,,P-KY-NANG,C-KY-NANG-CO-BAN,,/blog/kinh nghiệm/2026/09/19/thue-xe-may-o-bo-de-long-bien/,_posts/2026-09-20-thue-xe-may-o-bo-de-long-bien.md,/blog/kinh nghiệm/2026/09/19/thue-xe-may-o-bo-de-long-bien/,,,,,legacy:_posts/2026-09-20-thue-xe-may-o-bo-de-long-bien.md
BLG-00422,EXISTING,Thuê xe máy ở Hà Nội cho người lớn tuổi: những cân nhắc thực tế,(legacy) Thuê xe máy ở Hà Nội cho người lớn tuổi: những cân nhắc thực tế,,,P-KY-NANG,C-KY-NANG-SUC-KHOE,,/blog/chia sẻ/2026/09/19/thue-xe-may-o-ha-noi-cho-nguoi-lon-tuoi/,_posts/2026-09-20-thue-xe-may-o-ha-noi-cho-nguoi-lon-tuoi.md,/blog/chia sẻ/2026/09/19/thue-xe-may-o-ha-noi-cho-nguoi-lon-tuoi/,,,,,legacy:_posts/2026-09-20-thue-xe-may-o-ha-noi-cho-nguoi-lon-tuoi.md
BLG-00423,REVIEW,Thuê xe máy ở Hà Nội cho nhóm bạn và gia đình: cách tổ chức đi lại cùng nhau,(legacy) Thuê xe máy ở Hà Nội cho nhóm bạn và gia đình: cách tổ chức đi lại cùng nhau,,,P-KY-NANG,C-KY-NANG-CO-BAN,,/blog/kinh nghiệm/2026/09/19/thue-xe-may-o-ha-noi-cho-nhom-va-gia-dinh/,_posts/2026-09-20-thue-xe-may-o-ha-noi-cho-nhom-va-gia-dinh.md,/blog/kinh nghiệm/2026/09/19/thue-xe-may-o-ha-noi-cho-nhom-va-gia-dinh/,,,,,legacy:_posts/2026-09-20-thue-xe-may-o-ha-noi-cho-nhom-va-gia-dinh.md
BLG-00424,REVIEW,Thuê xe máy ở Hà Nội cho nữ: tự tin di chuyển trong thành phố,(legacy) Thuê xe máy ở Hà Nội cho nữ: tự tin di chuyển trong thành phố,,,P-KY-NANG,C-KY-NANG-CO-BAN,,/blog/kinh nghiệm/2026/09/19/thue-xe-may-o-ha-noi-cho-nu/,_posts/2026-09-20-thue-xe-may-o-ha-noi-cho-nu.md,/blog/kinh nghiệm/2026/09/19/thue-xe-may-o-ha-noi-cho-nu/,,,,,legacy:_posts/2026-09-20-thue-xe-may-o-ha-noi-cho-nu.md
BLG-00425,EXISTING,Thuê xe máy đi công tác ở Hà Nội: chọn gói thuê và quản lý chi phí hiệu quả,(legacy) Thuê xe máy đi công tác ở Hà Nội: chọn gói thuê và quản lý chi phí hiệu quả,,,P-DU-LICH,C-DIEM-DEN,,/blog/chia sẻ/2026/09/19/thue-xe-may-o-ha-noi-di-cong-tac/,_posts/2026-09-20-thue-xe-may-o-ha-noi-di-cong-tac.md,/blog/chia sẻ/2026/09/19/thue-xe-may-o-ha-noi-di-cong-tac/,,,,,legacy:_posts/2026-09-20-thue-xe-may-o-ha-noi-di-cong-tac.md
BLG-00426,EXISTING,Thuê xe máy dịp Tết ở Hà Nội: thời điểm đặc biệt cần đặt sớm và lên kế hoạch kỹ,(legacy) Thuê xe máy dịp Tết ở Hà Nội: thời điểm đặc biệt cần đặt sớm và lên kế hoạch kỹ,,,P-KY-NANG,C-KY-NANG-THOI-TIET,,/blog/chia sẻ/2026/09/19/thue-xe-may-o-ha-noi-dip-tet/,_posts/2026-09-20-thue-xe-may-o-ha-noi-dip-tet.md,/blog/chia sẻ/2026/09/19/thue-xe-may-o-ha-noi-dip-tet/,,,,,legacy:_posts/2026-09-20-thue-xe-may-o-ha-noi-dip-tet.md
BLG-00427,EXISTING,Thuê xe máy gần Hoàn Kiếm và phố cổ: cách di chuyển trong lòng Hà Nội cũ,(legacy) Thuê xe máy gần Hoàn Kiếm và phố cổ: cách di chuyển trong lòng Hà Nội cũ,,,P-DU-LICH,C-PHO-CO,,/blog/du lịch/2026/09/19/thue-xe-may-quan-hoan-kiem-gan-pho-co/,_posts/2026-09-20-thue-xe-may-quan-hoan-kiem-gan-pho-co.md,/blog/du lịch/2026/09/19/thue-xe-may-quan-hoan-kiem-gan-pho-co/,,,,,legacy:_posts/2026-09-20-thue-xe-may-quan-hoan-kiem-gan-pho-co.md
BLG-00428,EXISTING,Thuê xe máy ở Tây Hồ dành cho người nước ngoài: những điều cần chuẩn bị,(legacy) Thuê xe máy ở Tây Hồ dành cho người nước ngoài: những điều cần chuẩn bị,,,P-THUE-XE,C-THUE-QUOC-TE,,/blog/chia sẻ/2026/09/19/thue-xe-may-quan-tay-ho-cho-nguoi-nuoc-ngoai/,_posts/2026-09-20-thue-xe-may-quan-tay-ho-cho-nguoi-nuoc-ngoai.md,/blog/chia sẻ/2026/09/19/thue-xe-may-quan-tay-ho-cho-nguoi-nuoc-ngoai/,,,,,legacy:_posts/2026-09-20-thue-xe-may-quan-tay-ho-cho-nguoi-nuoc-ngoai.md
BLG-00429,EXISTING,Thuê xe máy theo tháng ở Hà Nội: giải pháp đi lại cho người làm việc dài hạn,(legacy) Thuê xe máy theo tháng ở Hà Nội: giải pháp đi lại cho người làm việc dài hạn,,,P-THUE-XE,C-THUE-THANG,,/blog/kinh nghiệm/2026/09/19/thue-xe-may-thang-o-ha-noi-cho-cong-viec-dai-han/,_posts/2026-09-20-thue-xe-may-thang-o-ha-noi-cho-cong-viec-dai-han.md,/blog/kinh nghiệm/2026/09/19/thue-xe-may-thang-o-ha-noi-cho-cong-viec-dai-han/,,,,,legacy:_posts/2026-09-20-thue-xe-may-thang-o-ha-noi-cho-cong-viec-dai-han.md
BLG-00430,EXISTING,Thuê xe máy theo ngày và chuyện trả xe trễ giờ ở Hà Nội,(legacy) Thuê xe máy theo ngày và chuyện trả xe trễ giờ ở Hà Nội,,,P-THUE-XE,C-THUE-NHAN-TRA,,/blog/kinh nghiệm/2026/09/19/thue-xe-may-theo-ngay-va-tra-xe-tre-gio/,_posts/2026-09-20-thue-xe-may-theo-ngay-va-tra-xe-tre-gio.md,/blog/kinh nghiệm/2026/09/19/thue-xe-may-theo-ngay-va-tra-xe-tre-gio/,,,,,legacy:_posts/2026-09-20-thue-xe-may-theo-ngay-va-tra-xe-tre-gio.md
BLG-00431,EXISTING,Thuê xe máy theo tuần cho thợ về làm nhà,(legacy) Thuê xe máy theo tuần cho thợ về làm nhà,,,P-THUE-XE,C-THUE-TUAN,,/blog/kinh nghiệm/2026/09/19/thue-xe-may-theo-tuan-cho-tho-ve-lam-nha/,_posts/2026-09-20-thue-xe-may-theo-tuan-cho-tho-ve-lam-nha.md,/blog/kinh nghiệm/2026/09/19/thue-xe-may-theo-tuan-cho-tho-ve-lam-nha/,,,,,legacy:_posts/2026-09-20-thue-xe-may-theo-tuan-cho-tho-ve-lam-nha.md
BLG-00432,EXISTING,Thuê xe máy tự lái ở Hà Nội: những điều cần chuẩn bị trước khi nhận xe,(legacy) Thuê xe máy tự lái ở Hà Nội: những điều cần chuẩn bị trước khi nhận xe,,,P-KY-NANG,C-KY-NANG-TINH-HUONG,,/blog/kinh nghiệm/2026/09/19/thue-xe-may-tu-lai-o-ha-noi-can-biet-gi/,_posts/2026-09-20-thue-xe-may-tu-lai-o-ha-noi-can-biet-gi.md,/blog/kinh nghiệm/2026/09/19/thue-xe-may-tu-lai-o-ha-noi-can-biet-gi/,,,,,legacy:_posts/2026-09-20-thue-xe-may-tu-lai-o-ha-noi-can-biet-gi.md
BLG-00433,EXISTING,Thuê xe máy từ sân bay Nội Bài về Hà Nội: các lựa chọn và cách tính toán hợp lý,(legacy) Thuê xe máy từ sân bay Nội Bài về Hà Nội: các lựa chọn và cách tính toán hợp lý,,,P-CUNG-DUONG,C-CD-CUOI-TUAN,,/blog/du lịch/2026/09/19/thue-xe-may-tu-san-bay-noi-bai-ve-ha-noi/,_posts/2026-09-20-thue-xe-may-tu-san-bay-noi-bai-ve-ha-noi.md,/blog/du lịch/2026/09/19/thue-xe-may-tu-san-bay-noi-bai-ve-ha-noi/,,,,,legacy:_posts/2026-09-20-thue-xe-may-tu-san-bay-noi-bai-ve-ha-noi.md
BLG-00434,EXISTING,Thuê xe qua đêm: nhận tối và trả sáng hôm sau,(legacy) Thuê xe qua đêm: nhận tối và trả sáng hôm sau,,,P-THUE-XE,C-THUE-NGAY,,/blog/chia sẻ/2026/09/19/thue-xe-qua-dem-nhan-toi-tra-sang/,_posts/2026-09-20-thue-xe-qua-dem-nhan-toi-tra-sang.md,/blog/chia sẻ/2026/09/19/thue-xe-qua-dem-nhan-toi-tra-sang/,,,,,legacy:_posts/2026-09-20-thue-xe-qua-dem-nhan-toi-tra-sang.md
BLG-00435,EXISTING,Thuê xe máy trải nghiệm trước khi mua xe riêng,(legacy) Thuê xe máy trải nghiệm trước khi mua xe riêng,,,P-KY-NANG,C-KY-NANG-THOI-TIET,,/blog/chia sẻ/2026/09/19/thue-xe-trai-nghiem-truoc-khi-mua-xe-rieng/,_posts/2026-09-20-thue-xe-trai-nghiem-truoc-khi-mua-xe-rieng.md,/blog/chia sẻ/2026/09/19/thue-xe-trai-nghiem-truoc-khi-mua-xe-rieng/,,,,,legacy:_posts/2026-09-20-thue-xe-trai-nghiem-truoc-khi-mua-xe-rieng.md
BLG-00436,EXISTING,Thủng lốp giữa đường xử lý thế nào,(legacy) Thủng lốp giữa đường xử lý thế nào,,,P-THUE-XE,C-THUE-SU-CO,,/blog/kinh nghiệm/2026/09/19/thung-lop-giua-duong-xu-ly-the-nao/,_posts/2026-09-20-thung-lop-giua-duong-xu-ly-the-nao.md,/blog/kinh nghiệm/2026/09/19/thung-lop-giua-duong-xu-ly-the-nao/,,,,,legacy:_posts/2026-09-20-thung-lop-giua-duong-xu-ly-the-nao.md
BLG-00437,EXISTING,Tiền đặt cọc trong thuê xe dài hạn và cách hoàn tất khi kết thúc,(legacy) Tiền đặt cọc trong thuê xe dài hạn và cách hoàn tất khi kết thúc,,,P-THUE-XE,C-THUE-DAT-COC,,/blog/kinh nghiệm/2026/09/19/tien-dat-coc-trong-thue-dai-han-hoan-tat/,_posts/2026-09-20-tien-dat-coc-trong-thue-dai-han-hoan-tat.md,/blog/kinh nghiệm/2026/09/19/tien-dat-coc-trong-thue-dai-han-hoan-tat/,,,,,legacy:_posts/2026-09-20-tien-dat-coc-trong-thue-dai-han-hoan-tat.md
BLG-00438,EXISTING,Tiền lẻ và thói quen chi tiêu nhỏ khi đi xe máy ở Hà Nội,(legacy) Tiền lẻ và thói quen chi tiêu nhỏ khi đi xe máy ở Hà Nội,,,P-THUE-XE,C-THUE-GIA,,/blog/kinh nghiệm/2026/09/19/tien-le-va-thoi-quen-chi-tieu-nho-khi-di-xe/,_posts/2026-09-20-tien-le-va-thoi-quen-chi-tieu-nho-khi-di-xe.md,/blog/kinh nghiệm/2026/09/19/tien-le-va-thoi-quen-chi-tieu-nho-khi-di-xe/,,,,,legacy:_posts/2026-09-20-tien-le-va-thoi-quen-chi-tieu-nho-khi-di-xe.md
BLG-00439,EXISTING,Tiếng hú khi phanh có ý nghĩa gì,(legacy) Tiếng hú khi phanh có ý nghĩa gì,,,P-XE-MAY,C-BAO-DUONG,,/blog/kinh nghiệm/2026/09/19/tieng-hu-khi-phanh-co-y-nghia-gi/,_posts/2026-09-20-tieng-hu-khi-phanh-co-y-nghia-gi.md,/blog/kinh nghiệm/2026/09/19/tieng-hu-khi-phanh-co-y-nghia-gi/,,,,,legacy:_posts/2026-09-20-tieng-hu-khi-phanh-co-y-nghia-gi.md
BLG-00440,EXISTING,Tính chi phí xăng xe máy một tháng đi lại,(legacy) Tính chi phí xăng xe máy một tháng đi lại,,,P-KY-NANG,C-KY-NANG-CO-BAN,,/blog/kinh nghiệm/2026/09/19/tinh-chi-phi-xang-xe-may-mot-thang-di-lai/,_posts/2026-09-20-tinh-chi-phi-xang-xe-may-mot-thang-di-lai.md,/blog/kinh nghiệm/2026/09/19/tinh-chi-phi-xang-xe-may-mot-thang-di-lai/,,,,,legacy:_posts/2026-09-20-tinh-chi-phi-xang-xe-may-mot-thang-di-lai.md
BLG-00441,EXISTING,Tổng kết kỳ thuê trước khi quyết định gia hạn thuê xe máy,(legacy) Tổng kết kỳ thuê trước khi quyết định gia hạn thuê xe máy,,,P-THUE-XE,C-THUE-NHAN-TRA,,/blog/chia sẻ/2026/09/19/tong-kiem-ky-thue-truoc-khi-quyet-dinh-gia-han/,_posts/2026-09-20-tong-kiem-ky-thue-truoc-khi-quyet-dinh-gia-han.md,/blog/chia sẻ/2026/09/19/tong-kiem-ky-thue-truoc-khi-quyet-dinh-gia-han/,,,,,legacy:_posts/2026-09-20-tong-kiem-ky-thue-truoc-khi-quyet-dinh-gia-han.md
BLG-00442,EXISTING,Trả xe sát giờ đóng cửa: nên hay không nên,(legacy) Trả xe sát giờ đóng cửa: nên hay không nên,,,P-THUE-XE,C-THUE-NHAN-TRA,,/blog/chia sẻ/2026/09/19/tra-xe-sat-cuoi-gio-hoat-dong/,_posts/2026-09-20-tra-xe-sat-cuoi-gio-hoat-dong.md,/blog/chia sẻ/2026/09/19/tra-xe-sat-cuoi-gio-hoat-dong/,,,,,legacy:_posts/2026-09-20-tra-xe-sat-cuoi-gio-hoat-dong.md
BLG-00443,EXISTING,Trả xe máy thuê sớm: phần ngày chưa dùng được xử lý thế nào,(legacy) Trả xe máy thuê sớm: phần ngày chưa dùng được xử lý thế nào,,,P-THUE-XE,C-THUE-NHAN-TRA,,/blog/kinh nghiệm/2026/09/19/tra-xe-som-va-cau-hoi-hoan-tien/,_posts/2026-09-20-tra-xe-som-va-cau-hoi-hoan-tien.md,/blog/kinh nghiệm/2026/09/19/tra-xe-som-va-cau-hoi-hoan-tien/,,,,,legacy:_posts/2026-09-20-tra-xe-som-va-cau-hoi-hoan-tien.md
BLG-00444,EXISTING,Tránh mệt mỏi khi chạy xe máy đường dài: quản lý năng lượng,(legacy) Tránh mệt mỏi khi chạy xe máy đường dài: quản lý năng lượng,,,P-KY-NANG,C-KY-NANG-SUC-KHOE,,/blog/kinh nghiệm/2026/09/19/tranh-met-moi-khi-chay-xe-duong-dai/,_posts/2026-09-20-tranh-met-moi-khi-chay-xe-duong-dai.md,/blog/kinh nghiệm/2026/09/19/tranh-met-moi-khi-chay-xe-duong-dai/,,,,,legacy:_posts/2026-09-20-tranh-met-moi-khi-chay-xe-duong-dai.md
BLG-00445,EXISTING,Trẻ ngủ gật khi ngồi sau xe máy: xử lý an toàn,(legacy) Trẻ ngủ gật khi ngồi sau xe máy: xử lý an toàn,,,P-KY-NANG,C-KY-NANG-SUC-KHOE,,/blog/chia sẻ/2026/09/19/tre-ngu-gat-tren-xe-may-xu-ly-the-nao/,_posts/2026-09-20-tre-ngu-gat-tren-xe-may-xu-ly-the-nao.md,/blog/chia sẻ/2026/09/19/tre-ngu-gat-tren-xe-may-xu-ly-the-nao/,,,,,legacy:_posts/2026-09-20-tre-ngu-gat-tren-xe-may-xu-ly-the-nao.md
BLG-00446,EXISTING,Trình bày sự cố với cửa hàng cho thuê xe: rõ ràng và đầy đủ,(legacy) Trình bày sự cố với cửa hàng cho thuê xe: rõ ràng và đầy đủ,,,P-THUE-XE,C-THUE-SU-CO,,/blog/kinh nghiệm/2026/09/19/trinh-bay-su-co-voi-cua-hang-cho-thue-xe-ro-rang-va-day-du/,_posts/2026-09-20-trinh-bay-su-co-voi-cua-hang-cho-thue-xe-ro-rang-va-day-du.md,/blog/kinh nghiệm/2026/09/19/trinh-bay-su-co-voi-cua-hang-cho-thue-xe-ro-rang-va-day-du/,,,,,legacy:_posts/2026-09-20-trinh-bay-su-co-voi-cua-hang-cho-thue-xe-ro-rang-va-day-du.md
BLG-00447,EXISTING,Trời nóng đi xe máy cần đối phó thế nào,(legacy) Trời nóng đi xe máy cần đối phó thế nào,,,P-KY-NANG,C-KY-NANG-THOI-TIET,,/blog/kinh nghiệm/2026/09/19/troi-nom-di-xe-may-the-nao/,_posts/2026-09-20-troi-nom-di-xe-may-the-nao.md,/blog/kinh nghiệm/2026/09/19/troi-nom-di-xe-may-the-nao/,,,,,legacy:_posts/2026-09-20-troi-nom-di-xe-may-the-nao.md
BLG-00448,EXISTING,Trụ giữa và chống chân xe máy: dùng đúng loại đúng lúc,(legacy) Trụ giữa và chống chân xe máy: dùng đúng loại đúng lúc,,,P-PHAP-LY,C-QUY-DINH,,/blog/kinh nghiệm/2026/09/19/tru-giua-va-chong-chan-xe-may-dung-dung-loai-dung-luc/,_posts/2026-09-20-tru-giua-va-chong-chan-xe-may-dung-dung-loai-dung-luc.md,/blog/kinh nghiệm/2026/09/19/tru-giua-va-chong-chan-xe-may-dung-dung-loai-dung-luc/,,,,,legacy:_posts/2026-09-20-tru-giua-va-chong-chan-xe-may-dung-dung-loai-dung-luc.md
BLG-00449,EXISTING,"Tự liệu cá nhân sau kỳ thuê xe máy: nên giữ gì, bỏ gì","(legacy) Tự liệu cá nhân sau kỳ thuê xe máy: nên giữ gì, bỏ gì",,,P-HOI-DAP,C-HD-NGUOI-MOI,,/blog/chia sẻ/2026/09/19/tu-lieu-ca-nhan-sau-ky-thue-xe-may/,_posts/2026-09-20-tu-lieu-ca-nhan-sau-ky-thue-xe-may.md,/blog/chia sẻ/2026/09/19/tu-lieu-ca-nhan-sau-ky-thue-xe-may/,,,,,legacy:_posts/2026-09-20-tu-lieu-ca-nhan-sau-ky-thue-xe-may.md
BLG-00450,EXISTING,Tư thế ngồi và vệ sinh cá nhân khi đi xe máy lâu,(legacy) Tư thế ngồi và vệ sinh cá nhân khi đi xe máy lâu,,,P-KY-NANG,C-KY-NANG-TINH-HUONG,,/blog/kinh nghiệm/2026/09/19/tu-the-va-ve-sinh-khi-di-xe-may-lau/,_posts/2026-09-20-tu-the-va-ve-sinh-khi-di-xe-may-lau.md,/blog/kinh nghiệm/2026/09/19/tu-the-va-ve-sinh-khi-di-xe-may-lau/,,,,,legacy:_posts/2026-09-20-tu-the-va-ve-sinh-khi-di-xe-may-lau.md
BLG-00451,EXISTING,Tự tin cầm lái lại sau một lần ngã xe,(legacy) Tự tin cầm lái lại sau một lần ngã xe,,,P-KY-NANG,C-KY-NANG-TINH-HUONG,,/blog/kinh nghiệm/2026/09/19/tu-tin-lai-sau-mot-lan-nga/,_posts/2026-09-20-tu-tin-lai-sau-mot-lan-nga.md,/blog/kinh nghiệm/2026/09/19/tu-tin-lai-sau-mot-lan-nga/,,,,,legacy:_posts/2026-09-20-tu-tin-lai-sau-mot-lan-nga.md
BLG-00452,EXISTING,Ước lượng quãng đường đi mỗi ngày với xe máy thuê ở Hà Nội,(legacy) Ước lượng quãng đường đi mỗi ngày với xe máy thuê ở Hà Nội,,,P-KY-NANG,C-KY-NANG-TINH-HUONG,,/blog/kinh nghiệm/2026/09/19/uoc-luong-quang-duong-di-moi-ngay-voi-xe-thue/,_posts/2026-09-20-uoc-luong-quang-duong-di-moi-ngay-voi-xe-thue.md,/blog/kinh nghiệm/2026/09/19/uoc-luong-quang-duong-di-moi-ngay-voi-xe-thue/,,,,,legacy:_posts/2026-09-20-uoc-luong-quang-duong-di-moi-ngay-voi-xe-thue.md
BLG-00453,EXISTING,Vào cua tối khi trời mưa nhẹ,(legacy) Vào cua tối khi trời mưa nhẹ,,,P-KY-NANG,C-KY-NANG-THOI-TIET,,/blog/kinh nghiệm/2026/09/19/vao-cu-toi-khi-troi-mua-nhe/,_posts/2026-09-20-vao-cu-toi-khi-troi-mua-nhe.md,/blog/kinh nghiệm/2026/09/19/vao-cu-toi-khi-troi-mua-nhe/,,,,,legacy:_posts/2026-09-20-vao-cu-toi-khi-troi-mua-nhe.md
BLG-00454,EXISTING,Về hưu và việc đi lại bằng xe máy,(legacy) Về hưu và việc đi lại bằng xe máy,,,P-KY-NANG,C-KY-NANG-SUC-KHOE,,/blog/chia sẻ/2026/09/19/ve-huu-va-viec-di-lai-bang-xe-may/,_posts/2026-09-20-ve-huu-va-viec-di-lai-bang-xe-may.md,/blog/chia sẻ/2026/09/19/ve-huu-va-viec-di-lai-bang-xe-may/,,,,,legacy:_posts/2026-09-20-ve-huu-va-viec-di-lai-bang-xe-may.md
BLG-00455,EXISTING,Vệ sinh mũ bảo hiểm khi thuê xe máy: cách giữ mũ sạch và an toàn,(legacy) Vệ sinh mũ bảo hiểm khi thuê xe máy: cách giữ mũ sạch và an toàn,,,P-PHAP-LY,C-BAO-HIEM,,/blog/chia sẻ/2026/09/19/ve-sinh-mu-bao-hiem-khi-thue-xe/,_posts/2026-09-20-ve-sinh-mu-bao-hiem-khi-thue-xe.md,/blog/chia sẻ/2026/09/19/ve-sinh-mu-bao-hiem-khi-thue-xe/,,,,,legacy:_posts/2026-09-20-ve-sinh-mu-bao-hiem-khi-thue-xe.md
BLG-00456,EXISTING,Vệt dầu loang dưới xe thuê: nhận biết và báo cửa hàng,(legacy) Vệt dầu loang dưới xe thuê: nhận biết và báo cửa hàng,,,P-THUE-XE,C-THUE-SU-CO,,/blog/kinh nghiệm/2026/09/19/vet-dau-loang-duoi-xe-thue/,_posts/2026-09-20-vet-dau-loang-duoi-xe-thue.md,/blog/kinh nghiệm/2026/09/19/vet-dau-loang-duoi-xe-thue/,,,,,legacy:_posts/2026-09-20-vet-dau-loang-duoi-xe-thue.md
BLG-00457,EXISTING,Vì sao không nên chở bình gas và vật dễ cháy nổ trên xe máy,(legacy) Vì sao không nên chở bình gas và vật dễ cháy nổ trên xe máy,,,P-KY-NANG,C-KY-NANG-TINH-HUONG,,/blog/kinh nghiệm/2026/09/19/vi-sao-khong-nen-cho-binh-ga-tren-xe/,_posts/2026-09-20-vi-sao-khong-nen-cho-binh-ga-tren-xe.md,/blog/kinh nghiệm/2026/09/19/vi-sao-khong-nen-cho-binh-ga-tren-xe/,,,,,legacy:_posts/2026-09-20-vi-sao-khong-nen-cho-binh-ga-tren-xe.md
BLG-00458,EXISTING,Người Việt ở nước ngoài về thăm nhà thuê xe máy,(legacy) Người Việt ở nước ngoài về thăm nhà thuê xe máy,,,P-THUE-XE,C-THUE-QUOC-TE,,/blog/kinh nghiệm/2026/09/19/viet-kieu-ve-tham-nha-thue-xe-may/,_posts/2026-09-20-viet-kieu-ve-tham-nha-thue-xe-may.md,/blog/kinh nghiệm/2026/09/19/viet-kieu-ve-tham-nha-thue-xe-may/,,,,,legacy:_posts/2026-09-20-viet-kieu-ve-tham-nha-thue-xe-may.md
BLG-00459,EXISTING,Vòng hồ Đồng Mô Suối Hai bằng xe máy,(legacy) Vòng hồ Đồng Mô Suối Hai bằng xe máy,,,P-CUNG-DUONG,C-CD-CUOI-TUAN,,/blog/du lịch/2026/09/19/vong-ho-dong-mo-suoi-hai-bang-xe-may/,_posts/2026-09-20-vong-ho-dong-mo-suoi-hai-bang-xe-may.md,/blog/du lịch/2026/09/19/vong-ho-dong-mo-suoi-hai-bang-xe-may/,,,,,legacy:_posts/2026-09-20-vong-ho-dong-mo-suoi-hai-bang-xe-may.md
BLG-00460,EXISTING,Vượt qua ngại đường lớn và phố đông,(legacy) Vượt qua ngại đường lớn và phố đông,,,P-KY-NANG,C-KY-NANG-TINH-HUONG,,/blog/kinh nghiệm/2026/09/19/vuot-tam-ly-ngai-duong-lon/,_posts/2026-09-20-vuot-tam-ly-ngai-duong-lon.md,/blog/kinh nghiệm/2026/09/19/vuot-tam-ly-ngai-duong-lon/,,,,,legacy:_posts/2026-09-20-vuot-tam-ly-ngai-duong-lon.md
BLG-00461,EXISTING,Giao xe tận nơi khi thuê xe máy dài hạn: những gì cần thống nhất trước buổi hẹn,(legacy) Giao xe tận nơi khi thuê xe máy dài hạn: những gì cần thống nhất trước buổi hẹn,,,P-THUE-XE,C-THUE-THU-TUC,,/blog/kinh nghiệm/2026/09/19/xac-nhan-giao-xe-tan-noi-nhung-gi-can-thong-nhat/,_posts/2026-09-20-xac-nhan-giao-xe-tan-noi-nhung-gi-can-thong-nhat.md,/blog/kinh nghiệm/2026/09/19/xac-nhan-giao-xe-tan-noi-nhung-gi-can-thong-nhat/,,,,,legacy:_posts/2026-09-20-xac-nhan-giao-xe-tan-noi-nhung-gi-can-thong-nhat.md
BLG-00462,EXISTING,Xe 50cc và những quy định về bằng lái người thuê cần nắm,(legacy) Xe 50cc và những quy định về bằng lái người thuê cần nắm,,,P-PHAP-LY,C-GPLX,,/blog/chia sẻ/2026/09/19/xe-50cc-va-quy-dinh-bang-lai/,_posts/2026-09-20-xe-50cc-va-quy-dinh-bang-lai.md,/blog/chia sẻ/2026/09/19/xe-50cc-va-quy-dinh-bang-lai/,,,,,legacy:_posts/2026-09-20-xe-50cc-va-quy-dinh-bang-lai.md
BLG-00463,EXISTING,Đi cùng dòng xe ba gác trên đường,(legacy) Đi cùng dòng xe ba gác trên đường,,,P-PHAP-LY,C-QUY-DINH,,/blog/kinh nghiệm/2026/09/19/xe-ba-gac-tren-duong/,_posts/2026-09-20-xe-ba-gac-tren-duong.md,/blog/kinh nghiệm/2026/09/19/xe-ba-gac-tren-duong/,,,,,legacy:_posts/2026-09-20-xe-ba-gac-tren-duong.md
BLG-00464,EXISTING,Xe máy bị kéo lệch một bên: kiểm tra và xử lý,(legacy) Xe máy bị kéo lệch một bên: kiểm tra và xử lý,,,P-THUE-XE,C-THUE-SU-CO,,/blog/kinh nghiệm/2026/09/19/xe-bi-keo-lech-mot-ben/,_posts/2026-09-20-xe-bi-keo-lech-mot-ben.md,/blog/kinh nghiệm/2026/09/19/xe-bi-keo-lech-mot-ben/,,,,,legacy:_posts/2026-09-20-xe-bi-keo-lech-mot-ben.md
BLG-00465,EXISTING,Xe máy thuê hỏng giữa đường: các bước xử lý an toàn,(legacy) Xe máy thuê hỏng giữa đường: các bước xử lý an toàn,,,P-THUE-XE,C-THUE-SU-CO,,/blog/kinh nghiệm/2026/09/19/xe-hong-giua-duong-xu-ly-an-toan/,_posts/2026-09-20-xe-hong-giua-duong-xu-ly-an-toan.md,/blog/kinh nghiệm/2026/09/19/xe-hong-giua-duong-xu-ly-an-toan/,,,,,legacy:_posts/2026-09-20-xe-hong-giua-duong-xu-ly-an-toan.md
BLG-00466,EXISTING,Đi xe máy điện trong mưa cần lưu ý gì,(legacy) Đi xe máy điện trong mưa cần lưu ý gì,,,P-XE-MAY,C-XE-DIEN,,/blog/kinh nghiệm/2026/09/19/xe-may-dien-di-trong-mua-luu-y/,_posts/2026-09-20-xe-may-dien-di-trong-mua-luu-y.md,/blog/kinh nghiệm/2026/09/19/xe-may-dien-di-trong-mua-luu-y/,,,,,legacy:_posts/2026-09-20-xe-may-dien-di-trong-mua-luu-y.md
BLG-00467,EXISTING,Xe máy điện thuê đi mùa lạnh: pin tụ nhanh,(legacy) Xe máy điện thuê đi mùa lạnh: pin tụ nhanh,,,P-XE-MAY,C-XE-DIEN,,/blog/kinh nghiệm/2026/09/19/xe-may-dien-thue-di-mua-lanh-pin-tu-nhanh/,_posts/2026-09-20-xe-may-dien-thue-di-mua-lanh-pin-tu-nhanh.md,/blog/kinh nghiệm/2026/09/19/xe-may-dien-thue-di-mua-lanh-pin-tu-nhanh/,,,,,legacy:_posts/2026-09-20-xe-may-dien-thue-di-mua-lanh-pin-tu-nhanh.md
BLG-00468,EXISTING,Xe máy thuê hay các phương tiện khác ở Hà Nội: chọn theo từng tình huống,(legacy) Xe máy thuê hay các phương tiện khác ở Hà Nội: chọn theo từng tình huống,,,P-DU-LICH,C-DIEM-DEN,,/blog/chia sẻ/2026/09/19/xe-may-thue-hay-phuong-tien-khac-o-ha-noi/,_posts/2026-09-20-xe-may-thue-hay-phuong-tien-khac-o-ha-noi.md,/blog/chia sẻ/2026/09/19/xe-may-thue-hay-phuong-tien-khac-o-ha-noi/,,,,,legacy:_posts/2026-09-20-xe-may-thue-hay-phuong-tien-khac-o-ha-noi.md
BLG-00469,EXISTING,Xe rung giật khi tăng tốc nên kiểm tra ở đâu,(legacy) Xe rung giật khi tăng tốc nên kiểm tra ở đâu,,,P-KY-NANG,C-KY-NANG-TINH-HUONG,,/blog/kinh nghiệm/2026/09/19/xe-rung-giat-khi-tang-toc/,_posts/2026-09-20-xe-rung-giat-khi-tang-toc.md,/blog/kinh nghiệm/2026/09/19/xe-rung-giat-khi-tang-toc/,,,,,legacy:_posts/2026-09-20-xe-rung-giat-khi-tang-toc.md
BLG-00470,EXISTING,Xe số dễ bị chết máy ở đèn đỏ,(legacy) Xe số dễ bị chết máy ở đèn đỏ,,,P-XE-MAY,C-XE-SO,,/blog/kinh nghiệm/2026/09/19/xe-so-de-bi-chet-may-o-den-do/,_posts/2026-09-20-xe-so-de-bi-chet-may-o-den-do.md,/blog/kinh nghiệm/2026/09/19/xe-so-de-bi-chet-may-o-den-do/,,,,,legacy:_posts/2026-09-20-xe-so-de-bi-chet-may-o-den-do.md
BLG-00471,EXISTING,Xe thuê bị hư hỏng: trách nhiệm của người thuê được phân định ra sao,(legacy) Xe thuê bị hư hỏng: trách nhiệm của người thuê được phân định ra sao,,,P-THUE-XE,C-THUE-SU-CO,,/blog/kinh nghiệm/2026/09/19/xe-thue-hu-hong-trach-nhiem-cua-nguoi-thue/,_posts/2026-09-20-xe-thue-hu-hong-trach-nhiem-cua-nguoi-thue.md,/blog/kinh nghiệm/2026/09/19/xe-thue-hu-hong-trach-nhiem-cua-nguoi-thue/,,,,,legacy:_posts/2026-09-20-xe-thue-hu-hong-trach-nhiem-cua-nguoi-thue.md
BLG-00472,EXISTING,Xe máy thuê nghỉ vài ngày không dùng: những việc nên làm trước khi đi lại,(legacy) Xe máy thuê nghỉ vài ngày không dùng: những việc nên làm trước khi đi lại,,,P-KY-NANG,C-KY-NANG-TINH-HUONG,,/blog/kinh nghiệm/2026/09/19/xe-thue-nghi-vai-ngay-khong-dung-lam-gi/,_posts/2026-09-20-xe-thue-nghi-vai-ngay-khong-dung-lam-gi.md,/blog/kinh nghiệm/2026/09/19/xe-thue-nghi-vai-ngay-khong-dung-lam-gi/,,,,,legacy:_posts/2026-09-20-xe-thue-nghi-vai-ngay-khong-dung-lam-gi.md
BLG-00473,EXISTING,Xi nhan hỏng giữa đường khi đi xe máy thuê: xử lý thế nào,(legacy) Xi nhan hỏng giữa đường khi đi xe máy thuê: xử lý thế nào,,,P-PHAP-LY,C-PHAT-NGUOI,,/blog/kinh nghiệm/2026/09/19/xi-nhan-hong-giua-duong-xu-ly-the-nao/,_posts/2026-09-20-xi-nhan-hong-giua-duong-xu-ly-the-nao.md,/blog/kinh nghiệm/2026/09/19/xi-nhan-hong-giua-duong-xu-ly-the-nao/,,,,,legacy:_posts/2026-09-20-xi-nhan-hong-giua-duong-xu-ly-the-nao.md
BLG-00474,EXISTING,Xích xe máy tuột hoặc lỏng giữa đường,(legacy) Xích xe máy tuột hoặc lỏng giữa đường,,,P-THUE-XE,C-THUE-SU-CO,,/blog/kinh nghiệm/2026/09/19/xich-xe-may-tuot-hoac-lung-giua-duong/,_posts/2026-09-20-xich-xe-may-tuot-hoac-lung-giua-duong.md,/blog/kinh nghiệm/2026/09/19/xich-xe-may-tuot-hoac-lung-giua-duong/,,,,,legacy:_posts/2026-09-20-xich-xe-may-tuot-hoac-lung-giua-duong.md
BLG-00475,EXISTING,Xử lý áo mưa và đồ bảo hộ ướt sau khi đi mưa về,(legacy) Xử lý áo mưa và đồ bảo hộ ướt sau khi đi mưa về,,,P-KY-NANG,C-KY-NANG-THOI-TIET,,/blog/kinh nghiệm/2026/09/19/xu-ly-ao-mua-va-do-bao-ho-uot/,_posts/2026-09-20-xu-ly-ao-mua-va-do-bao-ho-uot.md,/blog/kinh nghiệm/2026/09/19/xu-ly-ao-mua-va-do-bao-ho-uot/,,,,,legacy:_posts/2026-09-20-xu-ly-ao-mua-va-do-bao-ho-uot.md
BLG-00476,EXISTING,Xử lý khi định vị lệch giữa khu phố cao tầng,(legacy) Xử lý khi định vị lệch giữa khu phố cao tầng,,,P-THUE-XE,C-THUE-SU-CO,,/blog/kinh nghiệm/2026/09/19/xu-ly-dinh-vi-lech-giua-khu-pho-cao-tang/,_posts/2026-09-20-xu-ly-dinh-vi-lech-giua-khu-pho-cao-tang.md,/blog/kinh nghiệm/2026/09/19/xu-ly-dinh-vi-lech-giua-khu-pho-cao-tang/,,,,,legacy:_posts/2026-09-20-xu-ly-dinh-vi-lech-giua-khu-pho-cao-tang.md
BLG-00477,EXISTING,Xử lý khi bị dừng xử phạt giữa đường,(legacy) Xử lý khi bị dừng xử phạt giữa đường,,,P-KY-NANG,C-KY-NANG-TINH-HUONG,,/blog/kinh nghiệm/2026/09/19/xu-ly-khi-bi-can-phat-giua-duong/,_posts/2026-09-20-xu-ly-khi-bi-can-phat-giua-duong.md,/blog/kinh nghiệm/2026/09/19/xu-ly-khi-bi-can-phat-giua-duong/,,,,,legacy:_posts/2026-09-20-xu-ly-khi-bi-can-phat-giua-duong.md
BLG-00478,EXISTING,Xe thuê không nổ máy được: các bước kiểm tra trước khi gọi cửa hàng,(legacy) Xe thuê không nổ máy được: các bước kiểm tra trước khi gọi cửa hàng,,,P-THUE-XE,C-THUE-SU-CO,,/blog/kinh nghiệm/2026/09/19/xu-ly-khi-xe-thue-khong-no-may-duoc/,_posts/2026-09-20-xu-ly-khi-xe-thue-khong-no-may-duoc.md,/blog/kinh nghiệm/2026/09/19/xu-ly-khi-xe-thue-khong-no-may-duoc/,,,,,legacy:_posts/2026-09-20-xu-ly-khi-xe-thue-khong-no-may-duoc.md
BLG-00479,EXISTING,Người và vật xuất hiện đột ngột: phản xạ xử lý,(legacy) Người và vật xuất hiện đột ngột: phản xạ xử lý,,,P-KY-NANG,C-KY-NANG-TINH-HUONG,,/blog/kinh nghiệm/2026/09/19/xu-ly-nguoi-vat-xuat-hien-dot-ngot/,_posts/2026-09-20-xu-ly-nguoi-vat-xuat-hien-dot-ngot.md,/blog/kinh nghiệm/2026/09/19/xu-ly-nguoi-vat-xuat-hien-dot-ngot/,,,,,legacy:_posts/2026-09-20-xu-ly-nguoi-vat-xuat-hien-dot-ngot.md
BLG-00480,EXISTING,Thủng lốp khi đi xe thuê: xử lý an toàn và trao đổi với cửa hàng,(legacy) Thủng lốp khi đi xe thuê: xử lý an toàn và trao đổi với cửa hàng,,,P-THUE-XE,C-THUE-SU-CO,,/blog/kinh nghiệm/2026/09/19/xu-ly-thung-lop-khi-di-xe-thue/,_posts/2026-09-20-xu-ly-thung-lop-khi-di-xe-thue.md,/blog/kinh nghiệm/2026/09/19/xu-ly-thung-lop-khi-di-xe-thue/,,,,,legacy:_posts/2026-09-20-xu-ly-thung-lop-khi-di-xe-thue.md
BLG-00481,EXISTING,Va chạm nhẹ khi đi xe thuê: xử lý tại hiện trường từng bước,(legacy) Va chạm nhẹ khi đi xe thuê: xử lý tại hiện trường từng bước,,,P-THUE-XE,C-THUE-SU-CO,,/blog/kinh nghiệm/2026/09/19/xu-ly-va-cham-nhe-bang-xe-thue/,_posts/2026-09-20-xu-ly-va-cham-nhe-bang-xe-thue.md,/blog/kinh nghiệm/2026/09/19/xu-ly-va-cham-nhe-bang-xe-thue/,,,,,legacy:_posts/2026-09-20-xu-ly-va-cham-nhe-bang-xe-thue.md
BLG-00482,EXISTING,Xuất phát buổi sáng sớm bằng xe máy thuê ở Hà Nội,(legacy) Xuất phát buổi sáng sớm bằng xe máy thuê ở Hà Nội,,,P-KY-NANG,C-KY-NANG-CO-BAN,,/blog/kinh nghiệm/2026/09/19/xuat-phat-buoi-sang-som-bang-xe-thue/,_posts/2026-09-20-xuat-phat-buoi-sang-som-bang-xe-thue.md,/blog/kinh nghiệm/2026/09/19/xuat-phat-buoi-sang-som-bang-xe-thue/,,,,,legacy:_posts/2026-09-20-xuat-phat-buoi-sang-som-bang-xe-thue.md
BLG-00483,EXISTING,Yên xe máy thuê bị ướt hoặc bẩn sau mưa: xử lý trước khi lên xe,(legacy) Yên xe máy thuê bị ướt hoặc bẩn sau mưa: xử lý trước khi lên xe,,,P-KY-NANG,C-KY-NANG-THOI-TIET,,/blog/kinh nghiệm/2026/09/19/yen-xe-uot-hoac-ban-sau-troi-mua-va-cach-xu-ly/,_posts/2026-09-20-yen-xe-uot-hoac-ban-sau-troi-mua-va-cach-xu-ly.md,/blog/kinh nghiệm/2026/09/19/yen-xe-uot-hoac-ban-sau-troi-mua-va-cach-xu-ly/,,,,,legacy:_posts/2026-09-20-yen-xe-uot-hoac-ban-sau-troi-mua-va-cach-xu-ly.md
BLG-00484,PUBLISHED,Bảng giá thuê xe máy tại Hà Nội theo loại xe,Tìm bảng giá thuê xe máy Hà Nội theo từng loại xe,bảng giá thuê xe máy hà nội,giá thuê xe máy; giá thuê xe theo loại xe,P-THUE-XE,C-THUE-GIA,THUE,/blog/thue-xe/2026/09/27/bang-gia-thue-xe-may-tai-ha-noi-theo-loai-xe/,_posts/2026-09-27-bang-gia-thue-xe-may-tai-ha-noi-theo-loai-xe.md,/blog/thue-xe/2026/09/27/bang-gia-thue-xe-may-tai-ha-noi-theo-loai-xe/,/bang-gia/; /thue-xe/gia-thue/,false,none,,planned:matrix-seed/C-THUE-GIA
BLG-00485,PUBLISHED,Những yếu tố làm giá thuê xe máy thay đổi,Hiểu yếu tố ảnh hưởng giá thuê xe máy,yếu tố ảnh hưởng giá thuê xe máy,giá thuê cao thấp vì sao; mùa cao điểm thuê xe,P-THUE-XE,C-THUE-GIA,THUE,/blog/thue-xe/2026/09/27/nhung-yeu-to-lam-gia-thue-xe-may-thay-oi/,_posts/2026-09-27-nhung-yeu-to-lam-gia-thue-xe-may-thay-oi.md,/blog/thue-xe/2026/09/27/nhung-yeu-to-lam-gia-thue-xe-may-thay-oi/,/thue-xe/gia-thue/; /bang-gia/,false,none,,planned:matrix-seed/C-THUE-GIA
BLG-00486,PLANNED,Giá thuê xe máy theo ngày ở Hà Nội,Xem giá thuê xe máy theo ngày,giá thuê xe máy theo ngày,thuê xe ngày giá bao nhiêu,P-THUE-XE,C-THUE-GIA,THUE,/blog/thue-xe/{date}/gia-thue-xe-may-theo-ngay-o-ha-noi/,_posts/{date}-gia-thue-xe-may-theo-ngay-o-ha-noi.md,/blog/thue-xe/{date}/gia-thue-xe-may-theo-ngay-o-ha-noi/,/bang-gia/,false,none,,planned:matrix-seed/C-THUE-GIA
BLG-00487,PLANNED,Giá thuê xe máy theo tuần ở Hà Nội,Xem giá thuê xe máy theo tuần,giá thuê xe máy theo tuần,thuê xe 1 tuần giá,P-THUE-XE,C-THUE-GIA,THUE,/blog/thue-xe/{date}/gia-thue-xe-may-theo-tuan-o-ha-noi/,_posts/{date}-gia-thue-xe-may-theo-tuan-o-ha-noi.md,/blog/thue-xe/{date}/gia-thue-xe-may-theo-tuan-o-ha-noi/,/bang-gia/,false,none,,planned:matrix-seed/C-THUE-GIA
BLG-00488,PLANNED,Giá thuê xe máy theo tháng ở Hà Nội,Xem giá thuê xe máy theo tháng,giá thuê xe máy theo tháng,thuê xe dài hạn giá,P-THUE-XE,C-THUE-GIA,THUE,/blog/thue-xe/{date}/gia-thue-xe-may-theo-thang-o-ha-noi/,_posts/{date}-gia-thue-xe-may-theo-thang-o-ha-noi.md,/blog/thue-xe/{date}/gia-thue-xe-may-theo-thang-o-ha-noi/,/bang-gia/,false,none,,planned:matrix-seed/C-THUE-GIA
BLG-00489,PLANNED,So sánh giá thuê xe số và xe tay ga,So sánh giá thuê xe số với xe ga,giá thuê xe số vs xe ga,thuê xe ga đắt hơn,P-THUE-XE,C-THUE-GIA,THUE,/blog/thue-xe/{date}/so-sanh-gia-thue-xe-so-va-xe-tay-ga/,_posts/{date}-so-sanh-gia-thue-xe-so-va-xe-tay-ga.md,/blog/thue-xe/{date}/so-sanh-gia-thue-xe-so-va-xe-tay-ga/,/bang-gia-xe-so/; /bang-gia-xe-ga/,false,none,,planned:matrix-seed/C-THUE-GIA
BLG-00490,PLANNED,Giá thuê xe 50cc ở Hà Nội,Xem giá thuê xe 50cc,giá thuê xe 50cc,thuê xe 50cc giá bao nhiêu,P-THUE-XE,C-THUE-GIA,THUE,/blog/thue-xe/{date}/gia-thue-xe-50cc-o-ha-noi/,_posts/{date}-gia-thue-xe-50cc-o-ha-noi.md,/blog/thue-xe/{date}/gia-thue-xe-50cc-o-ha-noi/,/bang-gia-xe-50cc/,false,none,,planned:matrix-seed/C-THUE-GIA
BLG-00491,PLANNED,Giá thuê xe máy điện ở Hà Nội,Xem giá thuê xe máy điện,giá thuê xe máy điện,thuê xe điện giá,P-THUE-XE,C-THUE-GIA,THUE,/blog/thue-xe/{date}/gia-thue-xe-may-ien-o-ha-noi/,_posts/{date}-gia-thue-xe-may-ien-o-ha-noi.md,/blog/thue-xe/{date}/gia-thue-xe-may-ien-o-ha-noi/,/bang-gia-xe-dien/,false,none,,planned:matrix-seed/C-THUE-GIA
BLG-00492,PLANNED,Phí phát sinh khi thuê xe máy cần biết trước,Biết các khoản phí phát sinh có thể có khi thuê xe,phí phát sinh khi thuê xe máy,trễ giờ trả xe; hư hỏng xe,P-THUE-XE,C-THUE-GIA,THUE,/blog/thue-xe/{date}/phi-phat-sinh-khi-thue-xe-may-can-biet-truoc/,_posts/{date}-phi-phat-sinh-khi-thue-xe-may-can-biet-truoc.md,/blog/thue-xe/{date}/phi-phat-sinh-khi-thue-xe-may-can-biet-truoc/,/thue-xe/nhan-tra-xe/; /thue-xe/su-co/,false,none,,planned:matrix-seed/C-THUE-GIA
BLG-00493,PUBLISHED,Cách so sánh báo giá thuê xe giữa các cửa hàng,Biết cách so sánh báo giá thuê xe máy,so sánh giá thuê xe máy,báo giá thuê xe; giá trọn gói,P-THUE-XE,C-THUE-GIA,THUE,/blog/thue-xe/2026/09/27/cach-so-sanh-bao-gia-thue-xe-giua-cac-cua-hang/,_posts/2026-09-27-cach-so-sanh-bao-gia-thue-xe-giua-cac-cua-hang.md,/blog/thue-xe/2026/09/27/cach-so-sanh-bao-gia-thue-xe-giua-cac-cua-hang/,/bang-gia/; /gioi-thieu/,false,none,,planned:matrix-seed/C-THUE-GIA
BLG-00494,PLANNED,Cách dùng máy tính giá thuê xe máy,Biết cách dùng công cụ tính giá thuê xe,tính giá thuê xe máy,máy tính giá thuê xe; calculator giá thuê,P-THUE-XE,C-THUE-GIA,THUE,/blog/thue-xe/{date}/cach-dung-may-tinh-gia-thue-xe-may/,_posts/{date}-cach-dung-may-tinh-gia-thue-xe-may.md,/blog/thue-xe/{date}/cach-dung-may-tinh-gia-thue-xe-may/,/bang-gia/#tinh-gia,false,none,,planned:matrix-seed/C-THUE-GIA
BLG-00495,PLANNED,Giá thuê xe máy dịp lễ tết có thay đổi không,Hiểu biến động giá thuê xe dịp cao điểm,giá thuê xe máy dịp lễ,thuê xe tết; mùa cao điểm giá thuê,P-THUE-XE,C-THUE-GIA,THUE,/blog/thue-xe/{date}/gia-thue-xe-may-dip-le-tet-co-thay-oi-khong/,_posts/{date}-gia-thue-xe-may-dip-le-tet-co-thay-oi-khong.md,/blog/thue-xe/{date}/gia-thue-xe-may-dip-le-tet-co-thay-oi-khong/,/thue-xe/gia-thue/,false,none,,planned:matrix-seed/C-THUE-GIA
BLG-00496,PLANNED,Thủ tục thuê xe máy ở Hà Nội cho người lần đầu,Hiểu quy trình thuê xe máy từ A-Z,thủ tục thuê xe máy hà nội,các bước thuê xe; quy trình thuê xe,P-THUE-XE,C-THUE-THU-TUC,THUE,/blog/thue-xe/{date}/thu-tuc-thue-xe-may-o-ha-noi-cho-nguoi-lan-au/,_posts/{date}-thu-tuc-thue-xe-may-o-ha-noi-cho-nguoi-lan-au.md,/blog/thue-xe/{date}/thu-tuc-thue-xe-may-o-ha-noi-cho-nguoi-lan-au/,/thue-xe/thu-tuc/; /lien-he/,false,low,,planned:matrix-seed/C-THUE-THU-TUC
BLG-00497,PLANNED,Giấy tờ cần mang khi đi thuê xe máy,Biết giấy tờ cần thiết khi thuê xe,giấy tờ thuê xe máy,cccd thuê xe; cần gì khi thuê xe,P-THUE-XE,C-THUE-THU-TUC,THUE,/blog/thue-xe/{date}/giay-to-can-mang-khi-i-thue-xe-may/,_posts/{date}-giay-to-can-mang-khi-i-thue-xe-may.md,/blog/thue-xe/{date}/giay-to-can-mang-khi-i-thue-xe-may/,/an-toan-phap-ly/giay-to/; /thue-xe/thu-tuc/,false,low,,planned:matrix-seed/C-THUE-THU-TUC
BLG-00498,PLANNED,Thuê xe máy cần hợp đồng không,Hiểu vai trò hợp đồng khi thuê xe,hợp đồng thuê xe máy,biên nhận thuê xe; điều khoản hợp đồng thuê xe,P-THUE-XE,C-THUE-THU-TUC,THUE,/blog/thue-xe/{date}/thue-xe-may-can-hop-ong-khong/,_posts/{date}-thue-xe-may-can-hop-ong-khong.md,/blog/thue-xe/{date}/thue-xe-may-can-hop-ong-khong/,/thue-xe/thu-tuc/; /dieu-khoan/,false,low,,planned:matrix-seed/C-THUE-THU-TUC
BLG-00499,PLANNED,Đặt xe máy trước qua điện thoại hoặc Zalo,Biết cách đặt xe trước từ xa,đặt xe máy trước,đặt xe qua zalo; đặt xe qua điện thoại,P-THUE-XE,C-THUE-THU-TUC,THUE,/blog/thue-xe/{date}/at-xe-may-truoc-qua-ien-thoai-hoac-zalo/,_posts/{date}-at-xe-may-truoc-qua-ien-thoai-hoac-zalo.md,/blog/thue-xe/{date}/at-xe-may-truoc-qua-ien-thoai-hoac-zalo/,/lien-he/,false,low,,planned:matrix-seed/C-THUE-THU-TUC
BLG-00500,PLANNED,Nhận xe tại cửa hàng hay giao xe tận nơi,So sánh nhận tại cửa hàng với giao xe,giao xe tận nơi hay tự đến nhận,nhận xe tại cửa hàng; hình thức nhận xe,P-THUE-XE,C-THUE-THU-TUC,THUE,/blog/thue-xe/{date}/nhan-xe-tai-cua-hang-hay-giao-xe-tan-noi/,_posts/{date}-nhan-xe-tai-cua-hang-hay-giao-xe-tan-noi.md,/blog/thue-xe/{date}/nhan-xe-tai-cua-hang-hay-giao-xe-tan-noi/,/thue-xe/nhan-tra-xe/; /lien-he/,false,low,,planned:matrix-seed/C-THUE-THU-TUC
BLG-00501,PLANNED,Kiểm tra xe trước khi ký nhận,Biết checklist kiểm tra xe khi nhận,kiểm tra xe khi thuê,checklist nhận xe; hư hỏng sẵn có,P-THUE-XE,C-THUE-THU-TUC,THUE,/blog/thue-xe/{date}/kiem-tra-xe-truoc-khi-ky-nhan/,_posts/{date}-kiem-tra-xe-truoc-khi-ky-nhan.md,/blog/thue-xe/{date}/kiem-tra-xe-truoc-khi-ky-nhan/,/thue-xe/nhan-tra-xe/,false,low,,planned:matrix-seed/C-THUE-THU-TUC
BLG-00502,PLANNED,Trả xe đúng quy trình để tránh tranh chấp,Biết việc cần làm trước và khi trả xe,quy trình trả xe thuê,trả xe sạch; tránh tranh chấp khi trả xe,P-THUE-XE,C-THUE-THU-TUC,THUE,/blog/thue-xe/{date}/tra-xe-ung-quy-trinh-e-tranh-tranh-chap/,_posts/{date}-tra-xe-ung-quy-trinh-e-tranh-tranh-chap.md,/blog/thue-xe/{date}/tra-xe-ung-quy-trinh-e-tranh-tranh-chap/,/thue-xe/nhan-tra-xe/,false,low,,planned:matrix-seed/C-THUE-THU-TUC
BLG-00503,PLANNED,Thuê xe máy cho người nước ngoài: thủ tục riêng,Hiểu thủ tục thuê xe cho khách quốc tế,thuê xe máy cho người nước ngoài,passport thuê xe; expat thuê xe hà nội,P-THUE-XE,C-THUE-THU-TUC,THUE,/blog/thue-xe/{date}/thue-xe-may-cho-nguoi-nuoc-ngoai-thu-tuc-rieng/,_posts/{date}-thue-xe-may-cho-nguoi-nuoc-ngoai-thu-tuc-rieng.md,/blog/thue-xe/{date}/thue-xe-may-cho-nguoi-nuoc-ngoai-thu-tuc-rieng/,/thue-xe/khach-quoc-te/; /an-toan-phap-ly/giay-phep-lai-xe/,false,low,,planned:matrix-seed/C-THUE-THU-TUC
BLG-00504,PLANNED,Thuê xe máy cho sinh viên ở Hà Nội,Hiểu điều kiện thuê xe cho sinh viên,thuê xe máy cho sinh viên,sinh viên thuê xe; thuê xe học sinh,P-THUE-XE,C-THUE-THU-TUC,THUE,/blog/thue-xe/{date}/thue-xe-may-cho-sinh-vien-o-ha-noi/,_posts/{date}-thue-xe-may-cho-sinh-vien-o-ha-noi.md,/blog/thue-xe/{date}/thue-xe-may-cho-sinh-vien-o-ha-noi/,/thue-xe/thu-tuc/; /bang-gia/,false,low,,planned:matrix-seed/C-THUE-THU-TUC
BLG-00505,PLANNED,Bảo lưu và đổi lịch nhận xe,Biết cách đổi lịch nhận đã đặt,đổi lịch nhận xe thuê,hoãn nhận xe; bảo lưu xe,P-THUE-XE,C-THUE-THU-TUC,THUE,/blog/thue-xe/{date}/bao-luu-va-oi-lich-nhan-xe/,_posts/{date}-bao-luu-va-oi-lich-nhan-xe.md,/blog/thue-xe/{date}/bao-luu-va-oi-lich-nhan-xe/,/lien-he/,false,low,,planned:matrix-seed/C-THUE-THU-TUC
BLG-00506,PLANNED,Những câu nên hỏi cửa hàng trước khi thuê,Có danh sách câu hỏi cần hỏi trước khi thuê,câu hỏi trước khi thuê xe,hỏi gì khi thuê xe máy,P-THUE-XE,C-THUE-THU-TUC,THUE,/blog/thue-xe/{date}/nhung-cau-nen-hoi-cua-hang-truoc-khi-thue/,_posts/{date}-nhung-cau-nen-hoi-cua-hang-truoc-khi-thue.md,/blog/thue-xe/{date}/nhung-cau-nen-hoi-cua-hang-truoc-khi-thue/,/thue-xe/thu-tuc/; /dieu-khoan/,false,low,,planned:matrix-seed/C-THUE-THU-TUC
BLG-00507,PLANNED,Thuê xe máy theo ngày: hợp đồng với ai,Hiểu thuê xe máy theo ngày phù hợp nhu cầu nào,thuê xe máy theo ngày,thuê xe 1 ngày; giá thuê theo ngày,P-THUE-XE,C-THUE-NGAY,THUE,/blog/thue-xe/{date}/thue-xe-may-theo-ngay-hop-ong-voi-ai/,_posts/{date}-thue-xe-may-theo-ngay-hop-ong-voi-ai.md,/blog/thue-xe/{date}/thue-xe-may-theo-ngay-hop-ong-voi-ai/,/bang-gia/; /thue-xe/thue-ngay/,false,none,,planned:matrix-seed/C-THUE-NGAY
BLG-00508,PLANNED,Thời gian tính một ngày thuê xe tính từ khi nào,Hiểu cách tính ngày thuê,cách tính ngày thuê xe,một ngày thuê tính thế nào; quá giờ trả xe,P-THUE-XE,C-THUE-NGAY,THUE,/blog/thue-xe/{date}/thoi-gian-tinh-mot-ngay-thue-xe-tinh-tu-khi-nao/,_posts/{date}-thoi-gian-tinh-mot-ngay-thue-xe-tinh-tu-khi-nao.md,/blog/thue-xe/{date}/thoi-gian-tinh-mot-ngay-thue-xe-tinh-tu-khi-nao/,/thue-xe/thue-ngay/,false,none,,planned:matrix-seed/C-THUE-NGAY
BLG-00509,PLANNED,Thuê xe theo ngày nên nhận xe buổi nào tiện,Biết chọn thời điểm nhận xe hợp lý khi thuê theo ngày,thời điểm nhận xe thuê theo ngày,nhận xe sáng hay chiều,P-THUE-XE,C-THUE-NGAY,THUE,/blog/thue-xe/{date}/thue-xe-theo-ngay-nen-nhan-xe-buoi-nao-tien/,_posts/{date}-thue-xe-theo-ngay-nen-nhan-xe-buoi-nao-tien.md,/blog/thue-xe/{date}/thue-xe-theo-ngay-nen-nhan-xe-buoi-nao-tien/,/thue-xe/thue-ngay/,false,none,,planned:matrix-seed/C-THUE-NGAY
BLG-00510,PLANNED,Thuê xe máy một ngày đi được bao nhiêu km,Biết quãng đường hợp lý khi thuê theo ngày,thuê xe 1 ngày đi bao xa,giới hạn km khi thuê xe,P-THUE-XE,C-THUE-NGAY,THUE,/blog/thue-xe/{date}/thue-xe-may-mot-ngay-i-uoc-bao-nhieu-km/,_posts/{date}-thue-xe-may-mot-ngay-i-uoc-bao-nhieu-km.md,/blog/thue-xe/{date}/thue-xe-may-mot-ngay-i-uoc-bao-nhieu-km/,/thue-xe/thue-ngay/; /cung-duong/,false,none,,planned:matrix-seed/C-THUE-NGAY
BLG-00511,PLANNED,Thuê xe theo ngày kết hợp gửi xe quanh thành phố,Biết kết hợp thuê ngày với chi phí gửi xe,thuê xe theo ngày và gửi xe,chi phí gửi xe hà nội,P-THUE-XE,C-THUE-NGAY,THUE,/blog/thue-xe/{date}/thue-xe-theo-ngay-ket-hop-gui-xe-quanh-thanh-pho/,_posts/{date}-thue-xe-theo-ngay-ket-hop-gui-xe-quanh-thanh-pho.md,/blog/thue-xe/{date}/thue-xe-theo-ngay-ket-hop-gui-xe-quanh-thanh-pho/,/ky-nang/gui-xe-va-giu-xe/; /thue-xe/thue-ngay/,false,none,,planned:matrix-seed/C-THUE-NGAY
BLG-00512,PLANNED,Thuê xe máy theo tuần phù hợp nhu cầu nào,Hiểu thuê xe theo tuần hợp với ai,thuê xe máy theo tuần,thuê xe 7 ngày; giá thuê tuần,P-THUE-XE,C-THUE-TUAN,THUE,/blog/thue-xe/{date}/thue-xe-may-theo-tuan-phu-hop-nhu-cau-nao/,_posts/{date}-thue-xe-may-theo-tuan-phu-hop-nhu-cau-nao.md,/blog/thue-xe/{date}/thue-xe-may-theo-tuan-phu-hop-nhu-cau-nao/,/thue-xe/thue-tuan/; /bang-gia/,false,none,,planned:matrix-seed/C-THUE-TUAN
BLG-00513,PLANNED,Thuê theo tuần khác gì thuê theo ngày,So sánh thuê tuần với thuê ngày,thuê xe tuần hay ngày,khác biệt thuê tuần; lợi thế thuê tuần,P-THUE-XE,C-THUE-TUAN,THUE,/blog/thue-xe/{date}/thue-theo-tuan-khac-gi-thue-theo-ngay/,_posts/{date}-thue-theo-tuan-khac-gi-thue-theo-ngay.md,/blog/thue-xe/{date}/thue-theo-tuan-khac-gi-thue-theo-ngay/,/thue-xe/thue-ngay/,false,none,,planned:matrix-seed/C-THUE-TUAN
BLG-00514,PLANNED,Chăm xe trong suốt tuần thuê,Biết cách giữ xe tốt khi thuê cả tuần,chăm xe máy khi thuê tuần,kiểm tra xe giữa tuần,P-THUE-XE,C-THUE-TUAN,THUE,/blog/thue-xe/{date}/cham-xe-trong-suot-tuan-thue/,_posts/{date}-cham-xe-trong-suot-tuan-thue.md,/blog/thue-xe/{date}/cham-xe-trong-suot-tuan-thue/,/xe-may/bao-duong-xe/,false,none,,planned:matrix-seed/C-THUE-TUAN
BLG-00515,PLANNED,Kế hoạch chuyến đi 7 ngày quanh Hà Nội bằng xe máy,Lập kế hoạch chuyến đi 1 tuần bằng xe thuê,chuyến đi 7 ngày bằng xe máy,lịch trình tuần phượt,P-THUE-XE,C-THUE-TUAN,THUE,/blog/thue-xe/{date}/ke-hoach-chuyen-i-7-ngay-quanh-ha-noi-bang-xe-may/,_posts/{date}-ke-hoach-chuyen-i-7-ngay-quanh-ha-noi-bang-xe-may.md,/blog/thue-xe/{date}/ke-hoach-chuyen-i-7-ngay-quanh-ha-noi-bang-xe-may/,/cung-duong/; /thue-xe/thue-tuan/,false,none,,planned:matrix-seed/C-THUE-TUAN
BLG-00516,PLANNED,Thuê xe máy theo tháng cho người sống và làm việc ở Hà Nội,Hiểu thuê tháng cho nhu cầu đi làm,thuê xe máy theo tháng,thuê xe dài hạn; thuê xe đi làm,P-THUE-XE,C-THUE-THANG,THUE,/blog/thue-xe/{date}/thue-xe-may-theo-thang-cho-nguoi-song-va-lam-viec-o-ha-noi/,_posts/{date}-thue-xe-may-theo-thang-cho-nguoi-song-va-lam-viec-o-ha-noi.md,/blog/thue-xe/{date}/thue-xe-may-theo-thang-cho-nguoi-song-va-lam-viec-o-ha-noi/,/thue-xe/thue-thang/; /bang-gia/,false,none,,planned:matrix-seed/C-THUE-THANG
BLG-00517,PLANNED,Chi phí thuê xe tháng so với mua xe cũ,So sánh thuê tháng với mua xe,thuê xe tháng hay mua xe,chi phí thuê dài hạn; nên thuê hay mua xe máy,P-THUE-XE,C-THUE-THANG,THUE,/blog/thue-xe/{date}/chi-phi-thue-xe-thang-so-voi-mua-xe-cu/,_posts/{date}-chi-phi-thue-xe-thang-so-voi-mua-xe-cu.md,/blog/thue-xe/{date}/chi-phi-thue-xe-thang-so-voi-mua-xe-cu/,/thue-xe/thue-thang/,false,none,,planned:matrix-seed/C-THUE-THANG
BLG-00518,PLANNED,Nghĩa vụ khi thuê xe nhiều tháng,Hiểu nghĩa vụ và lưu ý khi thuê dài hạn,lưu ý thuê xe nhiều tháng,hợp đồng dài hạn; bảo dưỡng xe thuê dài hạn,P-THUE-XE,C-THUE-THANG,THUE,/blog/thue-xe/{date}/nghia-vu-khi-thue-xe-nhieu-thang/,_posts/{date}-nghia-vu-khi-thue-xe-nhieu-thang.md,/blog/thue-xe/{date}/nghia-vu-khi-thue-xe-nhieu-thang/,/thue-xe/thue-thang/; /dieu-khoan/,false,none,,planned:matrix-seed/C-THUE-THANG
BLG-00519,PLANNED,Gia hạn hợp đồng thuê xe theo tháng,Biết cách gia hạn thuê dài hạn,gia hạn thuê xe máy,kéo dài hợp đồng thuê xe,P-THUE-XE,C-THUE-THANG,THUE,/blog/thue-xe/{date}/gia-han-hop-ong-thue-xe-theo-thang/,_posts/{date}-gia-han-hop-ong-thue-xe-theo-thang.md,/blog/thue-xe/{date}/gia-han-hop-ong-thue-xe-theo-thang/,/thue-xe/thue-thang/; /lien-he/,false,none,,planned:matrix-seed/C-THUE-THANG
BLG-00520,PLANNED,Thuê xe tháng cho khách nước ngoài sống ở Hà Nội,Hiểu thuê tháng cho expat,thuê xe máy cho expat,expat thuê xe tháng hà nội,P-THUE-XE,C-THUE-THANG,THUE,/blog/thue-xe/{date}/thue-xe-thang-cho-khach-nuoc-ngoai-song-o-ha-noi/,_posts/{date}-thue-xe-thang-cho-khach-nuoc-ngoai-song-o-ha-noi.md,/blog/thue-xe/{date}/thue-xe-thang-cho-khach-nuoc-ngoai-song-o-ha-noi/,/thue-xe/khach-quoc-te/; /thue-xe/thue-thang/,false,none,,planned:matrix-seed/C-THUE-THANG
BLG-00521,PLANNED,Đặt cọc khi thuê xe máy hoạt động thế nào,Hiểu cơ chế đặt cọc khi thuê xe,đặt cọc thuê xe máy,tiền cọc thuê xe; hoàn cọc,P-THUE-XE,C-THUE-DAT-COC,THUE,/blog/thue-xe/{date}/at-coc-khi-thue-xe-may-hoat-ong-the-nao/,_posts/{date}-at-coc-khi-thue-xe-may-hoat-ong-the-nao.md,/blog/thue-xe/{date}/at-coc-khi-thue-xe-may-hoat-ong-the-nao/,/thue-xe/dat-coc/; /thue-xe/thu-tuc/,false,low,,planned:matrix-seed/C-THUE-DAT-COC
BLG-00522,PLANNED,Giữ giấy tờ thay đặt cọc: nên hay không,So sánh giữ giấy tờ với đặt cọc tiền,giữ giấy tờ khi thuê xe,cọc tiền hay giữ giấy tờ,P-THUE-XE,C-THUE-DAT-COC,THUE,/blog/thue-xe/{date}/giu-giay-to-thay-at-coc-nen-hay-khong/,_posts/{date}-giu-giay-to-thay-at-coc-nen-hay-khong.md,/blog/thue-xe/{date}/giu-giay-to-thay-at-coc-nen-hay-khong/,/thue-xe/dat-coc/; /an-toan-phap-ly/giay-to/,false,low,,planned:matrix-seed/C-THUE-DAT-COC
BLG-00523,PLANNED,Điều kiện nhận lại tiền cọc đủ,Biết điều kiện hoàn cọc,nhận lại tiền cọc thuê xe,bị trừ cọc; hoàn cọc đủ,P-THUE-XE,C-THUE-DAT-COC,THUE,/blog/thue-xe/{date}/ieu-kien-nhan-lai-tien-coc-u/,_posts/{date}-ieu-kien-nhan-lai-tien-coc-u.md,/blog/thue-xe/{date}/ieu-kien-nhan-lai-tien-coc-u/,/thue-xe/dat-coc/; /thue-xe/nhan-tra-xe/,false,low,,planned:matrix-seed/C-THUE-DAT-COC
BLG-00524,PLANNED,Tranh chấp về cọc nên xử lý thế nào,Biết cách xử lý khi tranh chấp cọc,tranh chấp tiền cọc thuê xe,cọc bị giữ,P-THUE-XE,C-THUE-DAT-COC,THUE,/blog/thue-xe/{date}/tranh-chap-ve-coc-nen-xu-ly-the-nao/,_posts/{date}-tranh-chap-ve-coc-nen-xu-ly-the-nao.md,/blog/thue-xe/{date}/tranh-chap-ve-coc-nen-xu-ly-the-nao/,/thue-xe/dat-coc/; /dieu-khoan/,false,low,,planned:matrix-seed/C-THUE-DAT-COC
BLG-00525,PLANNED,Đặt cọc bằng chuyển khoản hay tiền mặt,So sánh hình thức đặt cọc,hình thức đặt cọc thuê xe,cọc chuyển khoản; biên nhận cọc,P-THUE-XE,C-THUE-DAT-COC,THUE,/blog/thue-xe/{date}/at-coc-bang-chuyen-khoan-hay-tien-mat/,_posts/{date}-at-coc-bang-chuyen-khoan-hay-tien-mat.md,/blog/thue-xe/{date}/at-coc-bang-chuyen-khoan-hay-tien-mat/,/thue-xe/dat-coc/,false,low,,planned:matrix-seed/C-THUE-DAT-COC
BLG-00526,PLANNED,Người nước ngoài thuê xe máy ở Hà Nội cần gì,Hiểu điều kiện thuê xe cho khách quốc tế,người nước ngoài thuê xe máy hà nội,thuê xe cho foreigner; điều kiện thuê xe quốc tế,P-THUE-XE,C-THUE-QUOC-TE,THUE,/blog/thue-xe/{date}/nguoi-nuoc-ngoai-thue-xe-may-o-ha-noi-can-gi/,_posts/{date}-nguoi-nuoc-ngoai-thue-xe-may-o-ha-noi-can-gi.md,/blog/thue-xe/{date}/nguoi-nuoc-ngoai-thue-xe-may-o-ha-noi-can-gi/,/thue-xe/khach-quoc-te/,false,medium,,planned:matrix-seed/C-THUE-QUOC-TE
BLG-00527,PLANNED,Giấy phép lái xe quốc tế và giấy phép công nhận tại Việt Nam,Biết loại giấy phép lái được công nhận cho khách quốc tế,giấy phép lái xe quốc tế việt nam,idl việt nam; giấy phép lái công nhận,P-THUE-XE,C-THUE-QUOC-TE,THUE,/blog/thue-xe/{date}/giay-phep-lai-xe-quoc-te-va-giay-phep-cong-nhan-tai-viet-nam/,_posts/{date}-giay-phep-lai-xe-quoc-te-va-giay-phep-cong-nhan-tai-viet-nam.md,/blog/thue-xe/{date}/giay-phep-lai-xe-quoc-te-va-giay-phep-cong-nhan-tai-viet-nam/,/an-toan-phap-ly/giay-phep-lai-xe/,false,medium,,planned:matrix-seed/C-THUE-QUOC-TE
BLG-00528,PLANNED,Khách quốc tế đọc biển báo và luật giao thông cơ bản,Nắm quy tắc giao thông cơ bản cho khách quốc tế,luật giao thông cho khách quốc tế,biển báo cho người nước ngoài,P-THUE-XE,C-THUE-QUOC-TE,THUE,/blog/thue-xe/{date}/khach-quoc-te-oc-bien-bao-va-luat-giao-thong-co-ban/,_posts/{date}-khach-quoc-te-oc-bien-bao-va-luat-giao-thong-co-ban.md,/blog/thue-xe/{date}/khach-quoc-te-oc-bien-bao-va-luat-giao-thong-co-ban/,/an-toan-phap-ly/bien-bao/; /an-toan-phap-ly/quy-dinh-giao-thong/,false,medium,,planned:matrix-seed/C-THUE-QUOC-TE
BLG-00529,PLANNED,Mũ bảo hiểm cho người thuê xe quốc tế,Hiểu quy định mũ bảo hiểm khi thuê xe,mũ bảo hiểm khi thuê xe,mũ bảo hiểm cho khách quốc tế,P-THUE-XE,C-THUE-QUOC-TE,THUE,/blog/thue-xe/{date}/mu-bao-hiem-cho-nguoi-thue-xe-quoc-te/,_posts/{date}-mu-bao-hiem-cho-nguoi-thue-xe-quoc-te.md,/blog/thue-xe/{date}/mu-bao-hiem-cho-nguoi-thue-xe-quoc-te/,/an-toan-phap-ly/quy-dinh-giao-thong/; /thue-xe/khach-quoc-te/,false,medium,,planned:matrix-seed/C-THUE-QUOC-TE
BLG-00530,PLANNED,Đi xe máy từ Hà Nội ra Nội Bài hoặc các tỉnh lân cận,Biết lưu ý chạy xe đường dài cho khách quốc tế,chạy xe máy đường dài cho người nước ngoài,đường cao tốc xe máy,P-THUE-XE,C-THUE-QUOC-TE,THUE,/blog/thue-xe/{date}/i-xe-may-tu-ha-noi-ra-noi-bai-hoac-cac-tinh-lan-can/,_posts/{date}-i-xe-may-tu-ha-noi-ra-noi-bai-hoac-cac-tinh-lan-can.md,/blog/thue-xe/{date}/i-xe-may-tu-ha-noi-ra-noi-bai-hoac-cac-tinh-lan-can/,/thue-xe/khach-quoc-te/; /ky-nang/ky-nang-lai-co-ban/,false,medium,,planned:matrix-seed/C-THUE-QUOC-TE
BLG-00531,PLANNED,Nên nhận xe lúc nào và kiểm tra những gì,Biết cách nhận xe đúng quy trình,nhận xe thuê máy,checklist nhận xe; nhận xe lúc nào,P-THUE-XE,C-THUE-NHAN-TRA,THUE,/blog/thue-xe/{date}/nen-nhan-xe-luc-nao-va-kiem-tra-nhung-gi/,_posts/{date}-nen-nhan-xe-luc-nao-va-kiem-tra-nhung-gi.md,/blog/thue-xe/{date}/nen-nhan-xe-luc-nao-va-kiem-tra-nhung-gi/,/thue-xe/nhan-tra-xe/,false,none,,planned:matrix-seed/C-THUE-NHAN-TRA
BLG-00532,PLANNED,Trả xe: việc cần làm 30 phút cuối,Biết việc cần làm trước khi trả xe,trả xe thuê máy,dọn xe trước khi trả; kí biên bản trả xe,P-THUE-XE,C-THUE-NHAN-TRA,THUE,/blog/thue-xe/{date}/tra-xe-viec-can-lam-30-phut-cuoi/,_posts/{date}-tra-xe-viec-can-lam-30-phut-cuoi.md,/blog/thue-xe/{date}/tra-xe-viec-can-lam-30-phut-cuoi/,/thue-xe/nhan-tra-xe/,false,none,,planned:matrix-seed/C-THUE-NHAN-TRA
BLG-00533,PLANNED,Xăng khi nhận và khi trả xe xử lý thế nào,Hiểu quy định xăng khi nhận trả xe,xăng khi thuê xe máy,trả xe có đầy xăng không,P-THUE-XE,C-THUE-NHAN-TRA,THUE,/blog/thue-xe/{date}/xang-khi-nhan-va-khi-tra-xe-xu-ly-the-nao/,_posts/{date}-xang-khi-nhan-va-khi-tra-xe-xu-ly-the-nao.md,/blog/thue-xe/{date}/xang-khi-nhan-va-khi-tra-xe-xu-ly-the-nao/,/thue-xe/nhan-tra-xe/,false,none,,planned:matrix-seed/C-THUE-NHAN-TRA
BLG-00534,PLANNED,Ghi hình xe khi nhận và trả để làm bằng chứng,Biết cách lưu bằng chứng tình trạng xe,quay video khi nhận xe thuê,bằng chứng hư hỏng xe thuê,P-THUE-XE,C-THUE-NHAN-TRA,THUE,/blog/thue-xe/{date}/ghi-hinh-xe-khi-nhan-va-tra-e-lam-bang-chung/,_posts/{date}-ghi-hinh-xe-khi-nhan-va-tra-e-lam-bang-chung.md,/blog/thue-xe/{date}/ghi-hinh-xe-khi-nhan-va-tra-e-lam-bang-chung/,/thue-xe/nhan-tra-xe/; /thue-xe/su-co/,false,none,,planned:matrix-seed/C-THUE-NHAN-TRA
BLG-00535,PLANNED,Biên bản giao nhận xe chứa những gì,Hiểu nội dung biên bản giao nhận,biên bản giao nhận xe,nội dung biên bản nhận xe,P-THUE-XE,C-THUE-NHAN-TRA,THUE,/blog/thue-xe/{date}/bien-ban-giao-nhan-xe-chua-nhung-gi/,_posts/{date}-bien-ban-giao-nhan-xe-chua-nhung-gi.md,/blog/thue-xe/{date}/bien-ban-giao-nhan-xe-chua-nhung-gi/,/thue-xe/thu-tuc/; /thue-xe/nhan-tra-xe/,false,none,,planned:matrix-seed/C-THUE-NHAN-TRA
BLG-00536,PLANNED,Xe thuê bị hỏng giữa đường: xử lý từng bước,Biết xử lý khi xe thuê hỏng giữa đường,xe thuê hỏng giữa đường,xe máy thuê bị hỏng; sự cố khi thuê xe,P-THUE-XE,C-THUE-SU-CO,THUE,/blog/thue-xe/{date}/xe-thue-bi-hong-giua-uong-xu-ly-tung-buoc/,_posts/{date}-xe-thue-bi-hong-giua-uong-xu-ly-tung-buoc.md,/blog/thue-xe/{date}/xe-thue-bi-hong-giua-uong-xu-ly-tung-buoc/,/thue-xe/su-co/; /lien-he/,false,medium,,planned:matrix-seed/C-THUE-SU-CO
BLG-00537,PLANNED,Xe thuê bị mất: trình tự báo và trách nhiệm,Hiểu trách nhiệm khi mất xe thuê,mất xe thuê máy,trách nhiệm mất xe thuê; báo công an mất xe,P-THUE-XE,C-THUE-SU-CO,THUE,/blog/thue-xe/{date}/xe-thue-bi-mat-trinh-tu-bao-va-trach-nhiem/,_posts/{date}-xe-thue-bi-mat-trinh-tu-bao-va-trach-nhiem.md,/blog/thue-xe/{date}/xe-thue-bi-mat-trinh-tu-bao-va-trach-nhiem/,/thue-xe/su-co/,false,medium,,planned:matrix-seed/C-THUE-SU-CO
BLG-00538,PLANNED,Xe thuê bị tai nạn: các bước ngay sau va chạm,Biết các bước sau tai nạn với xe thuê,tai nạn với xe thuê,va chạm khi thuê xe; bảo hiểm tai nạn xe thuê,P-THUE-XE,C-THUE-SU-CO,THUE,/blog/thue-xe/{date}/xe-thue-bi-tai-nan-cac-buoc-ngay-sau-va-cham/,_posts/{date}-xe-thue-bi-tai-nan-cac-buoc-ngay-sau-va-cham.md,/blog/thue-xe/{date}/xe-thue-bi-tai-nan-cac-buoc-ngay-sau-va-cham/,/thue-xe/su-co/; /an-toan-phap-ly/bao-hiem/,false,medium,,planned:matrix-seed/C-THUE-SU-CO
BLG-00539,PLANNED,Xe thuê bị CSGT giữ: thủ tục lấy lại,Hiểu khi xe thuê bị tạm giữ,xe thuê bị tạm giữ,csgt giữ xe thuê; lấy lại xe bị giữ,P-THUE-XE,C-THUE-SU-CO,THUE,/blog/thue-xe/{date}/xe-thue-bi-csgt-giu-thu-tuc-lay-lai/,_posts/{date}-xe-thue-bi-csgt-giu-thu-tuc-lay-lai.md,/blog/thue-xe/{date}/xe-thue-bi-csgt-giu-thu-tuc-lay-lai/,/thue-xe/su-co/; /an-toan-phap-ly/quy-dinh-giao-thong/,false,medium,,planned:matrix-seed/C-THUE-SU-CO
BLG-00540,PLANNED,Hỏng nhẹ do sử dụng thông thường ai chịu,Phân biệt hư hỏng thông thường với do người thuê,hỏng xe ai chịu trách nhiệm,mòn lốp xe thuê; hỏng tự nhiên khi thuê xe,P-THUE-XE,C-THUE-SU-CO,THUE,/blog/thue-xe/{date}/hong-nhe-do-su-dung-thong-thuong-ai-chiu/,_posts/{date}-hong-nhe-do-su-dung-thong-thuong-ai-chiu.md,/blog/thue-xe/{date}/hong-nhe-do-su-dung-thong-thuong-ai-chiu/,/thue-xe/su-co/; /dieu-khoan/,false,medium,,planned:matrix-seed/C-THUE-SU-CO
BLG-00541,PLANNED,Nhờ cứu hộ xe máy thuê ở Hà Nội,Biết cách gọi cứu hộ cho xe thuê,cứu hộ xe máy hà nội,cứu hộ xe thuê,P-THUE-XE,C-THUE-SU-CO,THUE,/blog/thue-xe/{date}/nho-cuu-ho-xe-may-thue-o-ha-noi/,_posts/{date}-nho-cuu-ho-xe-may-thue-o-ha-noi.md,/blog/thue-xe/{date}/nho-cuu-ho-xe-may-thue-o-ha-noi/,/lien-he/,false,medium,,planned:matrix-seed/C-THUE-SU-CO
BLG-00542,PLANNED,Xe số là gì và ai nên thuê,Hiểu đặc điểm xe số và đối tượng phù hợp,thuê xe số hà nội,xe số là gì; ai hợp xe số,P-XE-MAY,C-XE-SO,XE,/blog/xe-may/{date}/xe-so-la-gi-va-ai-nen-thue/,_posts/{date}-xe-so-la-gi-va-ai-nen-thue.md,/blog/xe-may/{date}/xe-so-la-gi-va-ai-nen-thue/,/xe-may/xe-so/; /bang-gia-xe-so/,false,none,,planned:matrix-seed/C-XE-SO
BLG-00543,PLANNED,Kỹ thuật lên xuống số xe máy số,Biết cách lên xuống số đúng,cách lên số xe máy,đi xe số; đạp số máy,P-XE-MAY,C-XE-SO,XE,/blog/xe-may/{date}/ky-thuat-len-xuong-so-xe-may-so/,_posts/{date}-ky-thuat-len-xuong-so-xe-may-so.md,/blog/xe-may/{date}/ky-thuat-len-xuong-so-xe-may-so/,/xe-may/xe-so/; /ky-nang/ky-nang-lai-co-ban/,false,none,,planned:matrix-seed/C-XE-SO
BLG-00544,PLANNED,Xe số đi đường đèo dốc có ổn không,Hiểu khả năng xe số trên đường dốc,xe số đi đèo,chạy dốc bằng xe số,P-XE-MAY,C-XE-SO,XE,/blog/xe-may/{date}/xe-so-i-uong-eo-doc-co-on-khong/,_posts/{date}-xe-so-i-uong-eo-doc-co-on-khong.md,/blog/xe-may/{date}/xe-so-i-uong-eo-doc-co-on-khong/,/xe-may/xe-so/; /cung-duong/,false,none,,planned:matrix-seed/C-XE-SO
BLG-00545,PLANNED,Xe số tiết kiệm xăng thế nào,Hiểu mức tiêu hao xăng của xe số,xe số tốn xăng không,xe số tiết kiệm xăng,P-XE-MAY,C-XE-SO,XE,/blog/xe-may/{date}/xe-so-tiet-kiem-xang-the-nao/,_posts/{date}-xe-so-tiet-kiem-xang-the-nao.md,/blog/xe-may/{date}/xe-so-tiet-kiem-xang-the-nao/,/xe-may/xe-so/,false,none,,planned:matrix-seed/C-XE-SO
BLG-00546,PLANNED,Người mới lái xe máy nên tập với xe số không,Biết xe số có phù hợp người mới học,người mới nên đi xe số,học xe máy bằng xe số,P-XE-MAY,C-XE-SO,XE,/blog/xe-may/{date}/nguoi-moi-lai-xe-may-nen-tap-voi-xe-so-khong/,_posts/{date}-nguoi-moi-lai-xe-may-nen-tap-voi-xe-so-khong.md,/blog/xe-may/{date}/nguoi-moi-lai-xe-may-nen-tap-voi-xe-so-khong/,/ky-nang/ky-nang-lai-co-ban/; /xe-may/xe-so/,false,none,,planned:matrix-seed/C-XE-SO
BLG-00547,PLANNED,Xe tay ga phù hợp với ai khi thuê,Hiểu đặc điểm xe ga và đối tượng phù hợp,thuê xe tay ga hà nội,xe ga phù hợp ai; đặc điểm xe ga,P-XE-MAY,C-XE-GA,XE,/blog/xe-may/{date}/xe-tay-ga-phu-hop-voi-ai-khi-thue/,_posts/{date}-xe-tay-ga-phu-hop-voi-ai-khi-thue.md,/blog/xe-may/{date}/xe-tay-ga-phu-hop-voi-ai-khi-thue/,/xe-may/xe-ga/; /bang-gia-xe-ga/,false,none,,planned:matrix-seed/C-XE-GA
BLG-00548,PLANNED,Lái xe ga trong phố đông: mẹo giữ an toàn,Biết mẹo lái xe ga trong phố,lái xe ga trong phố,xe ga phố đông,P-XE-MAY,C-XE-GA,XE,/blog/xe-may/{date}/lai-xe-ga-trong-pho-ong-meo-giu-an-toan/,_posts/{date}-lai-xe-ga-trong-pho-ong-meo-giu-an-toan.md,/blog/xe-may/{date}/lai-xe-ga-trong-pho-ong-meo-giu-an-toan/,/xe-may/xe-ga/; /ky-nang/tinh-huong-giao-thong/,false,none,,planned:matrix-seed/C-XE-GA
BLG-00549,PLANNED,Khoang để đồ dưới yên xe ga chở được gì,Biết khả năng chở đồ của xe ga,khoang đồ xe ga,chở đồ bằng xe ga,P-XE-MAY,C-XE-GA,XE,/blog/xe-may/{date}/khoang-e-o-duoi-yen-xe-ga-cho-uoc-gi/,_posts/{date}-khoang-e-o-duoi-yen-xe-ga-cho-uoc-gi.md,/blog/xe-may/{date}/khoang-e-o-duoi-yen-xe-ga-cho-uoc-gi/,/ky-nang/cho-do-va-hanh-ly/; /xe-may/xe-ga/,false,none,,planned:matrix-seed/C-XE-GA
BLG-00550,PLANNED,Xe ga và xe số trên đường trường: khác biệt ra sao,So sánh xe ga với xe số trên đường trường,xe ga hay xe số đường trường,chạy trường bằng xe ga,P-XE-MAY,C-XE-GA,XE,/blog/xe-may/{date}/xe-ga-va-xe-so-tren-uong-truong-khac-biet-ra-sao/,_posts/{date}-xe-ga-va-xe-so-tren-uong-truong-khac-biet-ra-sao.md,/blog/xe-may/{date}/xe-ga-va-xe-so-tren-uong-truong-khac-biet-ra-sao/,/xe-may/xe-ga/; /xe-may/xe-so/,false,none,,planned:matrix-seed/C-XE-GA
BLG-00551,PLANNED,Xe ga cho nữ giới đi lại hằng ngày,Hiểu lựa chọn xe ga cho nữ,xe ga cho nữ,xe ga nhẹ cho nữ,P-XE-MAY,C-XE-GA,XE,/blog/xe-may/{date}/xe-ga-cho-nu-gioi-i-lai-hang-ngay/,_posts/{date}-xe-ga-cho-nu-gioi-i-lai-hang-ngay.md,/blog/xe-may/{date}/xe-ga-cho-nu-gioi-i-lai-hang-ngay/,/xe-may/xe-ga/,false,none,,planned:matrix-seed/C-XE-GA
BLG-00552,PLANNED,Xe 50cc là gì và đi được những đâu,Hiểu khả năng và giới hạn xe 50cc,xe 50cc là gì,đi đâu bằng xe 50cc; giới hạn xe 50cc,P-XE-MAY,C-XE-50CC,XE,/blog/xe-may/{date}/xe-50cc-la-gi-va-i-uoc-nhung-au/,_posts/{date}-xe-50cc-la-gi-va-i-uoc-nhung-au.md,/blog/xe-may/{date}/xe-50cc-la-gi-va-i-uoc-nhung-au/,/xe-may/xe-50cc/; /an-toan-phap-ly/giay-phep-lai-xe/,false,medium,,planned:matrix-seed/C-XE-50CC
BLG-00553,PLANNED,Có cần bằng lái khi đi xe 50cc không,Hiểu yêu cầu giấy phép với xe 50cc,xe 50cc cần bằng lái không,thẻ 50cc; điều kiện lái xe 50cc,P-XE-MAY,C-XE-50CC,XE,/blog/xe-may/{date}/co-can-bang-lai-khi-i-xe-50cc-khong/,_posts/{date}-co-can-bang-lai-khi-i-xe-50cc-khong.md,/blog/xe-may/{date}/co-can-bang-lai-khi-i-xe-50cc-khong/,/an-toan-phap-ly/giay-phep-lai-xe/; /xe-may/xe-50cc/,false,medium,,planned:matrix-seed/C-XE-50CC
BLG-00554,PLANNED,Xe 50cc với người chưa từng lái xe,Đánh giá xe 50cc cho người mới,xe 50cc cho người mới,học lái bằng xe 50cc,P-XE-MAY,C-XE-50CC,XE,/blog/xe-may/{date}/xe-50cc-voi-nguoi-chua-tung-lai-xe/,_posts/{date}-xe-50cc-voi-nguoi-chua-tung-lai-xe.md,/blog/xe-may/{date}/xe-50cc-voi-nguoi-chua-tung-lai-xe/,/ky-nang/ky-nang-lai-co-ban/; /xe-may/xe-50cc/,false,medium,,planned:matrix-seed/C-XE-50CC
BLG-00555,PLANNED,Độ an toàn của xe 50cc trong phố Hà Nội,Hiểu an toàn khi đi xe 50cc trong phố,an toàn xe 50cc,xe 50cc có an toàn không,P-XE-MAY,C-XE-50CC,XE,/blog/xe-may/{date}/o-an-toan-cua-xe-50cc-trong-pho-ha-noi/,_posts/{date}-o-an-toan-cua-xe-50cc-trong-pho-ha-noi.md,/blog/xe-may/{date}/o-an-toan-cua-xe-50cc-trong-pho-ha-noi/,/xe-may/xe-50cc/; /ky-nang/tinh-huong-giao-thong/,false,medium,,planned:matrix-seed/C-XE-50CC
BLG-00556,PLANNED,Thuê xe máy điện ở Hà Nội cần biết gì,Hiểu đặc thù thuê xe điện,thuê xe máy điện hà nội,đặc thù xe điện; thuê xe điện,P-XE-MAY,C-XE-DIEN,XE,/blog/xe-may/{date}/thue-xe-may-ien-o-ha-noi-can-biet-gi/,_posts/{date}-thue-xe-may-ien-o-ha-noi-can-biet-gi.md,/blog/xe-may/{date}/thue-xe-may-ien-o-ha-noi-can-biet-gi/,/xe-may/xe-dien/; /bang-gia-xe-dien/,false,low,,planned:matrix-seed/C-XE-DIEN
BLG-00557,PLANNED,Quãng đường một lần sạc của xe máy điện,Hiểu quãng đường thực tế xe điện,quãng đường xe máy điện,đi bao xa bằng xe điện; pin xe điện,P-XE-MAY,C-XE-DIEN,XE,/blog/xe-may/{date}/quang-uong-mot-lan-sac-cua-xe-may-ien/,_posts/{date}-quang-uong-mot-lan-sac-cua-xe-may-ien.md,/blog/xe-may/{date}/quang-uong-mot-lan-sac-cua-xe-may-ien/,/xe-may/xe-dien/,false,low,,planned:matrix-seed/C-XE-DIEN
BLG-00558,PLANNED,Sạc xe máy điện khi thuê: ở đâu và mất bao lâu,Biết cách sạc xe điện khi thuê,sạc xe máy điện,cứu hộ sạc xe điện; thời gian sạc,P-XE-MAY,C-XE-DIEN,XE,/blog/xe-may/{date}/sac-xe-may-ien-khi-thue-o-au-va-mat-bao-lau/,_posts/{date}-sac-xe-may-ien-khi-thue-o-au-va-mat-bao-lau.md,/blog/xe-may/{date}/sac-xe-may-ien-khi-thue-o-au-va-mat-bao-lau/,/xe-may/xe-dien/,false,low,,planned:matrix-seed/C-XE-DIEN
BLG-00559,PLANNED,Xe máy điện với xe xăng: chọn nào khi thuê,So sánh xe điện với xe xăng khi thuê,xe điện hay xe xăng khi thuê,so sánh xe điện xe xăng,P-XE-MAY,C-XE-DIEN,XE,/blog/xe-may/{date}/xe-may-ien-voi-xe-xang-chon-nao-khi-thue/,_posts/{date}-xe-may-ien-voi-xe-xang-chon-nao-khi-thue.md,/blog/xe-may/{date}/xe-may-ien-voi-xe-xang-chon-nao-khi-thue/,/xe-may/xe-dien/; /bang-gia/,false,low,,planned:matrix-seed/C-XE-DIEN
BLG-00560,PLANNED,Chi phí vận hành xe máy điện so với xe xăng,So sánh chi phí vận hành hai loại xe,chi phí xe máy điện,tiền điện vs tiền xăng,P-XE-MAY,C-XE-DIEN,XE,/blog/xe-may/{date}/chi-phi-van-hanh-xe-may-ien-so-voi-xe-xang/,_posts/{date}-chi-phi-van-hanh-xe-may-ien-so-voi-xe-xang.md,/blog/xe-may/{date}/chi-phi-van-hanh-xe-may-ien-so-voi-xe-xang/,/xe-may/xe-dien/; /thue-xe/gia-thue/,false,low,,planned:matrix-seed/C-XE-DIEN
BLG-00561,PLANNED,Xe đạp điện khác gì xe máy điện,Phân biệt xe đạp điện với xe máy điện,xe đạp điện và xe máy điện,khác biệt xe đạp điện; nên thuê loại nào,P-XE-MAY,C-XE-DAP-DIEN,XE,/blog/xe-may/{date}/xe-ap-ien-khac-gi-xe-may-ien/,_posts/{date}-xe-ap-ien-khac-gi-xe-may-ien.md,/blog/xe-may/{date}/xe-ap-ien-khac-gi-xe-may-ien/,/xe-may/xe-dap-dien/; /xe-may/xe-dien/,false,low,,planned:matrix-seed/C-XE-DAP-DIEN
BLG-00562,PLANNED,Xe đạp điện có cần bằng lái không,Hiểu yêu cầu giấy phép xe đạp điện,xe đạp điện cần bằng lái không,điều kiện đi xe đạp điện,P-XE-MAY,C-XE-DAP-DIEN,XE,/blog/xe-may/{date}/xe-ap-ien-co-can-bang-lai-khong/,_posts/{date}-xe-ap-ien-co-can-bang-lai-khong.md,/blog/xe-may/{date}/xe-ap-ien-co-can-bang-lai-khong/,/an-toan-phap-ly/giay-phep-lai-xe/; /xe-may/xe-dap-dien/,false,low,,planned:matrix-seed/C-XE-DAP-DIEN
BLG-00563,PLANNED,Thuê xe đạp điện đi quanh phố cổ và hồ Gươm,Hiểu dùng xe đạp điện trong khu trung tâm,thuê xe đạp điện hà nội,đi phố cổ bằng xe đạp điện,P-XE-MAY,C-XE-DAP-DIEN,XE,/blog/xe-may/{date}/thue-xe-ap-ien-i-quanh-pho-co-va-ho-guom/,_posts/{date}-thue-xe-ap-ien-i-quanh-pho-co-va-ho-guom.md,/blog/xe-may/{date}/thue-xe-ap-ien-i-quanh-pho-co-va-ho-guom/,/xe-may/xe-dap-dien/; /du-lich/pho-co/,false,low,,planned:matrix-seed/C-XE-DAP-DIEN
BLG-00564,PLANNED,Xe đạp điện cho học sinh sinh viên,Hiểu xe đạp điện cho đối tượng học sinh,xe đạp điện cho học sinh,xe đạp điện sinh viên,P-XE-MAY,C-XE-DAP-DIEN,XE,/blog/xe-may/{date}/xe-ap-ien-cho-hoc-sinh-sinh-vien/,_posts/{date}-xe-ap-ien-cho-hoc-sinh-sinh-vien.md,/blog/xe-may/{date}/xe-ap-ien-cho-hoc-sinh-sinh-vien/,/xe-may/xe-dap-dien/,false,low,,planned:matrix-seed/C-XE-DAP-DIEN
BLG-00565,PLANNED,Honda Wave hợp với nhu cầu thuê nào,Hiểu Honda Wave hợp nhu cầu nào,thuê honda wave,wave hợp ai; đặc điểm honda wave,P-XE-MAY,C-HONDA-WAVE,XE,/blog/xe-may/{date}/honda-wave-hop-voi-nhu-cau-thue-nao/,_posts/{date}-honda-wave-hop-voi-nhu-cau-thue-nao.md,/blog/xe-may/{date}/honda-wave-hop-voi-nhu-cau-thue-nao/,/xe-may/honda-wave/; /bang-gia-xe-so/,false,none,,planned:matrix-seed/C-HONDA-WAVE
BLG-00566,PLANNED,Honda Wave cho hành trình dài ngày,Đánh giá Wave cho chuyến dài,honda wave đi xa,wave chạy trường,P-XE-MAY,C-HONDA-WAVE,XE,/blog/xe-may/{date}/honda-wave-cho-hanh-trinh-dai-ngay/,_posts/{date}-honda-wave-cho-hanh-trinh-dai-ngay.md,/blog/xe-may/{date}/honda-wave-cho-hanh-trinh-dai-ngay/,/xe-may/honda-wave/; /cung-duong/,false,none,,planned:matrix-seed/C-HONDA-WAVE
BLG-00567,PLANNED,Điểm mạnh bền bỉ của Honda Wave khi thuê dài hạn,Hiểu ưu thế Wave khi thuê dài hạn,honda wave bền không,wave thuê tháng,P-XE-MAY,C-HONDA-WAVE,XE,/blog/xe-may/{date}/iem-manh-ben-bi-cua-honda-wave-khi-thue-dai-han/,_posts/{date}-iem-manh-ben-bi-cua-honda-wave-khi-thue-dai-han.md,/blog/xe-may/{date}/iem-manh-ben-bi-cua-honda-wave-khi-thue-dai-han/,/xe-may/honda-wave/; /thue-xe/thue-thang/,false,none,,planned:matrix-seed/C-HONDA-WAVE
BLG-00568,PLANNED,Khởi động và khắc phục máy Honda Wave mùa lạnh,Biết mẹo dùng Wave mùa đông,khởi động honda wave,wave khó đề máy,P-XE-MAY,C-HONDA-WAVE,XE,/blog/xe-may/{date}/khoi-ong-va-khac-phuc-may-honda-wave-mua-lanh/,_posts/{date}-khoi-ong-va-khac-phuc-may-honda-wave-mua-lanh.md,/blog/xe-may/{date}/khoi-ong-va-khac-phuc-may-honda-wave-mua-lanh/,/xe-may/honda-wave/,false,none,,planned:matrix-seed/C-HONDA-WAVE
BLG-00569,PLANNED,Honda Vision hợp với ai khi thuê,Hiểu Vision hợp đối tượng nào,thuê honda vision,vision hợp ai; đặc điểm vision,P-XE-MAY,C-HONDA-VISION,XE,/blog/xe-may/{date}/honda-vision-hop-voi-ai-khi-thue/,_posts/{date}-honda-vision-hop-voi-ai-khi-thue.md,/blog/xe-may/{date}/honda-vision-hop-voi-ai-khi-thue/,/xe-may/honda-vision/; /bang-gia-xe-ga/,false,none,,planned:matrix-seed/C-HONDA-VISION
BLG-00570,PLANNED,Honda Vision đi phố: nhẹ và tiện thế nào,Đánh giá Vision trong phố,honda vision đi phố,vision trong phố đông,P-XE-MAY,C-HONDA-VISION,XE,/blog/xe-may/{date}/honda-vision-i-pho-nhe-va-tien-the-nao/,_posts/{date}-honda-vision-i-pho-nhe-va-tien-the-nao.md,/blog/xe-may/{date}/honda-vision-i-pho-nhe-va-tien-the-nao/,/xe-may/honda-vision/,false,none,,planned:matrix-seed/C-HONDA-VISION
BLG-00571,PLANNED,Honda Vision với nữ giới đi làm hằng ngày,Hiểu Vision cho nữ đi làm,honda vision cho nữ,vision đi làm,P-XE-MAY,C-HONDA-VISION,XE,/blog/xe-may/{date}/honda-vision-voi-nu-gioi-i-lam-hang-ngay/,_posts/{date}-honda-vision-voi-nu-gioi-i-lam-hang-ngay.md,/blog/xe-may/{date}/honda-vision-voi-nu-gioi-i-lam-hang-ngay/,/xe-may/honda-vision/,false,none,,planned:matrix-seed/C-HONDA-VISION
BLG-00572,PLANNED,Khoang đồ của Honda Vision chứa được gì,Hiểu khả năng chở đồ của Vision,khoang đồ honda vision,vision chở đồ,P-XE-MAY,C-HONDA-VISION,XE,/blog/xe-may/{date}/khoang-o-cua-honda-vision-chua-uoc-gi/,_posts/{date}-khoang-o-cua-honda-vision-chua-uoc-gi.md,/blog/xe-may/{date}/khoang-o-cua-honda-vision-chua-uoc-gi/,/xe-may/honda-vision/; /ky-nang/cho-do-va-hanh-ly/,false,none,,planned:matrix-seed/C-HONDA-VISION
BLG-00573,PLANNED,Honda Air Blade khác gì xe ga phổ thông,Hiểu khác biệt Air Blade,thuê honda air blade,air blade khác gì; đặc điểm air blade,P-XE-MAY,C-HONDA-AIR-BLADE,XE,/blog/xe-may/{date}/honda-air-blade-khac-gi-xe-ga-pho-thong/,_posts/{date}-honda-air-blade-khac-gi-xe-ga-pho-thong.md,/blog/xe-may/{date}/honda-air-blade-khac-gi-xe-ga-pho-thong/,/xe-may/honda-air-blade/; /bang-gia-xe-ga/,false,none,,planned:matrix-seed/C-HONDA-AIR-BLADE
BLG-00574,PLANNED,Honda Air Blade cho người thích chạy khoẻ,Đánh giá Air Blade cho người thích tốc độ,air blade chạy khoẻ,air blade máy mạnh,P-XE-MAY,C-HONDA-AIR-BLADE,XE,/blog/xe-may/{date}/honda-air-blade-cho-nguoi-thich-chay-khoe/,_posts/{date}-honda-air-blade-cho-nguoi-thich-chay-khoe.md,/blog/xe-may/{date}/honda-air-blade-cho-nguoi-thich-chay-khoe/,/xe-may/honda-air-blade/,false,none,,planned:matrix-seed/C-HONDA-AIR-BLADE
BLG-00575,PLANNED,Air Blade đi cặp với chuyến cuối tuần,Đánh giá Air Blade cho chuyến cuối tuần,air blade cuối tuần,air blade đường trường,P-XE-MAY,C-HONDA-AIR-BLADE,XE,/blog/xe-may/{date}/air-blade-i-cap-voi-chuyen-cuoi-tuan/,_posts/{date}-air-blade-i-cap-voi-chuyen-cuoi-tuan.md,/blog/xe-may/{date}/air-blade-i-cap-voi-chuyen-cuoi-tuan/,/xe-may/honda-air-blade/; /cung-duong/cung-duong-cuoi-tuan/,false,none,,planned:matrix-seed/C-HONDA-AIR-BLADE
BLG-00576,PLANNED,Honda Click gọn nhẹ hợp ai,Hiểu Click hợp đối tượng nào,thuê honda click,click hợp ai; đặc điểm click,P-XE-MAY,C-HONDA-CLICK,XE,/blog/xe-may/{date}/honda-click-gon-nhe-hop-ai/,_posts/{date}-honda-click-gon-nhe-hop-ai.md,/blog/xe-may/{date}/honda-click-gon-nhe-hop-ai/,/xe-may/honda-click/; /bang-gia-xe-ga/,false,none,,planned:matrix-seed/C-HONDA-CLICK
BLG-00577,PLANNED,Honda Click trong phố cổ nhỏ hẹp,Đánh giá Click cho phố nhỏ,honda click phố cổ,click đi phố nhỏ,P-XE-MAY,C-HONDA-CLICK,XE,/blog/xe-may/{date}/honda-click-trong-pho-co-nho-hep/,_posts/{date}-honda-click-trong-pho-co-nho-hep.md,/blog/xe-may/{date}/honda-click-trong-pho-co-nho-hep/,/xe-may/honda-click/; /du-lich/pho-co/,false,none,,planned:matrix-seed/C-HONDA-CLICK
BLG-00578,PLANNED,So sánh Honda Click và Yamaha Mio khi thuê,So sánh Click với Mio,click hay mio,yamaha mio; so sánh xe ga nhỏ,P-XE-MAY,C-HONDA-CLICK,XE,/blog/xe-may/{date}/so-sanh-honda-click-va-yamaha-mio-khi-thue/,_posts/{date}-so-sanh-honda-click-va-yamaha-mio-khi-thue.md,/blog/xe-may/{date}/so-sanh-honda-click-va-yamaha-mio-khi-thue/,/xe-may/honda-click/,false,none,,planned:matrix-seed/C-HONDA-CLICK
BLG-00579,PLANNED,Yamaha Sirius khi nào đáng thuê,Hiểu Sirius hợp nhu cầu nào,thuê yamaha sirius,sirius hợp ai; đặc điểm sirius,P-XE-MAY,C-YAMAHA-SIRIUS,XE,/blog/xe-may/{date}/yamaha-sirius-khi-nao-ang-thue/,_posts/{date}-yamaha-sirius-khi-nao-ang-thue.md,/blog/xe-may/{date}/yamaha-sirius-khi-nao-ang-thue/,/xe-may/xe-so/; /bang-gia-xe-so/,false,none,,planned:matrix-seed/C-YAMAHA-SIRIUS
BLG-00580,PLANNED,Yamaha Sirius với Honda Wave: chọn nào,So sánh Sirius với Wave,sirius hay wave,so sánh sirius wave,P-XE-MAY,C-YAMAHA-SIRIUS,XE,/blog/xe-may/{date}/yamaha-sirius-voi-honda-wave-chon-nao/,_posts/{date}-yamaha-sirius-voi-honda-wave-chon-nao.md,/blog/xe-may/{date}/yamaha-sirius-voi-honda-wave-chon-nao/,/xe-may/xe-so/; /xe-may/honda-wave/,false,none,,planned:matrix-seed/C-YAMAHA-SIRIUS
BLG-00581,PLANNED,Sirius cho chặng đường trường quãng ngắn,Đánh giá Sirius đường trường,yamaha sirius đường trường,sirius chạy trường,P-XE-MAY,C-YAMAHA-SIRIUS,XE,/blog/xe-may/{date}/sirius-cho-chang-uong-truong-quang-ngan/,_posts/{date}-sirius-cho-chang-uong-truong-quang-ngan.md,/blog/xe-may/{date}/sirius-cho-chang-uong-truong-quang-ngan/,/cung-duong/,false,none,,planned:matrix-seed/C-YAMAHA-SIRIUS
BLG-00582,PLANNED,Bảo dưỡng định kỳ xe máy gồm những gì,Hiểu nội dung bảo dưỡng định kỳ,bảo dưỡng xe máy định kỳ,những gì cần bảo dưỡng; bảo dưỡng gồm gì,P-XE-MAY,C-BAO-DUONG,XE,/blog/xe-may/{date}/bao-duong-inh-ky-xe-may-gom-nhung-gi/,_posts/{date}-bao-duong-inh-ky-xe-may-gom-nhung-gi.md,/blog/xe-may/{date}/bao-duong-inh-ky-xe-may-gom-nhung-gi/,/xe-may/bao-duong-xe/,false,none,,planned:matrix-seed/C-BAO-DUONG
BLG-00583,PLANNED,Lốp xe máy khi nào cần thay,Biết thời điểm thay lốp,khi nào thay lốp xe máy,mòn lốp; đổi lốp xe,P-XE-MAY,C-BAO-DUONG,XE,/blog/xe-may/{date}/lop-xe-may-khi-nao-can-thay/,_posts/{date}-lop-xe-may-khi-nao-can-thay.md,/blog/xe-may/{date}/lop-xe-may-khi-nao-can-thay/,/xe-may/bao-duong-xe/,false,none,,planned:matrix-seed/C-BAO-DUONG
BLG-00584,PLANNED,Dầu máy xe máy đổi sau bao lâu,Hiểu chu kỳ thay dầu máy,thay dầu máy xe máy,chu kỳ thay dầu; đổi dầu máy,P-XE-MAY,C-BAO-DUONG,XE,/blog/xe-may/{date}/dau-may-xe-may-oi-sau-bao-lau/,_posts/{date}-dau-may-xe-may-oi-sau-bao-lau.md,/blog/xe-may/{date}/dau-may-xe-may-oi-sau-bao-lau/,/xe-may/bao-duong-xe/,false,none,,planned:matrix-seed/C-BAO-DUONG
BLG-00585,PLANNED,Ổ kim và xích xe máy căng đúng cách,Biết cách chỉnh xích xe,căng xích xe máy,chỉnh ổ kim; xịch xe bị lỏng,P-XE-MAY,C-BAO-DUONG,XE,/blog/xe-may/{date}/o-kim-va-xich-xe-may-cang-ung-cach/,_posts/{date}-o-kim-va-xich-xe-may-cang-ung-cach.md,/blog/xe-may/{date}/o-kim-va-xich-xe-may-cang-ung-cach/,/xe-may/bao-duong-xe/,false,none,,planned:matrix-seed/C-BAO-DUONG
BLG-00586,PLANNED,Ắc quy xe máy yếu: dấu hiệu và xử lý,Nhận biết và xử lý ắc quy yếu,ắc quy xe máy yếu,dấu hiệu ắc quy hết; khó đề máy,P-XE-MAY,C-BAO-DUONG,XE,/blog/xe-may/{date}/ac-quy-xe-may-yeu-dau-hieu-va-xu-ly/,_posts/{date}-ac-quy-xe-may-yeu-dau-hieu-va-xu-ly.md,/blog/xe-may/{date}/ac-quy-xe-may-yeu-dau-hieu-va-xu-ly/,/xe-may/bao-duong-xe/,false,none,,planned:matrix-seed/C-BAO-DUONG
BLG-00587,PLANNED,Phanh xe máy đĩa và bố: kiểm tra thế nào,Biết kiểm tra phanh,kiểm tra phanh xe máy,phanh đĩa; phanh bố,P-XE-MAY,C-BAO-DUONG,XE,/blog/xe-may/{date}/phanh-xe-may-ia-va-bo-kiem-tra-the-nao/,_posts/{date}-phanh-xe-may-ia-va-bo-kiem-tra-the-nao.md,/blog/xe-may/{date}/phanh-xe-may-ia-va-bo-kiem-tra-the-nao/,/xe-may/bao-duong-xe/; /ky-nang/ky-nang-lai-co-ban/,false,none,,planned:matrix-seed/C-BAO-DUONG
BLG-00588,PLANNED,Đèn xe máy mờ và cách khắc phục,Xử lý đèn xe mờ,đèn xe máy mờ,đèn pha yếu; càng sáng đèn,P-XE-MAY,C-BAO-DUONG,XE,/blog/xe-may/{date}/en-xe-may-mo-va-cach-khac-phuc/,_posts/{date}-en-xe-may-mo-va-cach-khac-phuc.md,/blog/xe-may/{date}/en-xe-may-mo-va-cach-khac-phuc/,/xe-may/bao-duong-xe/,false,none,,planned:matrix-seed/C-BAO-DUONG
BLG-00589,PLANNED,Các hạng bằng lái xe máy tại Việt Nam,Hiểu các hạng giấy phép lái xe máy,các hạng bằng lái xe máy,bằng a1 a2; hạng bằng lái,P-PHAP-LY,C-GPLX,PHAP-LY,/blog/an-toan-phap-ly/{date}/cac-hang-bang-lai-xe-may-tai-viet-nam/,_posts/{date}-cac-hang-bang-lai-xe-may-tai-viet-nam.md,/blog/an-toan-phap-ly/{date}/cac-hang-bang-lai-xe-may-tai-viet-nam/,/an-toan-phap-ly/giay-phep-lai-xe/,true,high,,planned:matrix-seed/C-GPLX
BLG-00590,PLANNED,Thi bằng lái A1: quy trình hiện hành,Hiểu quy trình thi bằng A1,thi bằng lái a1,quy trình thi a1; sát hạch a1,P-PHAP-LY,C-GPLX,PHAP-LY,/blog/an-toan-phap-ly/{date}/thi-bang-lai-a1-quy-trinh-hien-hanh/,_posts/{date}-thi-bang-lai-a1-quy-trinh-hien-hanh.md,/blog/an-toan-phap-ly/{date}/thi-bang-lai-a1-quy-trinh-hien-hanh/,/an-toan-phap-ly/giay-phep-lai-xe/,true,high,,planned:matrix-seed/C-GPLX
BLG-00591,PLANNED,Đổi bằng lái khi giấy hết hạn,Hiểu đổi bằng lái hết hạn,đổi bằng lái hết hạn,gia hạn bằng lái; bằng hết hạn đi xe,P-PHAP-LY,C-GPLX,PHAP-LY,/blog/an-toan-phap-ly/{date}/oi-bang-lai-khi-giay-het-han/,_posts/{date}-oi-bang-lai-khi-giay-het-han.md,/blog/an-toan-phap-ly/{date}/oi-bang-lai-khi-giay-het-han/,/an-toan-phap-ly/giay-phep-lai-xe/,true,high,,planned:matrix-seed/C-GPLX
BLG-00592,PLANNED,Đi xe máy không bằng lái bị xử lý thế nào,Hiểu mức xử phạt đi xe không bằng lái,không bằng lái bị phạt thế nào,xử phạt không có bằng lái,P-PHAP-LY,C-GPLX,PHAP-LY,/blog/an-toan-phap-ly/{date}/i-xe-may-khong-bang-lai-bi-xu-ly-the-nao/,_posts/{date}-i-xe-may-khong-bang-lai-bi-xu-ly-the-nao.md,/blog/an-toan-phap-ly/{date}/i-xe-may-khong-bang-lai-bi-xu-ly-the-nao/,/an-toan-phap-ly/giay-phep-lai-xe/; /an-toan-phap-ly/quy-dinh-giao-thong/,true,high,,planned:matrix-seed/C-GPLX
BLG-00593,PLANNED,Bằng lái được cấp ở nước ngoài dùng được không,Hiểu công nhận bằng lái nước ngoài,bằng lái nước ngoài dùng được không,công nhận gplx nước ngoài,P-PHAP-LY,C-GPLX,PHAP-LY,/blog/an-toan-phap-ly/{date}/bang-lai-uoc-cap-o-nuoc-ngoai-dung-uoc-khong/,_posts/{date}-bang-lai-uoc-cap-o-nuoc-ngoai-dung-uoc-khong.md,/blog/an-toan-phap-ly/{date}/bang-lai-uoc-cap-o-nuoc-ngoai-dung-uoc-khong/,/an-toan-phap-ly/giay-phep-lai-xe/; /thue-xe/khach-quoc-te/,true,high,,planned:matrix-seed/C-GPLX
BLG-00594,PLANNED,Sát hạch lý thuyết A1: những câu hay gặp,Biết nội dung sát hạch lý thuyết,lý thuyết bằng lái a1,câu hỏi sát hạch a1,P-PHAP-LY,C-GPLX,PHAP-LY,/blog/an-toan-phap-ly/{date}/sat-hach-ly-thuyet-a1-nhung-cau-hay-gap/,_posts/{date}-sat-hach-ly-thuyet-a1-nhung-cau-hay-gap.md,/blog/an-toan-phap-ly/{date}/sat-hach-ly-thuyet-a1-nhung-cau-hay-gap/,/an-toan-phap-ly/giay-phep-lai-xe/,true,high,,planned:matrix-seed/C-GPLX
BLG-00595,PLANNED,Mất bằng lái xe máy: xin cấp lại thế nào,Biết xin cấp lại bằng lái bị mất,mất bằng lái xin lại,cấp lại bằng lái,P-PHAP-LY,C-GPLX,PHAP-LY,/blog/an-toan-phap-ly/{date}/mat-bang-lai-xe-may-xin-cap-lai-the-nao/,_posts/{date}-mat-bang-lai-xe-may-xin-cap-lai-the-nao.md,/blog/an-toan-phap-ly/{date}/mat-bang-lai-xe-may-xin-cap-lai-the-nao/,/an-toan-phap-ly/giay-phep-lai-xe/,true,high,,planned:matrix-seed/C-GPLX
BLG-00596,PLANNED,Bảo hiểm trách nhiệm dân sự xe máy là gì,Hiểu bảo hiểm TNDS bắt buộc,bảo hiểm trách nhiệm dân sự xe máy,bảo hiểm bắt buộc xe máy; tnds xe máy,P-PHAP-LY,C-BAO-HIEM,PHAP-LY,/blog/an-toan-phap-ly/{date}/bao-hiem-trach-nhiem-dan-su-xe-may-la-gi/,_posts/{date}-bao-hiem-trach-nhiem-dan-su-xe-may-la-gi.md,/blog/an-toan-phap-ly/{date}/bao-hiem-trach-nhiem-dan-su-xe-may-la-gi/,/an-toan-phap-ly/bao-hiem/,true,high,,planned:matrix-seed/C-BAO-HIEM
BLG-00597,PLANNED,Mua bảo hiểm xe máy ở đâu và hiệu lực ra sao,Biết cách mua bảo hiểm bắt buộc,mua bảo hiểm xe máy,hiệu lực bảo hiểm xe máy,P-PHAP-LY,C-BAO-HIEM,PHAP-LY,/blog/an-toan-phap-ly/{date}/mua-bao-hiem-xe-may-o-au-va-hieu-luc-ra-sao/,_posts/{date}-mua-bao-hiem-xe-may-o-au-va-hieu-luc-ra-sao.md,/blog/an-toan-phap-ly/{date}/mua-bao-hiem-xe-may-o-au-va-hieu-luc-ra-sao/,/an-toan-phap-ly/bao-hiem/,true,high,,planned:matrix-seed/C-BAO-HIEM
BLG-00598,PLANNED,Không có bảo hiểm xe máy bị phạt thế nào,Hiểu xử phạt khi thiếu bảo hiểm,không bảo hiểm xe máy bị phạt,phạt không có bảo hiểm,P-PHAP-LY,C-BAO-HIEM,PHAP-LY,/blog/an-toan-phap-ly/{date}/khong-co-bao-hiem-xe-may-bi-phat-the-nao/,_posts/{date}-khong-co-bao-hiem-xe-may-bi-phat-the-nao.md,/blog/an-toan-phap-ly/{date}/khong-co-bao-hiem-xe-may-bi-phat-the-nao/,/an-toan-phap-ly/bao-hiem/; /an-toan-phap-ly/quy-dinh-giao-thong/,true,high,,planned:matrix-seed/C-BAO-HIEM
BLG-00599,PLANNED,Bảo hiểm tự nguyện cho xe máy có đáng không,Hiểu bảo hiểm tự nguyện,bảo hiểm tự nguyện xe máy,bảo hiểm vật chất xe,P-PHAP-LY,C-BAO-HIEM,PHAP-LY,/blog/an-toan-phap-ly/{date}/bao-hiem-tu-nguyen-cho-xe-may-co-ang-khong/,_posts/{date}-bao-hiem-tu-nguyen-cho-xe-may-co-ang-khong.md,/blog/an-toan-phap-ly/{date}/bao-hiem-tu-nguyen-cho-xe-may-co-ang-khong/,/an-toan-phap-ly/bao-hiem/,true,high,,planned:matrix-seed/C-BAO-HIEM
BLG-00600,PLANNED,Tai nạn xảy ra với xe thuê: bảo hiểm chi trả phần nào,Hiểu bảo hiểm trong tình huống xe thuê,bảo hiểm xe thuê tai nạn,chi trả bảo hiểm tai nạn,P-PHAP-LY,C-BAO-HIEM,PHAP-LY,/blog/an-toan-phap-ly/{date}/tai-nan-xay-ra-voi-xe-thue-bao-hiem-chi-tra-phan-nao/,_posts/{date}-tai-nan-xay-ra-voi-xe-thue-bao-hiem-chi-tra-phan-nao.md,/blog/an-toan-phap-ly/{date}/tai-nan-xay-ra-voi-xe-thue-bao-hiem-chi-tra-phan-nao/,/an-toan-phap-ly/bao-hiem/; /thue-xe/su-co/,true,high,,planned:matrix-seed/C-BAO-HIEM
BLG-00601,PLANNED,Quy định nồng độ cồn khi lái xe hiện hành,Hiểu quy định nồng độ cồn,quy định nồng độ cồn,nồng độ cồn bị phạt; giới hạn cồn,P-PHAP-LY,C-NOI-DO-CONG,PHAP-LY,/blog/an-toan-phap-ly/{date}/quy-inh-nong-o-con-khi-lai-xe-hien-hanh/,_posts/{date}-quy-inh-nong-o-con-khi-lai-xe-hien-hanh.md,/blog/an-toan-phap-ly/{date}/quy-inh-nong-o-con-khi-lai-xe-hien-hanh/,/an-toan-phap-ly/noi-do-cong/,true,high,,planned:matrix-seed/C-NOI-DO-CONG
BLG-00602,PLANNED,Mức phạt nồng độ cồn xe máy mới nhất,Biết mức phạt vi phạm nồng độ cồn,mức phạt nồng độ cồn xe máy,phạt cồn xe máy,P-PHAP-LY,C-NOI-DO-CONG,PHAP-LY,/blog/an-toan-phap-ly/{date}/muc-phat-nong-o-con-xe-may-moi-nhat/,_posts/{date}-muc-phat-nong-o-con-xe-may-moi-nhat.md,/blog/an-toan-phap-ly/{date}/muc-phat-nong-o-con-xe-may-moi-nhat/,/an-toan-phap-ly/noi-do-cong/,true,high,,planned:matrix-seed/C-NOI-DO-CONG
BLG-00603,PLANNED,Bia rượu chiều nào hôm sau còn bị phát hiện,Hiểu khả năng còn cồn hôm sau,uống bia hôm sau còn cồn không,còn cồn ngày hôm sau,P-PHAP-LY,C-NOI-DO-CONG,PHAP-LY,/blog/an-toan-phap-ly/{date}/bia-ruou-chieu-nao-hom-sau-con-bi-phat-hien/,_posts/{date}-bia-ruou-chieu-nao-hom-sau-con-bi-phat-hien.md,/blog/an-toan-phap-ly/{date}/bia-ruou-chieu-nao-hom-sau-con-bi-phat-hien/,/an-toan-phap-ly/noi-do-cong/,true,high,,planned:matrix-seed/C-NOI-DO-CONG
BLG-00604,PLANNED,Trình chủ xe thuê khi bị xử lý nồng độ cồn,Biết trách nhiệm khi vi phạm với xe thuê,đi xe thuê vi phạm nồng độ cồn,trách nhiệm người thuê vi phạm,P-PHAP-LY,C-NOI-DO-CONG,PHAP-LY,/blog/an-toan-phap-ly/{date}/trinh-chu-xe-thue-khi-bi-xu-ly-nong-o-con/,_posts/{date}-trinh-chu-xe-thue-khi-bi-xu-ly-nong-o-con.md,/blog/an-toan-phap-ly/{date}/trinh-chu-xe-thue-khi-bi-xu-ly-nong-o-con/,/an-toan-phap-ly/noi-do-cong/; /thue-xe/su-co/,true,high,,planned:matrix-seed/C-NOI-DO-CONG
BLG-00605,PLANNED,Đo nồng độ cồn: quyền và trình tự,Hiểu trình tự đo nồng độ cồn,trình tự đo nồng độ cồn,quyền khi bị đo cồn,P-PHAP-LY,C-NOI-DO-CONG,PHAP-LY,/blog/an-toan-phap-ly/{date}/o-nong-o-con-quyen-va-trinh-tu/,_posts/{date}-o-nong-o-con-quyen-va-trinh-tu.md,/blog/an-toan-phap-ly/{date}/o-nong-o-con-quyen-va-trinh-tu/,/an-toan-phap-ly/noi-do-cong/,true,high,,planned:matrix-seed/C-NOI-DO-CONG
BLG-00606,PLANNED,Phạt nguội là gì và xe máy có bị không,Hiểu cơ chế phạt nguội,phạt nguội xe máy,phạt nguội là gì; xe máy có bị phạt nguội không,P-PHAP-LY,C-PHAT-NGUOI,PHAP-LY,/blog/an-toan-phap-ly/{date}/phat-nguoi-la-gi-va-xe-may-co-bi-khong/,_posts/{date}-phat-nguoi-la-gi-va-xe-may-co-bi-khong.md,/blog/an-toan-phap-ly/{date}/phat-nguoi-la-gi-va-xe-may-co-bi-khong/,/an-toan-phap-ly/phat-nguoi/,true,high,,planned:matrix-seed/C-PHAT-NGUOI
BLG-00607,PLANNED,Tra cứu phạt nguội bằng cách nào,Biết cách tra phạt nguội,tra cứu phạt nguội,kiểm tra phạt nguội xe máy,P-PHAP-LY,C-PHAT-NGUOI,PHAP-LY,/blog/an-toan-phap-ly/{date}/tra-cuu-phat-nguoi-bang-cach-nao/,_posts/{date}-tra-cuu-phat-nguoi-bang-cach-nao.md,/blog/an-toan-phap-ly/{date}/tra-cuu-phat-nguoi-bang-cach-nao/,/an-toan-phap-ly/phat-nguoi/,true,high,,planned:matrix-seed/C-PHAT-NGUOI
BLG-00608,PLANNED,Nhận thông báo phạt nguội của xe thuê xử lý thế nào,Hiểu xử lý phạt nguội với xe thuê,phạt nguội xe thuê,xe thuê bị phạt nguội ai chịu,P-PHAP-LY,C-PHAT-NGUOI,PHAP-LY,/blog/an-toan-phap-ly/{date}/nhan-thong-bao-phat-nguoi-cua-xe-thue-xu-ly-the-nao/,_posts/{date}-nhan-thong-bao-phat-nguoi-cua-xe-thue-xu-ly-the-nao.md,/blog/an-toan-phap-ly/{date}/nhan-thong-bao-phat-nguoi-cua-xe-thue-xu-ly-the-nao/,/an-toan-phap-ly/phat-nguoi/; /thue-xe/su-co/,true,high,,planned:matrix-seed/C-PHAT-NGUOI
BLG-00609,PLANNED,Nộp phạt nguội trễ có bị cộng thêm không,Hiểu nộp phạt trễ,nộp phạt nguội trễ,hạn nộp phạt nguội,P-PHAP-LY,C-PHAT-NGUOI,PHAP-LY,/blog/an-toan-phap-ly/{date}/nop-phat-nguoi-tre-co-bi-cong-them-khong/,_posts/{date}-nop-phat-nguoi-tre-co-bi-cong-them-khong.md,/blog/an-toan-phap-ly/{date}/nop-phat-nguoi-tre-co-bi-cong-them-khong/,/an-toan-phap-ly/phat-nguoi/,true,high,,planned:matrix-seed/C-PHAT-NGUOI
BLG-00610,PLANNED,Phạt nguội lỗi nào thường gặp với xe máy,Biết các lỗi phạt nguội thường gặp,lỗi phạt nguội thường gặp,vạch kẻ đường; đèn đỏ xe máy,P-PHAP-LY,C-PHAT-NGUOI,PHAP-LY,/blog/an-toan-phap-ly/{date}/phat-nguoi-loi-nao-thuong-gap-voi-xe-may/,_posts/{date}-phat-nguoi-loi-nao-thuong-gap-voi-xe-may.md,/blog/an-toan-phap-ly/{date}/phat-nguoi-loi-nao-thuong-gap-voi-xe-may/,/an-toan-phap-ly/phat-nguoi/,true,high,,planned:matrix-seed/C-PHAT-NGUOI
BLG-00611,PLANNED,Biển báo cấm xe máy thường gặp,Nhận biết biển cấm liên quan xe máy,biển báo cấm xe máy,đường cấm xe máy; biển cấm xe,P-PHAP-LY,C-BIEN-BAO,PHAP-LY,/blog/an-toan-phap-ly/{date}/bien-bao-cam-xe-may-thuong-gap/,_posts/{date}-bien-bao-cam-xe-may-thuong-gap.md,/blog/an-toan-phap-ly/{date}/bien-bao-cam-xe-may-thuong-gap/,/an-toan-phap-ly/bien-bao/,true,high,,planned:matrix-seed/C-BIEN-BAO
BLG-00612,PLANNED,Biển báo hiệu lệnh cần tuân thủ khi đi xe,Hiểu nhóm biển hiệu lệnh,biển báo hiệu lệnh,biển phải đi theo,P-PHAP-LY,C-BIEN-BAO,PHAP-LY,/blog/an-toan-phap-ly/{date}/bien-bao-hieu-lenh-can-tuan-thu-khi-i-xe/,_posts/{date}-bien-bao-hieu-lenh-can-tuan-thu-khi-i-xe.md,/blog/an-toan-phap-ly/{date}/bien-bao-hieu-lenh-can-tuan-thu-khi-i-xe/,/an-toan-phap-ly/bien-bao/,true,high,,planned:matrix-seed/C-BIEN-BAO
BLG-00613,PLANNED,Biển chỉ dẫn và biển phụ hiểu thế nào,Hiểu nhóm biển chỉ dẫn,biển chỉ dẫn,biển phụ; biển kèm theo,P-PHAP-LY,C-BIEN-BAO,PHAP-LY,/blog/an-toan-phap-ly/{date}/bien-chi-dan-va-bien-phu-hieu-the-nao/,_posts/{date}-bien-chi-dan-va-bien-phu-hieu-the-nao.md,/blog/an-toan-phap-ly/{date}/bien-chi-dan-va-bien-phu-hieu-the-nao/,/an-toan-phap-ly/bien-bao/,true,high,,planned:matrix-seed/C-BIEN-BAO
BLG-00614,PLANNED,Biển báo nguy hiểm trên đường trường,Nhận biết biển nguy hiểm đường trường,biển báo nguy hiểm,biển đường trơn; biển dốc,P-PHAP-LY,C-BIEN-BAO,PHAP-LY,/blog/an-toan-phap-ly/{date}/bien-bao-nguy-hiem-tren-uong-truong/,_posts/{date}-bien-bao-nguy-hiem-tren-uong-truong.md,/blog/an-toan-phap-ly/{date}/bien-bao-nguy-hiem-tren-uong-truong/,/an-toan-phap-ly/bien-bao/; /ky-nang/thoi-tiet-va-duong-sa/,true,high,,planned:matrix-seed/C-BIEN-BAO
BLG-00615,PLANNED,Vạch kẻ đường xe máy phải đi thế nào,Hiểu vạch kẻ đường,vạch kẻ đường,làn xe máy; vạch liền vạch đứt,P-PHAP-LY,C-BIEN-BAO,PHAP-LY,/blog/an-toan-phap-ly/{date}/vach-ke-uong-xe-may-phai-i-the-nao/,_posts/{date}-vach-ke-uong-xe-may-phai-i-the-nao.md,/blog/an-toan-phap-ly/{date}/vach-ke-uong-xe-may-phai-i-the-nao/,/an-toan-phap-ly/bien-bao/,true,high,,planned:matrix-seed/C-BIEN-BAO
BLG-00616,PLANNED,Biển báo khu vực phố đi bộ,Hiểu biển phố đi bộ,biển phố đi bộ,khu đi bộ hà nội; xe vào phố đi bộ,P-PHAP-LY,C-BIEN-BAO,PHAP-LY,/blog/an-toan-phap-ly/{date}/bien-bao-khu-vuc-pho-i-bo/,_posts/{date}-bien-bao-khu-vuc-pho-i-bo.md,/blog/an-toan-phap-ly/{date}/bien-bao-khu-vuc-pho-i-bo/,/an-toan-phap-ly/bien-bao/; /du-lich/pho-co/,true,high,,planned:matrix-seed/C-BIEN-BAO
BLG-00617,PLANNED,Giấy tờ bắt buộc mang theo khi lái xe máy,Biết bộ giấy tờ bắt buộc,giấy tờ khi lái xe máy,cần mang gì khi đi xe; hồ sơ xe máy,P-PHAP-LY,C-GIAY-TO,PHAP-LY,/blog/an-toan-phap-ly/{date}/giay-to-bat-buoc-mang-theo-khi-lai-xe-may/,_posts/{date}-giay-to-bat-buoc-mang-theo-khi-lai-xe-may.md,/blog/an-toan-phap-ly/{date}/giay-to-bat-buoc-mang-theo-khi-lai-xe-may/,/an-toan-phap-ly/giay-to/,true,high,,planned:matrix-seed/C-GIAY-TO
BLG-00618,PLANNED,Cà vạt xe và đăng ký xe khác nhau thế nào,Phân biệt đăng ký xe với cà vạt,cà vạt xe là gì,đăng ký xe máy; khác nhau cà vạt đăng ký,P-PHAP-LY,C-GIAY-TO,PHAP-LY,/blog/an-toan-phap-ly/{date}/ca-vat-xe-va-ang-ky-xe-khac-nhau-the-nao/,_posts/{date}-ca-vat-xe-va-ang-ky-xe-khac-nhau-the-nao.md,/blog/an-toan-phap-ly/{date}/ca-vat-xe-va-ang-ky-xe-khac-nhau-the-nao/,/an-toan-phap-ly/giay-to/,true,high,,planned:matrix-seed/C-GIAY-TO
BLG-00619,PLANNED,Tem kiểm định xe máy còn hiệu lực ra sao,Hiểu tem kiểm định,tem kiểm định xe máy,hiệu lực kiểm định; tem hết hạn,P-PHAP-LY,C-GIAY-TO,PHAP-LY,/blog/an-toan-phap-ly/{date}/tem-kiem-inh-xe-may-con-hieu-luc-ra-sao/,_posts/{date}-tem-kiem-inh-xe-may-con-hieu-luc-ra-sao.md,/blog/an-toan-phap-ly/{date}/tem-kiem-inh-xe-may-con-hieu-luc-ra-sao/,/an-toan-phap-ly/giay-to/,true,high,,planned:matrix-seed/C-GIAY-TO
BLG-00620,PLANNED,Thiếu giấy tờ xe máy bị xử lý ra sao,Hiểu xử phạt thiếu giấy tờ,thiếu giấy tờ xe máy phạt,quên bằng lái,P-PHAP-LY,C-GIAY-TO,PHAP-LY,/blog/an-toan-phap-ly/{date}/thieu-giay-to-xe-may-bi-xu-ly-ra-sao/,_posts/{date}-thieu-giay-to-xe-may-bi-xu-ly-ra-sao.md,/blog/an-toan-phap-ly/{date}/thieu-giay-to-xe-may-bi-xu-ly-ra-sao/,/an-toan-phap-ly/giay-to/; /an-toan-phap-ly/quy-dinh-giao-thong/,true,high,,planned:matrix-seed/C-GIAY-TO
BLG-00621,PLANNED,Giấy tờ xe thuê cần có mặt khi bị kiểm tra,Biết giấy tờ xe thuê cần mang,giấy tờ khi thuê xe máy,xe thuê cần giấy gì,P-PHAP-LY,C-GIAY-TO,PHAP-LY,/blog/an-toan-phap-ly/{date}/giay-to-xe-thue-can-co-mat-khi-bi-kiem-tra/,_posts/{date}-giay-to-xe-thue-can-co-mat-khi-bi-kiem-tra.md,/blog/an-toan-phap-ly/{date}/giay-to-xe-thue-can-co-mat-khi-bi-kiem-tra/,/an-toan-phap-ly/giay-to/; /thue-xe/thu-tuc/,true,high,,planned:matrix-seed/C-GIAY-TO
BLG-00622,PLANNED,Quy định mới về xe máy cần biết,Nắm quy định giao thông hiện hành cho xe máy,quy định về xe máy,luật đường bộ xe máy; quy định hiện hành,P-PHAP-LY,C-QUY-DINH,PHAP-LY,/blog/an-toan-phap-ly/{date}/quy-inh-moi-ve-xe-may-can-biet/,_posts/{date}-quy-inh-moi-ve-xe-may-can-biet.md,/blog/an-toan-phap-ly/{date}/quy-inh-moi-ve-xe-may-can-biet/,/an-toan-phap-ly/quy-dinh-giao-thong/,true,high,,planned:matrix-seed/C-QUY-DINH
BLG-00623,PLANNED,Mũ bảo hiểm đạt chuẩn và quy định đội mũ,Hiểu quy định mũ bảo hiểm,quy định mũ bảo hiểm,mũ đạt chuẩn; đội mũ khi đi xe,P-PHAP-LY,C-QUY-DINH,PHAP-LY,/blog/an-toan-phap-ly/{date}/mu-bao-hiem-at-chuan-va-quy-inh-oi-mu/,_posts/{date}-mu-bao-hiem-at-chuan-va-quy-inh-oi-mu.md,/blog/an-toan-phap-ly/{date}/mu-bao-hiem-at-chuan-va-quy-inh-oi-mu/,/an-toan-phap-ly/quy-dinh-giao-thong/,true,high,,planned:matrix-seed/C-QUY-DINH
BLG-00624,PLANNED,Xe máy có được vào cao tốc không,Hiểu quy định cao tốc với xe máy,xe máy vào cao tốc,cấm xe máy cao tốc; đường cao tốc,P-PHAP-LY,C-QUY-DINH,PHAP-LY,/blog/an-toan-phap-ly/{date}/xe-may-co-uoc-vao-cao-toc-khong/,_posts/{date}-xe-may-co-uoc-vao-cao-toc-khong.md,/blog/an-toan-phap-ly/{date}/xe-may-co-uoc-vao-cao-toc-khong/,/an-toan-phap-ly/quy-dinh-giao-thong/,true,high,,planned:matrix-seed/C-QUY-DINH
BLG-00625,PLANNED,Chở người trên xe máy: quy định hiện hành,Hiểu quy định chở người trên xe,quy định chở người trên xe máy,chở 2 người trên xe máy,P-PHAP-LY,C-QUY-DINH,PHAP-LY,/blog/an-toan-phap-ly/{date}/cho-nguoi-tren-xe-may-quy-inh-hien-hanh/,_posts/{date}-cho-nguoi-tren-xe-may-quy-inh-hien-hanh.md,/blog/an-toan-phap-ly/{date}/cho-nguoi-tren-xe-may-quy-inh-hien-hanh/,/an-toan-phap-ly/quy-dinh-giao-thong/,true,high,,planned:matrix-seed/C-QUY-DINH
BLG-00626,PLANNED,Đèn tín hiệu và còi xe máy theo quy định,Hiểu quy định đèn còi,đèn còi xe máy quy định,đèn chiếu sáng xe,P-PHAP-LY,C-QUY-DINH,PHAP-LY,/blog/an-toan-phap-ly/{date}/en-tin-hieu-va-coi-xe-may-theo-quy-inh/,_posts/{date}-en-tin-hieu-va-coi-xe-may-theo-quy-inh.md,/blog/an-toan-phap-ly/{date}/en-tin-hieu-va-coi-xe-may-theo-quy-inh/,/an-toan-phap-ly/quy-dinh-giao-thong/,true,high,,planned:matrix-seed/C-QUY-DINH
BLG-00627,PLANNED,Xe máy điện và quy định quản lý phương tiện,Hiểu quản lý xe điện,quy định xe máy điện,đăng ký xe điện,P-PHAP-LY,C-QUY-DINH,PHAP-LY,/blog/an-toan-phap-ly/{date}/xe-may-ien-va-quy-inh-quan-ly-phuong-tien/,_posts/{date}-xe-may-ien-va-quy-inh-quan-ly-phuong-tien.md,/blog/an-toan-phap-ly/{date}/xe-may-ien-va-quy-inh-quan-ly-phuong-tien/,/an-toan-phap-ly/quy-dinh-giao-thong/; /xe-may/xe-dien/,true,high,,planned:matrix-seed/C-QUY-DINH
BLG-00628,PLANNED,Nghị định xử phạt vi phạm giao thông xe máy,Hiểu khung xử phạt vi phạm xe máy,xử phạt vi phạm giao thông xe máy,khung phạt xe máy; nghị định xử phạt,P-PHAP-LY,C-QUY-DINH,PHAP-LY,/blog/an-toan-phap-ly/{date}/nghi-inh-xu-phat-vi-pham-giao-thong-xe-may/,_posts/{date}-nghi-inh-xu-phat-vi-pham-giao-thong-xe-may.md,/blog/an-toan-phap-ly/{date}/nghi-inh-xu-phat-vi-pham-giao-thong-xe-may/,/an-toan-phap-ly/quy-dinh-giao-thong/,true,high,,planned:matrix-seed/C-QUY-DINH
BLG-00629,PLANNED,Đến Văn Miếu - Quốc Tử Giám bằng xe máy: gửi xe và đường đi,Biết đường đi và chỗ gửi xe khi đến Văn Miếu - Quốc Tử Giám,đến Văn Miếu - Quốc Tử Giám bằng xe máy,gửi xe Văn Miếu - Quốc Tử Giám; đường đi Văn Miếu - Quốc Tử Giám,P-DU-LICH,C-DIEM-DEN,DU-LICH,/blog/du-lich/{date}/en-van-mieu-quoc-tu-giam-bang-xe-may-gui-xe-va-uong-i/,_posts/{date}-en-van-mieu-quoc-tu-giam-bang-xe-may-gui-xe-va-uong-i.md,/blog/du-lich/{date}/en-van-mieu-quoc-tu-giam-bang-xe-may-gui-xe-va-uong-i/,/du-lich/diem-den/,false,none,,planned:matrix-seed/C-DIEM-DEN
BLG-00630,PLANNED,Kinh nghiệm ghé thăm Văn Miếu - Quốc Tử Giám nửa ngày,Lên kế hoạch nửa ngày tham quan Văn Miếu - Quốc Tử Giám,kinh nghiệm đi Văn Miếu - Quốc Tử Giám,tham quan Văn Miếu - Quốc Tử Giám; lịch trình Văn Miếu - Quốc Tử Giám,P-DU-LICH,C-DIEM-DEN,DU-LICH,/blog/du-lich/{date}/kinh-nghiem-ghe-tham-van-mieu-quoc-tu-giam-nua-ngay/,_posts/{date}-kinh-nghiem-ghe-tham-van-mieu-quoc-tu-giam-nua-ngay.md,/blog/du-lich/{date}/kinh-nghiem-ghe-tham-van-mieu-quoc-tu-giam-nua-ngay/,/du-lich/diem-den/,false,none,,planned:matrix-seed/C-DIEM-DEN
BLG-00631,PLANNED,Những lưu ý khi chạy xe quanh Văn Miếu - Quốc Tử Giám,Biết lưu ý giao thông quanh khu vực Văn Miếu - Quốc Tử Giám,lưu ý chạy xe gần Văn Miếu - Quốc Tử Giám,giao thông quanh Văn Miếu - Quốc Tử Giám; đường quanh Văn Miếu - Quốc Tử Giám đông,P-DU-LICH,C-DIEM-DEN,DU-LICH,/blog/du-lich/{date}/nhung-luu-y-khi-chay-xe-quanh-van-mieu-quoc-tu-giam/,_posts/{date}-nhung-luu-y-khi-chay-xe-quanh-van-mieu-quoc-tu-giam.md,/blog/du-lich/{date}/nhung-luu-y-khi-chay-xe-quanh-van-mieu-quoc-tu-giam/,/du-lich/diem-den/; /ky-nang/tinh-huong-giao-thong/,false,none,,planned:matrix-seed/C-DIEM-DEN
BLG-00632,PLANNED,Đến Hoàng thành Thăng Long bằng xe máy: gửi xe và đường đi,Biết đường đi và chỗ gửi xe khi đến Hoàng thành Thăng Long,đến Hoàng thành Thăng Long bằng xe máy,gửi xe Hoàng thành Thăng Long; đường đi Hoàng thành Thăng Long,P-DU-LICH,C-DIEM-DEN,DU-LICH,/blog/du-lich/{date}/en-hoang-thanh-thang-long-bang-xe-may-gui-xe-va-uong-i/,_posts/{date}-en-hoang-thanh-thang-long-bang-xe-may-gui-xe-va-uong-i.md,/blog/du-lich/{date}/en-hoang-thanh-thang-long-bang-xe-may-gui-xe-va-uong-i/,/du-lich/diem-den/,false,none,,planned:matrix-seed/C-DIEM-DEN
BLG-00633,PLANNED,Kinh nghiệm ghé thăm Hoàng thành Thăng Long nửa ngày,Lên kế hoạch nửa ngày tham quan Hoàng thành Thăng Long,kinh nghiệm đi Hoàng thành Thăng Long,tham quan Hoàng thành Thăng Long; lịch trình Hoàng thành Thăng Long,P-DU-LICH,C-DIEM-DEN,DU-LICH,/blog/du-lich/{date}/kinh-nghiem-ghe-tham-hoang-thanh-thang-long-nua-ngay/,_posts/{date}-kinh-nghiem-ghe-tham-hoang-thanh-thang-long-nua-ngay.md,/blog/du-lich/{date}/kinh-nghiem-ghe-tham-hoang-thanh-thang-long-nua-ngay/,/du-lich/diem-den/,false,none,,planned:matrix-seed/C-DIEM-DEN
BLG-00634,PLANNED,Những lưu ý khi chạy xe quanh Hoàng thành Thăng Long,Biết lưu ý giao thông quanh khu vực Hoàng thành Thăng Long,lưu ý chạy xe gần Hoàng thành Thăng Long,giao thông quanh Hoàng thành Thăng Long; đường quanh Hoàng thành Thăng Long đông,P-DU-LICH,C-DIEM-DEN,DU-LICH,/blog/du-lich/{date}/nhung-luu-y-khi-chay-xe-quanh-hoang-thanh-thang-long/,_posts/{date}-nhung-luu-y-khi-chay-xe-quanh-hoang-thanh-thang-long.md,/blog/du-lich/{date}/nhung-luu-y-khi-chay-xe-quanh-hoang-thanh-thang-long/,/du-lich/diem-den/; /ky-nang/tinh-huong-giao-thong/,false,none,,planned:matrix-seed/C-DIEM-DEN
BLG-00635,PLANNED,Đến chùa Một Cột bằng xe máy: gửi xe và đường đi,Biết đường đi và chỗ gửi xe khi đến chùa Một Cột,đến chùa Một Cột bằng xe máy,gửi xe chùa Một Cột; đường đi chùa Một Cột,P-DU-LICH,C-DIEM-DEN,DU-LICH,/blog/du-lich/{date}/en-chua-mot-cot-bang-xe-may-gui-xe-va-uong-i/,_posts/{date}-en-chua-mot-cot-bang-xe-may-gui-xe-va-uong-i.md,/blog/du-lich/{date}/en-chua-mot-cot-bang-xe-may-gui-xe-va-uong-i/,/du-lich/diem-den/,false,none,,planned:matrix-seed/C-DIEM-DEN
BLG-00636,PLANNED,Kinh nghiệm ghé thăm chùa Một Cột nửa ngày,Lên kế hoạch nửa ngày tham quan chùa Một Cột,kinh nghiệm đi chùa Một Cột,tham quan chùa Một Cột; lịch trình chùa Một Cột,P-DU-LICH,C-DIEM-DEN,DU-LICH,/blog/du-lich/{date}/kinh-nghiem-ghe-tham-chua-mot-cot-nua-ngay/,_posts/{date}-kinh-nghiem-ghe-tham-chua-mot-cot-nua-ngay.md,/blog/du-lich/{date}/kinh-nghiem-ghe-tham-chua-mot-cot-nua-ngay/,/du-lich/diem-den/,false,none,,planned:matrix-seed/C-DIEM-DEN
BLG-00637,PLANNED,Những lưu ý khi chạy xe quanh chùa Một Cột,Biết lưu ý giao thông quanh khu vực chùa Một Cột,lưu ý chạy xe gần chùa Một Cột,giao thông quanh chùa Một Cột; đường quanh chùa Một Cột đông,P-DU-LICH,C-DIEM-DEN,DU-LICH,/blog/du-lich/{date}/nhung-luu-y-khi-chay-xe-quanh-chua-mot-cot/,_posts/{date}-nhung-luu-y-khi-chay-xe-quanh-chua-mot-cot.md,/blog/du-lich/{date}/nhung-luu-y-khi-chay-xe-quanh-chua-mot-cot/,/du-lich/diem-den/; /ky-nang/tinh-huong-giao-thong/,false,none,,planned:matrix-seed/C-DIEM-DEN
BLG-00638,PLANNED,Đến Bảo tàng Dân tộc học Việt Nam bằng xe máy: gửi xe và đường đi,Biết đường đi và chỗ gửi xe khi đến Bảo tàng Dân tộc học Việt Nam,đến Bảo tàng Dân tộc học Việt Nam bằng xe máy,gửi xe Bảo tàng Dân tộc học Việt Nam; đường đi Bảo tàng Dân tộc học Việt Nam,P-DU-LICH,C-DIEM-DEN,DU-LICH,/blog/du-lich/{date}/en-bao-tang-dan-toc-hoc-viet-nam-bang-xe-may-gui-xe-va-uong-i/,_posts/{date}-en-bao-tang-dan-toc-hoc-viet-nam-bang-xe-may-gui-xe-va-uong-i.md,/blog/du-lich/{date}/en-bao-tang-dan-toc-hoc-viet-nam-bang-xe-may-gui-xe-va-uong-i/,/du-lich/diem-den/,false,none,,planned:matrix-seed/C-DIEM-DEN
BLG-00639,PLANNED,Kinh nghiệm ghé thăm Bảo tàng Dân tộc học Việt Nam nửa ngày,Lên kế hoạch nửa ngày tham quan Bảo tàng Dân tộc học Việt Nam,kinh nghiệm đi Bảo tàng Dân tộc học Việt Nam,tham quan Bảo tàng Dân tộc học Việt Nam; lịch trình Bảo tàng Dân tộc học Việt Nam,P-DU-LICH,C-DIEM-DEN,DU-LICH,/blog/du-lich/{date}/kinh-nghiem-ghe-tham-bao-tang-dan-toc-hoc-viet-nam-nua-ngay/,_posts/{date}-kinh-nghiem-ghe-tham-bao-tang-dan-toc-hoc-viet-nam-nua-ngay.md,/blog/du-lich/{date}/kinh-nghiem-ghe-tham-bao-tang-dan-toc-hoc-viet-nam-nua-ngay/,/du-lich/diem-den/,false,none,,planned:matrix-seed/C-DIEM-DEN
BLG-00640,PLANNED,Những lưu ý khi chạy xe quanh Bảo tàng Dân tộc học Việt Nam,Biết lưu ý giao thông quanh khu vực Bảo tàng Dân tộc học Việt Nam,lưu ý chạy xe gần Bảo tàng Dân tộc học Việt Nam,giao thông quanh Bảo tàng Dân tộc học Việt Nam; đường quanh Bảo tàng Dân tộc học Việt Nam đông,P-DU-LICH,C-DIEM-DEN,DU-LICH,/blog/du-lich/{date}/nhung-luu-y-khi-chay-xe-quanh-bao-tang-dan-toc-hoc-viet-nam/,_posts/{date}-nhung-luu-y-khi-chay-xe-quanh-bao-tang-dan-toc-hoc-viet-nam.md,/blog/du-lich/{date}/nhung-luu-y-khi-chay-xe-quanh-bao-tang-dan-toc-hoc-viet-nam/,/du-lich/diem-den/; /ky-nang/tinh-huong-giao-thong/,false,none,,planned:matrix-seed/C-DIEM-DEN
BLG-00641,PLANNED,Đến Cầu Long Biên bằng xe máy: gửi xe và đường đi,Biết đường đi và chỗ gửi xe khi đến Cầu Long Biên,đến Cầu Long Biên bằng xe máy,gửi xe Cầu Long Biên; đường đi Cầu Long Biên,P-DU-LICH,C-DIEM-DEN,DU-LICH,/blog/du-lich/{date}/en-cau-long-bien-bang-xe-may-gui-xe-va-uong-i/,_posts/{date}-en-cau-long-bien-bang-xe-may-gui-xe-va-uong-i.md,/blog/du-lich/{date}/en-cau-long-bien-bang-xe-may-gui-xe-va-uong-i/,/du-lich/diem-den/,false,none,,planned:matrix-seed/C-DIEM-DEN
BLG-00642,PLANNED,Kinh nghiệm ghé thăm Cầu Long Biên nửa ngày,Lên kế hoạch nửa ngày tham quan Cầu Long Biên,kinh nghiệm đi Cầu Long Biên,tham quan Cầu Long Biên; lịch trình Cầu Long Biên,P-DU-LICH,C-DIEM-DEN,DU-LICH,/blog/du-lich/{date}/kinh-nghiem-ghe-tham-cau-long-bien-nua-ngay/,_posts/{date}-kinh-nghiem-ghe-tham-cau-long-bien-nua-ngay.md,/blog/du-lich/{date}/kinh-nghiem-ghe-tham-cau-long-bien-nua-ngay/,/du-lich/diem-den/,false,none,,planned:matrix-seed/C-DIEM-DEN
BLG-00643,PLANNED,Những lưu ý khi chạy xe quanh Cầu Long Biên,Biết lưu ý giao thông quanh khu vực Cầu Long Biên,lưu ý chạy xe gần Cầu Long Biên,giao thông quanh Cầu Long Biên; đường quanh Cầu Long Biên đông,P-DU-LICH,C-DIEM-DEN,DU-LICH,/blog/du-lich/{date}/nhung-luu-y-khi-chay-xe-quanh-cau-long-bien/,_posts/{date}-nhung-luu-y-khi-chay-xe-quanh-cau-long-bien.md,/blog/du-lich/{date}/nhung-luu-y-khi-chay-xe-quanh-cau-long-bien/,/du-lich/diem-den/; /ky-nang/tinh-huong-giao-thong/,false,none,,planned:matrix-seed/C-DIEM-DEN
BLG-00644,PLANNED,Đến Làng gốm Bát Tràng bằng xe máy: gửi xe và đường đi,Biết đường đi và chỗ gửi xe khi đến Làng gốm Bát Tràng,đến Làng gốm Bát Tràng bằng xe máy,gửi xe Làng gốm Bát Tràng; đường đi Làng gốm Bát Tràng,P-DU-LICH,C-DIEM-DEN,DU-LICH,/blog/du-lich/{date}/en-lang-gom-bat-trang-bang-xe-may-gui-xe-va-uong-i/,_posts/{date}-en-lang-gom-bat-trang-bang-xe-may-gui-xe-va-uong-i.md,/blog/du-lich/{date}/en-lang-gom-bat-trang-bang-xe-may-gui-xe-va-uong-i/,/du-lich/diem-den/,false,none,,planned:matrix-seed/C-DIEM-DEN
BLG-00645,PLANNED,Kinh nghiệm ghé thăm Làng gốm Bát Tràng nửa ngày,Lên kế hoạch nửa ngày tham quan Làng gốm Bát Tràng,kinh nghiệm đi Làng gốm Bát Tràng,tham quan Làng gốm Bát Tràng; lịch trình Làng gốm Bát Tràng,P-DU-LICH,C-DIEM-DEN,DU-LICH,/blog/du-lich/{date}/kinh-nghiem-ghe-tham-lang-gom-bat-trang-nua-ngay/,_posts/{date}-kinh-nghiem-ghe-tham-lang-gom-bat-trang-nua-ngay.md,/blog/du-lich/{date}/kinh-nghiem-ghe-tham-lang-gom-bat-trang-nua-ngay/,/du-lich/diem-den/,false,none,,planned:matrix-seed/C-DIEM-DEN
BLG-00646,PLANNED,Những lưu ý khi chạy xe quanh Làng gốm Bát Tràng,Biết lưu ý giao thông quanh khu vực Làng gốm Bát Tràng,lưu ý chạy xe gần Làng gốm Bát Tràng,giao thông quanh Làng gốm Bát Tràng; đường quanh Làng gốm Bát Tràng đông,P-DU-LICH,C-DIEM-DEN,DU-LICH,/blog/du-lich/{date}/nhung-luu-y-khi-chay-xe-quanh-lang-gom-bat-trang/,_posts/{date}-nhung-luu-y-khi-chay-xe-quanh-lang-gom-bat-trang.md,/blog/du-lich/{date}/nhung-luu-y-khi-chay-xe-quanh-lang-gom-bat-trang/,/du-lich/diem-den/; /ky-nang/tinh-huong-giao-thong/,false,none,,planned:matrix-seed/C-DIEM-DEN
BLG-00647,PLANNED,Đến Đầm Sen Tây Hồ bằng xe máy: gửi xe và đường đi,Biết đường đi và chỗ gửi xe khi đến Đầm Sen Tây Hồ,đến Đầm Sen Tây Hồ bằng xe máy,gửi xe Đầm Sen Tây Hồ; đường đi Đầm Sen Tây Hồ,P-DU-LICH,C-DIEM-DEN,DU-LICH,/blog/du-lich/{date}/en-am-sen-tay-ho-bang-xe-may-gui-xe-va-uong-i/,_posts/{date}-en-am-sen-tay-ho-bang-xe-may-gui-xe-va-uong-i.md,/blog/du-lich/{date}/en-am-sen-tay-ho-bang-xe-may-gui-xe-va-uong-i/,/du-lich/diem-den/,false,none,,planned:matrix-seed/C-DIEM-DEN
BLG-00648,PLANNED,Kinh nghiệm ghé thăm Đầm Sen Tây Hồ nửa ngày,Lên kế hoạch nửa ngày tham quan Đầm Sen Tây Hồ,kinh nghiệm đi Đầm Sen Tây Hồ,tham quan Đầm Sen Tây Hồ; lịch trình Đầm Sen Tây Hồ,P-DU-LICH,C-DIEM-DEN,DU-LICH,/blog/du-lich/{date}/kinh-nghiem-ghe-tham-am-sen-tay-ho-nua-ngay/,_posts/{date}-kinh-nghiem-ghe-tham-am-sen-tay-ho-nua-ngay.md,/blog/du-lich/{date}/kinh-nghiem-ghe-tham-am-sen-tay-ho-nua-ngay/,/du-lich/diem-den/,false,none,,planned:matrix-seed/C-DIEM-DEN
BLG-00649,PLANNED,Những lưu ý khi chạy xe quanh Đầm Sen Tây Hồ,Biết lưu ý giao thông quanh khu vực Đầm Sen Tây Hồ,lưu ý chạy xe gần Đầm Sen Tây Hồ,giao thông quanh Đầm Sen Tây Hồ; đường quanh Đầm Sen Tây Hồ đông,P-DU-LICH,C-DIEM-DEN,DU-LICH,/blog/du-lich/{date}/nhung-luu-y-khi-chay-xe-quanh-am-sen-tay-ho/,_posts/{date}-nhung-luu-y-khi-chay-xe-quanh-am-sen-tay-ho.md,/blog/du-lich/{date}/nhung-luu-y-khi-chay-xe-quanh-am-sen-tay-ho/,/du-lich/diem-den/; /ky-nang/tinh-huong-giao-thong/,false,none,,planned:matrix-seed/C-DIEM-DEN
BLG-00650,PLANNED,Đến Công viên Thủ Lệ bằng xe máy: gửi xe và đường đi,Biết đường đi và chỗ gửi xe khi đến Công viên Thủ Lệ,đến Công viên Thủ Lệ bằng xe máy,gửi xe Công viên Thủ Lệ; đường đi Công viên Thủ Lệ,P-DU-LICH,C-DIEM-DEN,DU-LICH,/blog/du-lich/{date}/en-cong-vien-thu-le-bang-xe-may-gui-xe-va-uong-i/,_posts/{date}-en-cong-vien-thu-le-bang-xe-may-gui-xe-va-uong-i.md,/blog/du-lich/{date}/en-cong-vien-thu-le-bang-xe-may-gui-xe-va-uong-i/,/du-lich/diem-den/,false,none,,planned:matrix-seed/C-DIEM-DEN
BLG-00651,PLANNED,Kinh nghiệm ghé thăm Công viên Thủ Lệ nửa ngày,Lên kế hoạch nửa ngày tham quan Công viên Thủ Lệ,kinh nghiệm đi Công viên Thủ Lệ,tham quan Công viên Thủ Lệ; lịch trình Công viên Thủ Lệ,P-DU-LICH,C-DIEM-DEN,DU-LICH,/blog/du-lich/{date}/kinh-nghiem-ghe-tham-cong-vien-thu-le-nua-ngay/,_posts/{date}-kinh-nghiem-ghe-tham-cong-vien-thu-le-nua-ngay.md,/blog/du-lich/{date}/kinh-nghiem-ghe-tham-cong-vien-thu-le-nua-ngay/,/du-lich/diem-den/,false,none,,planned:matrix-seed/C-DIEM-DEN
BLG-00652,PLANNED,Những lưu ý khi chạy xe quanh Công viên Thủ Lệ,Biết lưu ý giao thông quanh khu vực Công viên Thủ Lệ,lưu ý chạy xe gần Công viên Thủ Lệ,giao thông quanh Công viên Thủ Lệ; đường quanh Công viên Thủ Lệ đông,P-DU-LICH,C-DIEM-DEN,DU-LICH,/blog/du-lich/{date}/nhung-luu-y-khi-chay-xe-quanh-cong-vien-thu-le/,_posts/{date}-nhung-luu-y-khi-chay-xe-quanh-cong-vien-thu-le.md,/blog/du-lich/{date}/nhung-luu-y-khi-chay-xe-quanh-cong-vien-thu-le/,/du-lich/diem-den/; /ky-nang/tinh-huong-giao-thong/,false,none,,planned:matrix-seed/C-DIEM-DEN
BLG-00653,PLANNED,Đến K9 và Đường Hồ Chí Minh tại Ba Vì bằng xe máy: gửi xe và đường đi,Biết đường đi và chỗ gửi xe khi đến K9 và Đường Hồ Chí Minh tại Ba Vì,đến K9 và Đường Hồ Chí Minh tại Ba Vì bằng xe máy,gửi xe K9 và Đường Hồ Chí Minh tại Ba Vì; đường đi K9 và Đường Hồ Chí Minh tại Ba Vì,P-DU-LICH,C-DIEM-DEN,DU-LICH,/blog/du-lich/{date}/en-k9-va-uong-ho-chi-minh-tai-ba-vi-bang-xe-may-gui-xe-va-uong-i/,_posts/{date}-en-k9-va-uong-ho-chi-minh-tai-ba-vi-bang-xe-may-gui-xe-va-uong-i.md,/blog/du-lich/{date}/en-k9-va-uong-ho-chi-minh-tai-ba-vi-bang-xe-may-gui-xe-va-uong-i/,/du-lich/diem-den/,false,none,,planned:matrix-seed/C-DIEM-DEN
BLG-00654,PLANNED,Kinh nghiệm ghé thăm K9 và Đường Hồ Chí Minh tại Ba Vì nửa ngày,Lên kế hoạch nửa ngày tham quan K9 và Đường Hồ Chí Minh tại Ba Vì,kinh nghiệm đi K9 và Đường Hồ Chí Minh tại Ba Vì,tham quan K9 và Đường Hồ Chí Minh tại Ba Vì; lịch trình K9 và Đường Hồ Chí Minh tại Ba Vì,P-DU-LICH,C-DIEM-DEN,DU-LICH,/blog/du-lich/{date}/kinh-nghiem-ghe-tham-k9-va-uong-ho-chi-minh-tai-ba-vi-nua-ngay/,_posts/{date}-kinh-nghiem-ghe-tham-k9-va-uong-ho-chi-minh-tai-ba-vi-nua-ngay.md,/blog/du-lich/{date}/kinh-nghiem-ghe-tham-k9-va-uong-ho-chi-minh-tai-ba-vi-nua-ngay/,/du-lich/diem-den/,false,none,,planned:matrix-seed/C-DIEM-DEN
BLG-00655,PLANNED,Những lưu ý khi chạy xe quanh K9 và Đường Hồ Chí Minh tại Ba Vì,Biết lưu ý giao thông quanh khu vực K9 và Đường Hồ Chí Minh tại Ba Vì,lưu ý chạy xe gần K9 và Đường Hồ Chí Minh tại Ba Vì,giao thông quanh K9 và Đường Hồ Chí Minh tại Ba Vì; đường quanh K9 và Đường Hồ Chí Minh tại Ba Vì đông,P-DU-LICH,C-DIEM-DEN,DU-LICH,/blog/du-lich/{date}/nhung-luu-y-khi-chay-xe-quanh-k9-va-uong-ho-chi-minh-tai-ba-vi/,_posts/{date}-nhung-luu-y-khi-chay-xe-quanh-k9-va-uong-ho-chi-minh-tai-ba-vi.md,/blog/du-lich/{date}/nhung-luu-y-khi-chay-xe-quanh-k9-va-uong-ho-chi-minh-tai-ba-vi/,/du-lich/diem-den/; /ky-nang/tinh-huong-giao-thong/,false,none,,planned:matrix-seed/C-DIEM-DEN
BLG-00656,PLANNED,Đến Chùa Trấn Quốc bằng xe máy: gửi xe và đường đi,Biết đường đi và chỗ gửi xe khi đến Chùa Trấn Quốc,đến Chùa Trấn Quốc bằng xe máy,gửi xe Chùa Trấn Quốc; đường đi Chùa Trấn Quốc,P-DU-LICH,C-DIEM-DEN,DU-LICH,/blog/du-lich/{date}/en-chua-tran-quoc-bang-xe-may-gui-xe-va-uong-i/,_posts/{date}-en-chua-tran-quoc-bang-xe-may-gui-xe-va-uong-i.md,/blog/du-lich/{date}/en-chua-tran-quoc-bang-xe-may-gui-xe-va-uong-i/,/du-lich/diem-den/,false,none,,planned:matrix-seed/C-DIEM-DEN
BLG-00657,PLANNED,Kinh nghiệm ghé thăm Chùa Trấn Quốc nửa ngày,Lên kế hoạch nửa ngày tham quan Chùa Trấn Quốc,kinh nghiệm đi Chùa Trấn Quốc,tham quan Chùa Trấn Quốc; lịch trình Chùa Trấn Quốc,P-DU-LICH,C-DIEM-DEN,DU-LICH,/blog/du-lich/{date}/kinh-nghiem-ghe-tham-chua-tran-quoc-nua-ngay/,_posts/{date}-kinh-nghiem-ghe-tham-chua-tran-quoc-nua-ngay.md,/blog/du-lich/{date}/kinh-nghiem-ghe-tham-chua-tran-quoc-nua-ngay/,/du-lich/diem-den/,false,none,,planned:matrix-seed/C-DIEM-DEN
BLG-00658,PLANNED,Những lưu ý khi chạy xe quanh Chùa Trấn Quốc,Biết lưu ý giao thông quanh khu vực Chùa Trấn Quốc,lưu ý chạy xe gần Chùa Trấn Quốc,giao thông quanh Chùa Trấn Quốc; đường quanh Chùa Trấn Quốc đông,P-DU-LICH,C-DIEM-DEN,DU-LICH,/blog/du-lich/{date}/nhung-luu-y-khi-chay-xe-quanh-chua-tran-quoc/,_posts/{date}-nhung-luu-y-khi-chay-xe-quanh-chua-tran-quoc.md,/blog/du-lich/{date}/nhung-luu-y-khi-chay-xe-quanh-chua-tran-quoc/,/du-lich/diem-den/; /ky-nang/tinh-huong-giao-thong/,false,none,,planned:matrix-seed/C-DIEM-DEN
BLG-00659,PLANNED,Đến Làng hoa Nhật Tân bằng xe máy: gửi xe và đường đi,Biết đường đi và chỗ gửi xe khi đến Làng hoa Nhật Tân,đến Làng hoa Nhật Tân bằng xe máy,gửi xe Làng hoa Nhật Tân; đường đi Làng hoa Nhật Tân,P-DU-LICH,C-DIEM-DEN,DU-LICH,/blog/du-lich/{date}/en-lang-hoa-nhat-tan-bang-xe-may-gui-xe-va-uong-i/,_posts/{date}-en-lang-hoa-nhat-tan-bang-xe-may-gui-xe-va-uong-i.md,/blog/du-lich/{date}/en-lang-hoa-nhat-tan-bang-xe-may-gui-xe-va-uong-i/,/du-lich/diem-den/,false,none,,planned:matrix-seed/C-DIEM-DEN
BLG-00660,PLANNED,Kinh nghiệm ghé thăm Làng hoa Nhật Tân nửa ngày,Lên kế hoạch nửa ngày tham quan Làng hoa Nhật Tân,kinh nghiệm đi Làng hoa Nhật Tân,tham quan Làng hoa Nhật Tân; lịch trình Làng hoa Nhật Tân,P-DU-LICH,C-DIEM-DEN,DU-LICH,/blog/du-lich/{date}/kinh-nghiem-ghe-tham-lang-hoa-nhat-tan-nua-ngay/,_posts/{date}-kinh-nghiem-ghe-tham-lang-hoa-nhat-tan-nua-ngay.md,/blog/du-lich/{date}/kinh-nghiem-ghe-tham-lang-hoa-nhat-tan-nua-ngay/,/du-lich/diem-den/,false,none,,planned:matrix-seed/C-DIEM-DEN
BLG-00661,PLANNED,Những lưu ý khi chạy xe quanh Làng hoa Nhật Tân,Biết lưu ý giao thông quanh khu vực Làng hoa Nhật Tân,lưu ý chạy xe gần Làng hoa Nhật Tân,giao thông quanh Làng hoa Nhật Tân; đường quanh Làng hoa Nhật Tân đông,P-DU-LICH,C-DIEM-DEN,DU-LICH,/blog/du-lich/{date}/nhung-luu-y-khi-chay-xe-quanh-lang-hoa-nhat-tan/,_posts/{date}-nhung-luu-y-khi-chay-xe-quanh-lang-hoa-nhat-tan.md,/blog/du-lich/{date}/nhung-luu-y-khi-chay-xe-quanh-lang-hoa-nhat-tan/,/du-lich/diem-den/; /ky-nang/tinh-huong-giao-thong/,false,none,,planned:matrix-seed/C-DIEM-DEN
BLG-00662,PLANNED,Đến Khu Hồ Gươm và Tháp Rùa bằng xe máy: gửi xe và đường đi,Biết đường đi và chỗ gửi xe khi đến Khu Hồ Gươm và Tháp Rùa,đến Khu Hồ Gươm và Tháp Rùa bằng xe máy,gửi xe Khu Hồ Gươm và Tháp Rùa; đường đi Khu Hồ Gươm và Tháp Rùa,P-DU-LICH,C-DIEM-DEN,DU-LICH,/blog/du-lich/{date}/en-khu-ho-guom-va-thap-rua-bang-xe-may-gui-xe-va-uong-i/,_posts/{date}-en-khu-ho-guom-va-thap-rua-bang-xe-may-gui-xe-va-uong-i.md,/blog/du-lich/{date}/en-khu-ho-guom-va-thap-rua-bang-xe-may-gui-xe-va-uong-i/,/du-lich/diem-den/,false,none,,planned:matrix-seed/C-DIEM-DEN
BLG-00663,PLANNED,Kinh nghiệm ghé thăm Khu Hồ Gươm và Tháp Rùa nửa ngày,Lên kế hoạch nửa ngày tham quan Khu Hồ Gươm và Tháp Rùa,kinh nghiệm đi Khu Hồ Gươm và Tháp Rùa,tham quan Khu Hồ Gươm và Tháp Rùa; lịch trình Khu Hồ Gươm và Tháp Rùa,P-DU-LICH,C-DIEM-DEN,DU-LICH,/blog/du-lich/{date}/kinh-nghiem-ghe-tham-khu-ho-guom-va-thap-rua-nua-ngay/,_posts/{date}-kinh-nghiem-ghe-tham-khu-ho-guom-va-thap-rua-nua-ngay.md,/blog/du-lich/{date}/kinh-nghiem-ghe-tham-khu-ho-guom-va-thap-rua-nua-ngay/,/du-lich/diem-den/,false,none,,planned:matrix-seed/C-DIEM-DEN
BLG-00664,PLANNED,Những lưu ý khi chạy xe quanh Khu Hồ Gươm và Tháp Rùa,Biết lưu ý giao thông quanh khu vực Khu Hồ Gươm và Tháp Rùa,lưu ý chạy xe gần Khu Hồ Gươm và Tháp Rùa,giao thông quanh Khu Hồ Gươm và Tháp Rùa; đường quanh Khu Hồ Gươm và Tháp Rùa đông,P-DU-LICH,C-DIEM-DEN,DU-LICH,/blog/du-lich/{date}/nhung-luu-y-khi-chay-xe-quanh-khu-ho-guom-va-thap-rua/,_posts/{date}-nhung-luu-y-khi-chay-xe-quanh-khu-ho-guom-va-thap-rua.md,/blog/du-lich/{date}/nhung-luu-y-khi-chay-xe-quanh-khu-ho-guom-va-thap-rua/,/du-lich/diem-den/; /ky-nang/tinh-huong-giao-thong/,false,none,,planned:matrix-seed/C-DIEM-DEN
BLG-00665,PLANNED,Đến Vườn hoa Hùng Vương bằng xe máy: gửi xe và đường đi,Biết đường đi và chỗ gửi xe khi đến Vườn hoa Hùng Vương,đến Vườn hoa Hùng Vương bằng xe máy,gửi xe Vườn hoa Hùng Vương; đường đi Vườn hoa Hùng Vương,P-DU-LICH,C-DIEM-DEN,DU-LICH,/blog/du-lich/{date}/en-vuon-hoa-hung-vuong-bang-xe-may-gui-xe-va-uong-i/,_posts/{date}-en-vuon-hoa-hung-vuong-bang-xe-may-gui-xe-va-uong-i.md,/blog/du-lich/{date}/en-vuon-hoa-hung-vuong-bang-xe-may-gui-xe-va-uong-i/,/du-lich/diem-den/,false,none,,planned:matrix-seed/C-DIEM-DEN
BLG-00666,PLANNED,Kinh nghiệm ghé thăm Vườn hoa Hùng Vương nửa ngày,Lên kế hoạch nửa ngày tham quan Vườn hoa Hùng Vương,kinh nghiệm đi Vườn hoa Hùng Vương,tham quan Vườn hoa Hùng Vương; lịch trình Vườn hoa Hùng Vương,P-DU-LICH,C-DIEM-DEN,DU-LICH,/blog/du-lich/{date}/kinh-nghiem-ghe-tham-vuon-hoa-hung-vuong-nua-ngay/,_posts/{date}-kinh-nghiem-ghe-tham-vuon-hoa-hung-vuong-nua-ngay.md,/blog/du-lich/{date}/kinh-nghiem-ghe-tham-vuon-hoa-hung-vuong-nua-ngay/,/du-lich/diem-den/,false,none,,planned:matrix-seed/C-DIEM-DEN
BLG-00667,PLANNED,Những lưu ý khi chạy xe quanh Vườn hoa Hùng Vương,Biết lưu ý giao thông quanh khu vực Vườn hoa Hùng Vương,lưu ý chạy xe gần Vườn hoa Hùng Vương,giao thông quanh Vườn hoa Hùng Vương; đường quanh Vườn hoa Hùng Vương đông,P-DU-LICH,C-DIEM-DEN,DU-LICH,/blog/du-lich/{date}/nhung-luu-y-khi-chay-xe-quanh-vuon-hoa-hung-vuong/,_posts/{date}-nhung-luu-y-khi-chay-xe-quanh-vuon-hoa-hung-vuong.md,/blog/du-lich/{date}/nhung-luu-y-khi-chay-xe-quanh-vuon-hoa-hung-vuong/,/du-lich/diem-den/; /ky-nang/tinh-huong-giao-thong/,false,none,,planned:matrix-seed/C-DIEM-DEN
BLG-00668,PLANNED,Đến Bãi sông Hồng trong nội đô bằng xe máy: gửi xe và đường đi,Biết đường đi và chỗ gửi xe khi đến Bãi sông Hồng trong nội đô,đến Bãi sông Hồng trong nội đô bằng xe máy,gửi xe Bãi sông Hồng trong nội đô; đường đi Bãi sông Hồng trong nội đô,P-DU-LICH,C-DIEM-DEN,DU-LICH,/blog/du-lich/{date}/en-bai-song-hong-trong-noi-o-bang-xe-may-gui-xe-va-uong-i/,_posts/{date}-en-bai-song-hong-trong-noi-o-bang-xe-may-gui-xe-va-uong-i.md,/blog/du-lich/{date}/en-bai-song-hong-trong-noi-o-bang-xe-may-gui-xe-va-uong-i/,/du-lich/diem-den/,false,none,,planned:matrix-seed/C-DIEM-DEN
BLG-00669,PLANNED,Kinh nghiệm ghé thăm Bãi sông Hồng trong nội đô nửa ngày,Lên kế hoạch nửa ngày tham quan Bãi sông Hồng trong nội đô,kinh nghiệm đi Bãi sông Hồng trong nội đô,tham quan Bãi sông Hồng trong nội đô; lịch trình Bãi sông Hồng trong nội đô,P-DU-LICH,C-DIEM-DEN,DU-LICH,/blog/du-lich/{date}/kinh-nghiem-ghe-tham-bai-song-hong-trong-noi-o-nua-ngay/,_posts/{date}-kinh-nghiem-ghe-tham-bai-song-hong-trong-noi-o-nua-ngay.md,/blog/du-lich/{date}/kinh-nghiem-ghe-tham-bai-song-hong-trong-noi-o-nua-ngay/,/du-lich/diem-den/,false,none,,planned:matrix-seed/C-DIEM-DEN
BLG-00670,PLANNED,Những lưu ý khi chạy xe quanh Bãi sông Hồng trong nội đô,Biết lưu ý giao thông quanh khu vực Bãi sông Hồng trong nội đô,lưu ý chạy xe gần Bãi sông Hồng trong nội đô,giao thông quanh Bãi sông Hồng trong nội đô; đường quanh Bãi sông Hồng trong nội đô đông,P-DU-LICH,C-DIEM-DEN,DU-LICH,/blog/du-lich/{date}/nhung-luu-y-khi-chay-xe-quanh-bai-song-hong-trong-noi-o/,_posts/{date}-nhung-luu-y-khi-chay-xe-quanh-bai-song-hong-trong-noi-o.md,/blog/du-lich/{date}/nhung-luu-y-khi-chay-xe-quanh-bai-song-hong-trong-noi-o/,/du-lich/diem-den/; /ky-nang/tinh-huong-giao-thong/,false,none,,planned:matrix-seed/C-DIEM-DEN
BLG-00671,PLANNED,Đến Vườn Quốc gia Ba Vì bằng xe máy: gửi xe và đường đi,Biết đường đi và chỗ gửi xe khi đến Vườn Quốc gia Ba Vì,đến Vườn Quốc gia Ba Vì bằng xe máy,gửi xe Vườn Quốc gia Ba Vì; đường đi Vườn Quốc gia Ba Vì,P-DU-LICH,C-DIEM-DEN,DU-LICH,/blog/du-lich/{date}/en-vuon-quoc-gia-ba-vi-bang-xe-may-gui-xe-va-uong-i/,_posts/{date}-en-vuon-quoc-gia-ba-vi-bang-xe-may-gui-xe-va-uong-i.md,/blog/du-lich/{date}/en-vuon-quoc-gia-ba-vi-bang-xe-may-gui-xe-va-uong-i/,/du-lich/diem-den/,false,none,,planned:matrix-seed/C-DIEM-DEN
BLG-00672,PLANNED,Kinh nghiệm ghé thăm Vườn Quốc gia Ba Vì nửa ngày,Lên kế hoạch nửa ngày tham quan Vườn Quốc gia Ba Vì,kinh nghiệm đi Vườn Quốc gia Ba Vì,tham quan Vườn Quốc gia Ba Vì; lịch trình Vườn Quốc gia Ba Vì,P-DU-LICH,C-DIEM-DEN,DU-LICH,/blog/du-lich/{date}/kinh-nghiem-ghe-tham-vuon-quoc-gia-ba-vi-nua-ngay/,_posts/{date}-kinh-nghiem-ghe-tham-vuon-quoc-gia-ba-vi-nua-ngay.md,/blog/du-lich/{date}/kinh-nghiem-ghe-tham-vuon-quoc-gia-ba-vi-nua-ngay/,/du-lich/diem-den/,false,none,,planned:matrix-seed/C-DIEM-DEN
BLG-00673,PLANNED,Những lưu ý khi chạy xe quanh Vườn Quốc gia Ba Vì,Biết lưu ý giao thông quanh khu vực Vườn Quốc gia Ba Vì,lưu ý chạy xe gần Vườn Quốc gia Ba Vì,giao thông quanh Vườn Quốc gia Ba Vì; đường quanh Vườn Quốc gia Ba Vì đông,P-DU-LICH,C-DIEM-DEN,DU-LICH,/blog/du-lich/{date}/nhung-luu-y-khi-chay-xe-quanh-vuon-quoc-gia-ba-vi/,_posts/{date}-nhung-luu-y-khi-chay-xe-quanh-vuon-quoc-gia-ba-vi.md,/blog/du-lich/{date}/nhung-luu-y-khi-chay-xe-quanh-vuon-quoc-gia-ba-vi/,/du-lich/diem-den/; /ky-nang/tinh-huong-giao-thong/,false,none,,planned:matrix-seed/C-DIEM-DEN
BLG-00674,PLANNED,Ghé Bảo tàng Lịch sử Quốc gia bằng xe máy: gửi xe và giờ mở cửa,Biết cách đến Bảo tàng Lịch sử Quốc gia bằng xe máy và gửi xe,đến Bảo tàng Lịch sử Quốc gia,gửi xe Bảo tàng Lịch sử Quốc gia; giờ mở cửa Bảo tàng Lịch sử Quốc gia,P-DU-LICH,C-BAO-TANG,DU-LICH,/blog/du-lich/{date}/ghe-bao-tang-lich-su-quoc-gia-bang-xe-may-gui-xe-va-gio-mo-cua/,_posts/{date}-ghe-bao-tang-lich-su-quoc-gia-bang-xe-may-gui-xe-va-gio-mo-cua.md,/blog/du-lich/{date}/ghe-bao-tang-lich-su-quoc-gia-bang-xe-may-gui-xe-va-gio-mo-cua/,/du-lich/,false,none,,planned:matrix-seed/C-BAO-TANG
BLG-00675,PLANNED,Trải nghiệm Bảo tàng Lịch sử Quốc gia: nên đi cùng ai và lúc nào,Biết cách trải nghiệm Bảo tàng Lịch sử Quốc gia hợp lý,trải nghiệm Bảo tàng Lịch sử Quốc gia,tham quan Bảo tàng Lịch sử Quốc gia lúc nào; vé Bảo tàng Lịch sử Quốc gia,P-DU-LICH,C-BAO-TANG,DU-LICH,/blog/du-lich/{date}/trai-nghiem-bao-tang-lich-su-quoc-gia-nen-i-cung-ai-va-luc-nao/,_posts/{date}-trai-nghiem-bao-tang-lich-su-quoc-gia-nen-i-cung-ai-va-luc-nao.md,/blog/du-lich/{date}/trai-nghiem-bao-tang-lich-su-quoc-gia-nen-i-cung-ai-va-luc-nao/,/du-lich/,false,none,,planned:matrix-seed/C-BAO-TANG
BLG-00676,PLANNED,Ghé Bảo tàng Phụ nữ Việt Nam bằng xe máy: gửi xe và giờ mở cửa,Biết cách đến Bảo tàng Phụ nữ Việt Nam bằng xe máy và gửi xe,đến Bảo tàng Phụ nữ Việt Nam,gửi xe Bảo tàng Phụ nữ Việt Nam; giờ mở cửa Bảo tàng Phụ nữ Việt Nam,P-DU-LICH,C-BAO-TANG,DU-LICH,/blog/du-lich/{date}/ghe-bao-tang-phu-nu-viet-nam-bang-xe-may-gui-xe-va-gio-mo-cua/,_posts/{date}-ghe-bao-tang-phu-nu-viet-nam-bang-xe-may-gui-xe-va-gio-mo-cua.md,/blog/du-lich/{date}/ghe-bao-tang-phu-nu-viet-nam-bang-xe-may-gui-xe-va-gio-mo-cua/,/du-lich/,false,none,,planned:matrix-seed/C-BAO-TANG
BLG-00677,PLANNED,Trải nghiệm Bảo tàng Phụ nữ Việt Nam: nên đi cùng ai và lúc nào,Biết cách trải nghiệm Bảo tàng Phụ nữ Việt Nam hợp lý,trải nghiệm Bảo tàng Phụ nữ Việt Nam,tham quan Bảo tàng Phụ nữ Việt Nam lúc nào; vé Bảo tàng Phụ nữ Việt Nam,P-DU-LICH,C-BAO-TANG,DU-LICH,/blog/du-lich/{date}/trai-nghiem-bao-tang-phu-nu-viet-nam-nen-i-cung-ai-va-luc-nao/,_posts/{date}-trai-nghiem-bao-tang-phu-nu-viet-nam-nen-i-cung-ai-va-luc-nao.md,/blog/du-lich/{date}/trai-nghiem-bao-tang-phu-nu-viet-nam-nen-i-cung-ai-va-luc-nao/,/du-lich/,false,none,,planned:matrix-seed/C-BAO-TANG
BLG-00678,PLANNED,Ghé Bảo tàng Mỹ thuật Việt Nam bằng xe máy: gửi xe và giờ mở cửa,Biết cách đến Bảo tàng Mỹ thuật Việt Nam bằng xe máy và gửi xe,đến Bảo tàng Mỹ thuật Việt Nam,gửi xe Bảo tàng Mỹ thuật Việt Nam; giờ mở cửa Bảo tàng Mỹ thuật Việt Nam,P-DU-LICH,C-BAO-TANG,DU-LICH,/blog/du-lich/{date}/ghe-bao-tang-my-thuat-viet-nam-bang-xe-may-gui-xe-va-gio-mo-cua/,_posts/{date}-ghe-bao-tang-my-thuat-viet-nam-bang-xe-may-gui-xe-va-gio-mo-cua.md,/blog/du-lich/{date}/ghe-bao-tang-my-thuat-viet-nam-bang-xe-may-gui-xe-va-gio-mo-cua/,/du-lich/,false,none,,planned:matrix-seed/C-BAO-TANG
BLG-00679,PLANNED,Trải nghiệm Bảo tàng Mỹ thuật Việt Nam: nên đi cùng ai và lúc nào,Biết cách trải nghiệm Bảo tàng Mỹ thuật Việt Nam hợp lý,trải nghiệm Bảo tàng Mỹ thuật Việt Nam,tham quan Bảo tàng Mỹ thuật Việt Nam lúc nào; vé Bảo tàng Mỹ thuật Việt Nam,P-DU-LICH,C-BAO-TANG,DU-LICH,/blog/du-lich/{date}/trai-nghiem-bao-tang-my-thuat-viet-nam-nen-i-cung-ai-va-luc-nao/,_posts/{date}-trai-nghiem-bao-tang-my-thuat-viet-nam-nen-i-cung-ai-va-luc-nao.md,/blog/du-lich/{date}/trai-nghiem-bao-tang-my-thuat-viet-nam-nen-i-cung-ai-va-luc-nao/,/du-lich/,false,none,,planned:matrix-seed/C-BAO-TANG
BLG-00680,PLANNED,Ghé Bảo tàng Không khí - Không gian Sao bằng xe máy: gửi xe và giờ mở cửa,Biết cách đến Bảo tàng Không khí - Không gian Sao bằng xe máy và gửi xe,đến Bảo tàng Không khí - Không gian Sao,gửi xe Bảo tàng Không khí - Không gian Sao; giờ mở cửa Bảo tàng Không khí - Không gian Sao,P-DU-LICH,C-BAO-TANG,DU-LICH,/blog/du-lich/{date}/ghe-bao-tang-khong-khi-khong-gian-sao-bang-xe-may-gui-xe-va-gio-mo-cua/,_posts/{date}-ghe-bao-tang-khong-khi-khong-gian-sao-bang-xe-may-gui-xe-va-gio-mo-cua.md,/blog/du-lich/{date}/ghe-bao-tang-khong-khi-khong-gian-sao-bang-xe-may-gui-xe-va-gio-mo-cua/,/du-lich/,false,none,,planned:matrix-seed/C-BAO-TANG
BLG-00681,PLANNED,Trải nghiệm Bảo tàng Không khí - Không gian Sao: nên đi cùng ai và lúc nào,Biết cách trải nghiệm Bảo tàng Không khí - Không gian Sao hợp lý,trải nghiệm Bảo tàng Không khí - Không gian Sao,tham quan Bảo tàng Không khí - Không gian Sao lúc nào; vé Bảo tàng Không khí - Không gian Sao,P-DU-LICH,C-BAO-TANG,DU-LICH,/blog/du-lich/{date}/trai-nghiem-bao-tang-khong-khi-khong-gian-sao-nen-i-cung-ai-va-luc-nao/,_posts/{date}-trai-nghiem-bao-tang-khong-khi-khong-gian-sao-nen-i-cung-ai-va-luc-nao.md,/blog/du-lich/{date}/trai-nghiem-bao-tang-khong-khi-khong-gian-sao-nen-i-cung-ai-va-luc-nao/,/du-lich/,false,none,,planned:matrix-seed/C-BAO-TANG
BLG-00682,PLANNED,Ghé Bảo tàng Quân y bằng xe máy: gửi xe và giờ mở cửa,Biết cách đến Bảo tàng Quân y bằng xe máy và gửi xe,đến Bảo tàng Quân y,gửi xe Bảo tàng Quân y; giờ mở cửa Bảo tàng Quân y,P-DU-LICH,C-BAO-TANG,DU-LICH,/blog/du-lich/{date}/ghe-bao-tang-quan-y-bang-xe-may-gui-xe-va-gio-mo-cua/,_posts/{date}-ghe-bao-tang-quan-y-bang-xe-may-gui-xe-va-gio-mo-cua.md,/blog/du-lich/{date}/ghe-bao-tang-quan-y-bang-xe-may-gui-xe-va-gio-mo-cua/,/du-lich/,false,none,,planned:matrix-seed/C-BAO-TANG
BLG-00683,PLANNED,Trải nghiệm Bảo tàng Quân y: nên đi cùng ai và lúc nào,Biết cách trải nghiệm Bảo tàng Quân y hợp lý,trải nghiệm Bảo tàng Quân y,tham quan Bảo tàng Quân y lúc nào; vé Bảo tàng Quân y,P-DU-LICH,C-BAO-TANG,DU-LICH,/blog/du-lich/{date}/trai-nghiem-bao-tang-quan-y-nen-i-cung-ai-va-luc-nao/,_posts/{date}-trai-nghiem-bao-tang-quan-y-nen-i-cung-ai-va-luc-nao.md,/blog/du-lich/{date}/trai-nghiem-bao-tang-quan-y-nen-i-cung-ai-va-luc-nao/,/du-lich/,false,none,,planned:matrix-seed/C-BAO-TANG
BLG-00684,PLANNED,Ghé Bảo tàng Hà Nội bằng xe máy: gửi xe và giờ mở cửa,Biết cách đến Bảo tàng Hà Nội bằng xe máy và gửi xe,đến Bảo tàng Hà Nội,gửi xe Bảo tàng Hà Nội; giờ mở cửa Bảo tàng Hà Nội,P-DU-LICH,C-BAO-TANG,DU-LICH,/blog/du-lich/{date}/ghe-bao-tang-ha-noi-bang-xe-may-gui-xe-va-gio-mo-cua/,_posts/{date}-ghe-bao-tang-ha-noi-bang-xe-may-gui-xe-va-gio-mo-cua.md,/blog/du-lich/{date}/ghe-bao-tang-ha-noi-bang-xe-may-gui-xe-va-gio-mo-cua/,/du-lich/,false,none,,planned:matrix-seed/C-BAO-TANG
BLG-00685,PLANNED,Trải nghiệm Bảo tàng Hà Nội: nên đi cùng ai và lúc nào,Biết cách trải nghiệm Bảo tàng Hà Nội hợp lý,trải nghiệm Bảo tàng Hà Nội,tham quan Bảo tàng Hà Nội lúc nào; vé Bảo tàng Hà Nội,P-DU-LICH,C-BAO-TANG,DU-LICH,/blog/du-lich/{date}/trai-nghiem-bao-tang-ha-noi-nen-i-cung-ai-va-luc-nao/,_posts/{date}-trai-nghiem-bao-tang-ha-noi-nen-i-cung-ai-va-luc-nao.md,/blog/du-lich/{date}/trai-nghiem-bao-tang-ha-noi-nen-i-cung-ai-va-luc-nao/,/du-lich/,false,none,,planned:matrix-seed/C-BAO-TANG
BLG-00686,PLANNED,Ghé Bảo tàng Con rối Việt Nam bằng xe máy: gửi xe và giờ mở cửa,Biết cách đến Bảo tàng Con rối Việt Nam bằng xe máy và gửi xe,đến Bảo tàng Con rối Việt Nam,gửi xe Bảo tàng Con rối Việt Nam; giờ mở cửa Bảo tàng Con rối Việt Nam,P-DU-LICH,C-BAO-TANG,DU-LICH,/blog/du-lich/{date}/ghe-bao-tang-con-roi-viet-nam-bang-xe-may-gui-xe-va-gio-mo-cua/,_posts/{date}-ghe-bao-tang-con-roi-viet-nam-bang-xe-may-gui-xe-va-gio-mo-cua.md,/blog/du-lich/{date}/ghe-bao-tang-con-roi-viet-nam-bang-xe-may-gui-xe-va-gio-mo-cua/,/du-lich/,false,none,,planned:matrix-seed/C-BAO-TANG
BLG-00687,PLANNED,Trải nghiệm Bảo tàng Con rối Việt Nam: nên đi cùng ai và lúc nào,Biết cách trải nghiệm Bảo tàng Con rối Việt Nam hợp lý,trải nghiệm Bảo tàng Con rối Việt Nam,tham quan Bảo tàng Con rối Việt Nam lúc nào; vé Bảo tàng Con rối Việt Nam,P-DU-LICH,C-BAO-TANG,DU-LICH,/blog/du-lich/{date}/trai-nghiem-bao-tang-con-roi-viet-nam-nen-i-cung-ai-va-luc-nao/,_posts/{date}-trai-nghiem-bao-tang-con-roi-viet-nam-nen-i-cung-ai-va-luc-nao.md,/blog/du-lich/{date}/trai-nghiem-bao-tang-con-roi-viet-nam-nen-i-cung-ai-va-luc-nao/,/du-lich/,false,none,,planned:matrix-seed/C-BAO-TANG
BLG-00688,PLANNED,Ghé Bảo tàng Đường sắt Việt Nam bằng xe máy: gửi xe và giờ mở cửa,Biết cách đến Bảo tàng Đường sắt Việt Nam bằng xe máy và gửi xe,đến Bảo tàng Đường sắt Việt Nam,gửi xe Bảo tàng Đường sắt Việt Nam; giờ mở cửa Bảo tàng Đường sắt Việt Nam,P-DU-LICH,C-BAO-TANG,DU-LICH,/blog/du-lich/{date}/ghe-bao-tang-uong-sat-viet-nam-bang-xe-may-gui-xe-va-gio-mo-cua/,_posts/{date}-ghe-bao-tang-uong-sat-viet-nam-bang-xe-may-gui-xe-va-gio-mo-cua.md,/blog/du-lich/{date}/ghe-bao-tang-uong-sat-viet-nam-bang-xe-may-gui-xe-va-gio-mo-cua/,/du-lich/,false,none,,planned:matrix-seed/C-BAO-TANG
BLG-00689,PLANNED,Trải nghiệm Bảo tàng Đường sắt Việt Nam: nên đi cùng ai và lúc nào,Biết cách trải nghiệm Bảo tàng Đường sắt Việt Nam hợp lý,trải nghiệm Bảo tàng Đường sắt Việt Nam,tham quan Bảo tàng Đường sắt Việt Nam lúc nào; vé Bảo tàng Đường sắt Việt Nam,P-DU-LICH,C-BAO-TANG,DU-LICH,/blog/du-lich/{date}/trai-nghiem-bao-tang-uong-sat-viet-nam-nen-i-cung-ai-va-luc-nao/,_posts/{date}-trai-nghiem-bao-tang-uong-sat-viet-nam-nen-i-cung-ai-va-luc-nao.md,/blog/du-lich/{date}/trai-nghiem-bao-tang-uong-sat-viet-nam-nen-i-cung-ai-va-luc-nao/,/du-lich/,false,none,,planned:matrix-seed/C-BAO-TANG
BLG-00690,PLANNED,Chạy xe máy trong phố cổ: giờ nào nên tránh,Biết khung giờ phố cổ đông để tránh,chạy xe trong phố cổ,giờ đông phố cổ; xe máy phố cổ,P-DU-LICH,C-PHO-CO,DU-LICH,/blog/du-lich/{date}/chay-xe-may-trong-pho-co-gio-nao-nen-tranh/,_posts/{date}-chay-xe-may-trong-pho-co-gio-nao-nen-tranh.md,/blog/du-lich/{date}/chay-xe-may-trong-pho-co-gio-nao-nen-tranh/,/du-lich/pho-co/,false,none,,planned:matrix-seed/C-PHO-CO
BLG-00691,PLANNED,Gửi xe quanh Hồ Gươm giá và vị trí,Biết vị trí gửi xe quanh Hồ Gươm,gửi xe hồ gươm,bãi gửi xe quanh hồ gươm; gửi xe phố cổ,P-DU-LICH,C-PHO-CO,DU-LICH,/blog/du-lich/{date}/gui-xe-quanh-ho-guom-gia-va-vi-tri/,_posts/{date}-gui-xe-quanh-ho-guom-gia-va-vi-tri.md,/blog/du-lich/{date}/gui-xe-quanh-ho-guom-gia-va-vi-tri/,/ky-nang/gui-xe-va-giu-xe/; /du-lich/pho-co/,false,none,,planned:matrix-seed/C-PHO-CO
BLG-00692,PLANNED,Phố đi bộ cuối tuần và xe máy để đâu,Biết để xe khi phố đi bộ hoạt động,phố đi bộ hồ gươm xe máy,đường_BOOK hoạch phố đi bộ; xe máy phố đi bộ,P-DU-LICH,C-PHO-CO,DU-LICH,/blog/du-lich/{date}/pho-i-bo-cuoi-tuan-va-xe-may-e-au/,_posts/{date}-pho-i-bo-cuoi-tuan-va-xe-may-e-au.md,/blog/du-lich/{date}/pho-i-bo-cuoi-tuan-va-xe-may-e-au/,/du-lich/pho-co/,false,none,,planned:matrix-seed/C-PHO-CO
BLG-00693,PLANNED,Đường 36 phố phường chạy xe kiểu gì,Hiểu cách di chuyển trong ngõ phố cổ,36 phố phường đi xe máy,ngõ phố cổ; đường phố cổ nhỏ,P-DU-LICH,C-PHO-CO,DU-LICH,/blog/du-lich/{date}/uong-36-pho-phuong-chay-xe-kieu-gi/,_posts/{date}-uong-36-pho-phuong-chay-xe-kieu-gi.md,/blog/du-lich/{date}/uong-36-pho-phuong-chay-xe-kieu-gi/,/du-lich/pho-co/,false,none,,planned:matrix-seed/C-PHO-CO
BLG-00694,PLANNED,Ăn uống quanh phố cổ để xe ở đâu,Biết chỗ để xe khi ăn uống phố cổ,để xe ăn uống phố cổ,gửi xe khi ăn phố cổ,P-DU-LICH,C-PHO-CO,DU-LICH,/blog/du-lich/{date}/an-uong-quanh-pho-co-e-xe-o-au/,_posts/{date}-an-uong-quanh-pho-co-e-xe-o-au.md,/blog/du-lich/{date}/an-uong-quanh-pho-co-e-xe-o-au/,/du-lich/pho-co/; /ky-nang/gui-xe-va-giu-xe/,false,none,,planned:matrix-seed/C-PHO-CO
BLG-00695,PLANNED,Chụp ảnh phố cổ với xe máy đẹp ở đâu,Biết góc chụp ảnh phố cổ,chụp ảnh phố cổ hà nội,góc chụp hồ gươm,P-DU-LICH,C-PHO-CO,DU-LICH,/blog/du-lich/{date}/chup-anh-pho-co-voi-xe-may-ep-o-au/,_posts/{date}-chup-anh-pho-co-voi-xe-may-ep-o-au.md,/blog/du-lich/{date}/chup-anh-pho-co-voi-xe-may-ep-o-au/,/du-lich/pho-co/,false,none,,planned:matrix-seed/C-PHO-CO
BLG-00696,PLANNED,Chạy vòng Hồ Tây cung đường và điểm dừng,Biết cung đường chạy quanh Hồ Tây,chạy vòng hồ tây,cung đường hồ tây; đi quanh hồ tây,P-DU-LICH,C-HO-TAY,DU-LICH,/blog/du-lich/{date}/chay-vong-ho-tay-cung-uong-va-iem-dung/,_posts/{date}-chay-vong-ho-tay-cung-uong-va-iem-dung.md,/blog/du-lich/{date}/chay-vong-ho-tay-cung-uong-va-iem-dung/,/du-lich/ho-tay/,false,none,,planned:matrix-seed/C-HO-TAY
BLG-00697,PLANNED,Gửi xe khi đi dạo bờ Hồ Tây,Biết chỗ gửi xe quanh Hồ Tây,gửi xe hồ tây,bãi xe hồ tây,P-DU-LICH,C-HO-TAY,DU-LICH,/blog/du-lich/{date}/gui-xe-khi-i-dao-bo-ho-tay/,_posts/{date}-gui-xe-khi-i-dao-bo-ho-tay.md,/blog/du-lich/{date}/gui-xe-khi-i-dao-bo-ho-tay/,/du-lich/ho-tay/; /ky-nang/gui-xe-va-giu-xe/,false,none,,planned:matrix-seed/C-HO-TAY
BLG-00698,PLANNED,Quán nghề và điểm dừng chân quanh Hồ Tây chạy xe ghé,Biết điểm dừng quanh Hồ Tây,điểm dừng quanh hồ tây,quán quanh hồ tây,P-DU-LICH,C-HO-TAY,DU-LICH,/blog/du-lich/{date}/quan-nghe-va-iem-dung-chan-quanh-ho-tay-chay-xe-ghe/,_posts/{date}-quan-nghe-va-iem-dung-chan-quanh-ho-tay-chay-xe-ghe.md,/blog/du-lich/{date}/quan-nghe-va-iem-dung-chan-quanh-ho-tay-chay-xe-ghe/,/du-lich/ho-tay/,false,none,,planned:matrix-seed/C-HO-TAY
BLG-00699,PLANNED,Đường Nguyễn Hoàng và khu Tribeca chạy xe buổi tối,Hiểu khu Hồ Tây buổi tối với xe máy,hồ tây buổi tối,chạy xe đêm hồ tây,P-DU-LICH,C-HO-TAY,DU-LICH,/blog/du-lich/{date}/uong-nguyen-hoang-va-khu-tribeca-chay-xe-buoi-toi/,_posts/{date}-uong-nguyen-hoang-va-khu-tribeca-chay-xe-buoi-toi.md,/blog/du-lich/{date}/uong-nguyen-hoang-va-khu-tribeca-chay-xe-buoi-toi/,/du-lich/ho-tay/,false,none,,planned:matrix-seed/C-HO-TAY
BLG-00700,PLANNED,Từ Hồ Tây vào phố cổ mất bao lâu bằng xe máy,Biết thời gian di chuyển Hồ Tây vào phố cổ,từ hồ tây vào phố cổ,đường từ hồ tây vào trung tâm,P-DU-LICH,C-HO-TAY,DU-LICH,/blog/du-lich/{date}/tu-ho-tay-vao-pho-co-mat-bao-lau-bang-xe-may/,_posts/{date}-tu-ho-tay-vao-pho-co-mat-bao-lau-bang-xe-may.md,/blog/du-lich/{date}/tu-ho-tay-vao-pho-co-mat-bao-lau-bang-xe-may/,/du-lich/ho-tay/; /du-lich/pho-co/,false,none,,planned:matrix-seed/C-HO-TAY
BLG-00701,PLANNED,Long Biên chạy xe máy: những cung đường đáng thử,Biết cung đường Long Biên đáng chạy,chạy xe long biên,cung đường long biên; long biên đi đâu,P-DU-LICH,C-LONG-BIEN,DU-LICH,/blog/du-lich/{date}/long-bien-chay-xe-may-nhung-cung-uong-ang-thu/,_posts/{date}-long-bien-chay-xe-may-nhung-cung-uong-ang-thu.md,/blog/du-lich/{date}/long-bien-chay-xe-may-nhung-cung-uong-ang-thu/,/du-lich/long-bien/,false,none,,planned:matrix-seed/C-LONG-BIEN
BLG-00702,PLANNED,Chợ đêm Long Biên và chỗ để xe,Biết chợ đêm Long Biên và để xe,chợ đêm long biên,để xe chợ long biên,P-DU-LICH,C-LONG-BIEN,DU-LICH,/blog/du-lich/{date}/cho-em-long-bien-va-cho-e-xe/,_posts/{date}-cho-em-long-bien-va-cho-e-xe.md,/blog/du-lich/{date}/cho-em-long-bien-va-cho-e-xe/,/du-lich/long-bien/; /ky-nang/gui-xe-va-giu-xe/,false,none,,planned:matrix-seed/C-LONG-BIEN
BLG-00703,PLANNED,Từ Long Biên chạy ra khu ven sông Hồng,Biết đường ven sông từ Long Biên,ven sông hồng long biên,đường đê long biên,P-DU-LICH,C-LONG-BIEN,DU-LICH,/blog/du-lich/{date}/tu-long-bien-chay-ra-khu-ven-song-hong/,_posts/{date}-tu-long-bien-chay-ra-khu-ven-song-hong.md,/blog/du-lich/{date}/tu-long-bien-chay-ra-khu-ven-song-hong/,/du-lich/long-bien/,false,none,,planned:matrix-seed/C-LONG-BIEN
BLG-00704,PLANNED,Gia Lâm và các làng nghề gần đó chạy xe nửa ngày,Biết các làng nghề Gia Lâm đi nửa ngày,làng nghề gia lâm,bát tràng gia lâm; cuộc đi nửa ngày gia lâm,P-DU-LICH,C-LONG-BIEN,DU-LICH,/blog/du-lich/{date}/gia-lam-va-cac-lang-nghe-gan-o-chay-xe-nua-ngay/,_posts/{date}-gia-lam-va-cac-lang-nghe-gan-o-chay-xe-nua-ngay.md,/blog/du-lich/{date}/gia-lam-va-cac-lang-nghe-gan-o-chay-xe-nua-ngay/,/du-lich/long-bien/,false,none,,planned:matrix-seed/C-LONG-BIEN
BLG-00705,PLANNED,Thuê xe ở Long Biên đi vào nội đô thuận tiện thế nào,Hiểu lợi thế thuê xe ở Long Biên,thuê xe long biên,thuê xe máy gần long biên,P-DU-LICH,C-LONG-BIEN,DU-LICH,/blog/du-lich/{date}/thue-xe-o-long-bien-i-vao-noi-o-thuan-tien-the-nao/,_posts/{date}-thue-xe-o-long-bien-i-vao-noi-o-thuan-tien-the-nao.md,/blog/du-lich/{date}/thue-xe-o-long-bien-i-vao-noi-o-thuan-tien-the-nao/,/du-lich/long-bien/; /thue-xe/,false,none,,planned:matrix-seed/C-LONG-BIEN
BLG-00706,PLANNED,Ba Vì nửa ngày bằng xe máy từ Hà Nội,Lên kế hoạch đi Ba Vì bằng xe máy,đi ba vì bằng xe máy,ba vì nửa ngày; đường đi ba vì,P-DU-LICH,C-NGOAI-THANH,DU-LICH,/blog/du-lich/{date}/ba-vi-nua-ngay-bang-xe-may-tu-ha-noi/,_posts/{date}-ba-vi-nua-ngay-bang-xe-may-tu-ha-noi.md,/blog/du-lich/{date}/ba-vi-nua-ngay-bang-xe-may-tu-ha-noi/,/du-lich/ngoai-thanh/,false,none,,planned:matrix-seed/C-NGOAI-THANH
BLG-00707,PLANNED,Đường về Sơn Tây và Đường Làng Ước Mơ,Biết cung đường Sơn Tây,đường sơn tây,cung đường ước mơ; chạy xe sơn tây,P-DU-LICH,C-NGOAI-THANH,DU-LICH,/blog/du-lich/{date}/uong-ve-son-tay-va-uong-lang-uoc-mo/,_posts/{date}-uong-ve-son-tay-va-uong-lang-uoc-mo.md,/blog/du-lich/{date}/uong-ve-son-tay-va-uong-lang-uoc-mo/,/du-lich/ngoai-thanh/,false,none,,planned:matrix-seed/C-NGOAI-THANH
BLG-00708,PLANNED,Đồng Mô và hồ Suối Hai chạy xe cuối tuần,Biết điểm cuối tuần Đồng Mô,đồng mô chạy xe,hồ suối hai; điểm dã ngoại gần hà nội,P-DU-LICH,C-NGOAI-THANH,DU-LICH,/blog/du-lich/{date}/ong-mo-va-ho-suoi-hai-chay-xe-cuoi-tuan/,_posts/{date}-ong-mo-va-ho-suoi-hai-chay-xe-cuoi-tuan.md,/blog/du-lich/{date}/ong-mo-va-ho-suoi-hai-chay-xe-cuoi-tuan/,/du-lich/ngoai-thanh/,false,none,,planned:matrix-seed/C-NGOAI-THANH
BLG-00709,PLANNED,Làng văn hóa các dân tộc và vườn quốc gia Ba Vì,Biết điểm tham quan Ba Vì,làng văn hóa ba vì,vqg ba vì; điểm đến ba vì,P-DU-LICH,C-NGOAI-THANH,DU-LICH,/blog/du-lich/{date}/lang-van-hoa-cac-dan-toc-va-vuon-quoc-gia-ba-vi/,_posts/{date}-lang-van-hoa-cac-dan-toc-va-vuon-quoc-gia-ba-vi.md,/blog/du-lich/{date}/lang-van-hoa-cac-dan-toc-va-vuon-quoc-gia-ba-vi/,/du-lich/ngoai-thanh/,false,none,,planned:matrix-seed/C-NGOAI-THANH
BLG-00710,PLANNED,Sóc Sơn và hồ Đồng Đò chạy xe tránh xa phố,Biết cung đường Sóc Sơn,chạy xe sóc sơn,hồ đồng đò; đường sóc sơn,P-DU-LICH,C-NGOAI-THANH,DU-LICH,/blog/du-lich/{date}/soc-son-va-ho-ong-o-chay-xe-tranh-xa-pho/,_posts/{date}-soc-son-va-ho-ong-o-chay-xe-tranh-xa-pho.md,/blog/du-lich/{date}/soc-son-va-ho-ong-o-chay-xe-tranh-xa-pho/,/du-lich/ngoai-thanh/,false,none,,planned:matrix-seed/C-NGOAI-THANH
BLG-00711,PLANNED,Đường đê sông Hồng chạy xe ngoại thành,Biết cung đường đê sông Hồng,đường đê sông hồng chạy xe,chạy xe trên đê,P-DU-LICH,C-NGOAI-THANH,DU-LICH,/blog/du-lich/{date}/uong-e-song-hong-chay-xe-ngoai-thanh/,_posts/{date}-uong-e-song-hong-chay-xe-ngoai-thanh.md,/blog/du-lich/{date}/uong-e-song-hong-chay-xe-ngoai-thanh/,/du-lich/ngoai-thanh/,false,none,,planned:matrix-seed/C-NGOAI-THANH
BLG-00712,PLANNED,Cung đường chạy xe vòng trung tâm Hà Nội sáng sớm,Biết cung đường sáng sớm nội đô,chạy xe sáng sớm hà nội,cung đường nội đô; đi xe buổi sớm,P-CUNG-DUONG,C-CD-NOI-THANH,CUNG-DUONG,/blog/cung-duong/{date}/cung-uong-chay-xe-vong-trung-tam-ha-noi-sang-som/,_posts/{date}-cung-uong-chay-xe-vong-trung-tam-ha-noi-sang-som.md,/blog/cung-duong/{date}/cung-uong-chay-xe-vong-trung-tam-ha-noi-sang-som/,/cung-duong/cung-duong-noi-thanh/,false,none,,planned:matrix-seed/C-CD-NOI-THANH
BLG-00713,PLANNED,Cung vòng Hồ Gươm - Hồ Tây một buổi chiều,Biết cung nối Hồ Gươm Hồ Tây,cung hồ gươm hồ tây,đi xe liên hồ,P-CUNG-DUONG,C-CD-NOI-THANH,CUNG-DUONG,/blog/cung-duong/{date}/cung-vong-ho-guom-ho-tay-mot-buoi-chieu/,_posts/{date}-cung-vong-ho-guom-ho-tay-mot-buoi-chieu.md,/blog/cung-duong/{date}/cung-vong-ho-guom-ho-tay-mot-buoi-chieu/,/cung-duong/cung-duong-noi-thanh/,false,none,,planned:matrix-seed/C-CD-NOI-THANH
BLG-00714,PLANNED,Chạy xe dọc sông Hồng nội đô,Biết cung ven sông nội đô,chạy xe ven sông hồng,cung ven đô; đường ven đê nội thành,P-CUNG-DUONG,C-CD-NOI-THANH,CUNG-DUONG,/blog/cung-duong/{date}/chay-xe-doc-song-hong-noi-o/,_posts/{date}-chay-xe-doc-song-hong-noi-o.md,/blog/cung-duong/{date}/chay-xe-doc-song-hong-noi-o/,/cung-duong/cung-duong-noi-thanh/,false,none,,planned:matrix-seed/C-CD-NOI-THANH
BLG-00715,PLANNED,Cung qua cầu Long Biên và quận Hà Đông,Biết cung Nam Từ Liêm Hà Đông,chạy xe hà đông,cung cầu giấy hà đông,P-CUNG-DUONG,C-CD-NOI-THANH,CUNG-DUONG,/blog/cung-duong/{date}/cung-qua-cau-long-bien-va-quan-ha-ong/,_posts/{date}-cung-qua-cau-long-bien-va-quan-ha-ong.md,/blog/cung-duong/{date}/cung-qua-cau-long-bien-va-quan-ha-ong/,/cung-duong/cung-duong-noi-thanh/,false,none,,planned:matrix-seed/C-CD-NOI-THANH
BLG-00716,PLANNED,Cung nội thành cho người mới chạy lần đầu,Chọn cung dễ cho người mới,cung đường cho người mới,chạy xe lần đầu hà nội,P-CUNG-DUONG,C-CD-NOI-THANH,CUNG-DUONG,/blog/cung-duong/{date}/cung-noi-thanh-cho-nguoi-moi-chay-lan-au/,_posts/{date}-cung-noi-thanh-cho-nguoi-moi-chay-lan-au.md,/blog/cung-duong/{date}/cung-noi-thanh-cho-nguoi-moi-chay-lan-au/,/cung-duong/cung-duong-noi-thanh/; /ky-nang/ky-nang-lai-co-ban/,false,none,,planned:matrix-seed/C-CD-NOI-THANH
BLG-00717,PLANNED,Chạy xe từ Hà Nội đến Tam Cốc - Bích Động cuối tuần,Biết cung đường từ Hà Nội đến Tam Cốc - Bích Động,chạy xe đến Tam Cốc - Bích Động,cung đường Tam Cốc - Bích Động; đi Tam Cốc - Bích Động bằng xe máy,P-CUNG-DUONG,C-CD-CUOI-TUAN,CUNG-DUONG,/blog/cung-duong/{date}/chay-xe-tu-ha-noi-en-tam-coc-bich-ong-cuoi-tuan/,_posts/{date}-chay-xe-tu-ha-noi-en-tam-coc-bich-ong-cuoi-tuan.md,/blog/cung-duong/{date}/chay-xe-tu-ha-noi-en-tam-coc-bich-ong-cuoi-tuan/,/cung-duong/cung-duong-cuoi-tuan/,false,none,,planned:matrix-seed/C-CD-CUOI-TUAN
BLG-00718,PLANNED,Điểm nghỉ chân trên đường đến Tam Cốc - Bích Động,Biết điểm dừng trên đường đến Tam Cốc - Bích Động,nghỉ chân đường đi Tam Cốc - Bích Động,điểm dừng Tam Cốc - Bích Động; cà phê trên đường Tam Cốc - Bích Động,P-CUNG-DUONG,C-CD-CUOI-TUAN,CUNG-DUONG,/blog/cung-duong/{date}/iem-nghi-chan-tren-uong-en-tam-coc-bich-ong/,_posts/{date}-iem-nghi-chan-tren-uong-en-tam-coc-bich-ong.md,/blog/cung-duong/{date}/iem-nghi-chan-tren-uong-en-tam-coc-bich-ong/,/cung-duong/cung-duong-cuoi-tuan/,false,none,,planned:matrix-seed/C-CD-CUOI-TUAN
BLG-00719,PLANNED,Chạy xe từ Hà Nội đến Chùa Hương cuối tuần,Biết cung đường từ Hà Nội đến Chùa Hương,chạy xe đến Chùa Hương,cung đường Chùa Hương; đi Chùa Hương bằng xe máy,P-CUNG-DUONG,C-CD-CUOI-TUAN,CUNG-DUONG,/blog/cung-duong/{date}/chay-xe-tu-ha-noi-en-chua-huong-cuoi-tuan/,_posts/{date}-chay-xe-tu-ha-noi-en-chua-huong-cuoi-tuan.md,/blog/cung-duong/{date}/chay-xe-tu-ha-noi-en-chua-huong-cuoi-tuan/,/cung-duong/cung-duong-cuoi-tuan/,false,none,,planned:matrix-seed/C-CD-CUOI-TUAN
BLG-00720,PLANNED,Điểm nghỉ chân trên đường đến Chùa Hương,Biết điểm dừng trên đường đến Chùa Hương,nghỉ chân đường đi Chùa Hương,điểm dừng Chùa Hương; cà phê trên đường Chùa Hương,P-CUNG-DUONG,C-CD-CUOI-TUAN,CUNG-DUONG,/blog/cung-duong/{date}/iem-nghi-chan-tren-uong-en-chua-huong/,_posts/{date}-iem-nghi-chan-tren-uong-en-chua-huong.md,/blog/cung-duong/{date}/iem-nghi-chan-tren-uong-en-chua-huong/,/cung-duong/cung-duong-cuoi-tuan/,false,none,,planned:matrix-seed/C-CD-CUOI-TUAN
BLG-00721,PLANNED,Chạy xe từ Hà Nội đến Tràng An cuối tuần,Biết cung đường từ Hà Nội đến Tràng An,chạy xe đến Tràng An,cung đường Tràng An; đi Tràng An bằng xe máy,P-CUNG-DUONG,C-CD-CUOI-TUAN,CUNG-DUONG,/blog/cung-duong/{date}/chay-xe-tu-ha-noi-en-trang-an-cuoi-tuan/,_posts/{date}-chay-xe-tu-ha-noi-en-trang-an-cuoi-tuan.md,/blog/cung-duong/{date}/chay-xe-tu-ha-noi-en-trang-an-cuoi-tuan/,/cung-duong/cung-duong-cuoi-tuan/,false,none,,planned:matrix-seed/C-CD-CUOI-TUAN
BLG-00722,PLANNED,Điểm nghỉ chân trên đường đến Tràng An,Biết điểm dừng trên đường đến Tràng An,nghỉ chân đường đi Tràng An,điểm dừng Tràng An; cà phê trên đường Tràng An,P-CUNG-DUONG,C-CD-CUOI-TUAN,CUNG-DUONG,/blog/cung-duong/{date}/iem-nghi-chan-tren-uong-en-trang-an/,_posts/{date}-iem-nghi-chan-tren-uong-en-trang-an.md,/blog/cung-duong/{date}/iem-nghi-chan-tren-uong-en-trang-an/,/cung-duong/cung-duong-cuoi-tuan/,false,none,,planned:matrix-seed/C-CD-CUOI-TUAN
BLG-00723,PLANNED,Chạy xe từ Hà Nội đến Cúc Phương cuối tuần,Biết cung đường từ Hà Nội đến Cúc Phương,chạy xe đến Cúc Phương,cung đường Cúc Phương; đi Cúc Phương bằng xe máy,P-CUNG-DUONG,C-CD-CUOI-TUAN,CUNG-DUONG,/blog/cung-duong/{date}/chay-xe-tu-ha-noi-en-cuc-phuong-cuoi-tuan/,_posts/{date}-chay-xe-tu-ha-noi-en-cuc-phuong-cuoi-tuan.md,/blog/cung-duong/{date}/chay-xe-tu-ha-noi-en-cuc-phuong-cuoi-tuan/,/cung-duong/cung-duong-cuoi-tuan/,false,none,,planned:matrix-seed/C-CD-CUOI-TUAN
BLG-00724,PLANNED,Điểm nghỉ chân trên đường đến Cúc Phương,Biết điểm dừng trên đường đến Cúc Phương,nghỉ chân đường đi Cúc Phương,điểm dừng Cúc Phương; cà phê trên đường Cúc Phương,P-CUNG-DUONG,C-CD-CUOI-TUAN,CUNG-DUONG,/blog/cung-duong/{date}/iem-nghi-chan-tren-uong-en-cuc-phuong/,_posts/{date}-iem-nghi-chan-tren-uong-en-cuc-phuong.md,/blog/cung-duong/{date}/iem-nghi-chan-tren-uong-en-cuc-phuong/,/cung-duong/cung-duong-cuoi-tuan/,false,none,,planned:matrix-seed/C-CD-CUOI-TUAN
BLG-00725,PLANNED,Chạy xe từ Hà Nội đến Hồ Lục Quân cuối tuần,Biết cung đường từ Hà Nội đến Hồ Lục Quân,chạy xe đến Hồ Lục Quân,cung đường Hồ Lục Quân; đi Hồ Lục Quân bằng xe máy,P-CUNG-DUONG,C-CD-CUOI-TUAN,CUNG-DUONG,/blog/cung-duong/{date}/chay-xe-tu-ha-noi-en-ho-luc-quan-cuoi-tuan/,_posts/{date}-chay-xe-tu-ha-noi-en-ho-luc-quan-cuoi-tuan.md,/blog/cung-duong/{date}/chay-xe-tu-ha-noi-en-ho-luc-quan-cuoi-tuan/,/cung-duong/cung-duong-cuoi-tuan/,false,none,,planned:matrix-seed/C-CD-CUOI-TUAN
BLG-00726,PLANNED,Điểm nghỉ chân trên đường đến Hồ Lục Quân,Biết điểm dừng trên đường đến Hồ Lục Quân,nghỉ chân đường đi Hồ Lục Quân,điểm dừng Hồ Lục Quân; cà phê trên đường Hồ Lục Quân,P-CUNG-DUONG,C-CD-CUOI-TUAN,CUNG-DUONG,/blog/cung-duong/{date}/iem-nghi-chan-tren-uong-en-ho-luc-quan/,_posts/{date}-iem-nghi-chan-tren-uong-en-ho-luc-quan.md,/blog/cung-duong/{date}/iem-nghi-chan-tren-uong-en-ho-luc-quan/,/cung-duong/cung-duong-cuoi-tuan/,false,none,,planned:matrix-seed/C-CD-CUOI-TUAN
BLG-00727,PLANNED,Chạy xe từ Hà Nội đến Khu du lịch Đồng Mô cuối tuần,Biết cung đường từ Hà Nội đến Khu du lịch Đồng Mô,chạy xe đến Khu du lịch Đồng Mô,cung đường Khu du lịch Đồng Mô; đi Khu du lịch Đồng Mô bằng xe máy,P-CUNG-DUONG,C-CD-CUOI-TUAN,CUNG-DUONG,/blog/cung-duong/{date}/chay-xe-tu-ha-noi-en-khu-du-lich-ong-mo-cuoi-tuan/,_posts/{date}-chay-xe-tu-ha-noi-en-khu-du-lich-ong-mo-cuoi-tuan.md,/blog/cung-duong/{date}/chay-xe-tu-ha-noi-en-khu-du-lich-ong-mo-cuoi-tuan/,/cung-duong/cung-duong-cuoi-tuan/,false,none,,planned:matrix-seed/C-CD-CUOI-TUAN
BLG-00728,PLANNED,Điểm nghỉ chân trên đường đến Khu du lịch Đồng Mô,Biết điểm dừng trên đường đến Khu du lịch Đồng Mô,nghỉ chân đường đi Khu du lịch Đồng Mô,điểm dừng Khu du lịch Đồng Mô; cà phê trên đường Khu du lịch Đồng Mô,P-CUNG-DUONG,C-CD-CUOI-TUAN,CUNG-DUONG,/blog/cung-duong/{date}/iem-nghi-chan-tren-uong-en-khu-du-lich-ong-mo/,_posts/{date}-iem-nghi-chan-tren-uong-en-khu-du-lich-ong-mo.md,/blog/cung-duong/{date}/iem-nghi-chan-tren-uong-en-khu-du-lich-ong-mo/,/cung-duong/cung-duong-cuoi-tuan/,false,none,,planned:matrix-seed/C-CD-CUOI-TUAN
BLG-00729,PLANNED,Chạy xe từ Hà Nội đến Đảo Cốm và Bãi trước sông Đáy cuối tuần,Biết cung đường từ Hà Nội đến Đảo Cốm và Bãi trước sông Đáy,chạy xe đến Đảo Cốm và Bãi trước sông Đáy,cung đường Đảo Cốm và Bãi trước sông Đáy; đi Đảo Cốm và Bãi trước sông Đáy bằng xe máy,P-CUNG-DUONG,C-CD-CUOI-TUAN,CUNG-DUONG,/blog/cung-duong/{date}/chay-xe-tu-ha-noi-en-ao-com-va-bai-truoc-song-ay-cuoi-tuan/,_posts/{date}-chay-xe-tu-ha-noi-en-ao-com-va-bai-truoc-song-ay-cuoi-tuan.md,/blog/cung-duong/{date}/chay-xe-tu-ha-noi-en-ao-com-va-bai-truoc-song-ay-cuoi-tuan/,/cung-duong/cung-duong-cuoi-tuan/,false,none,,planned:matrix-seed/C-CD-CUOI-TUAN
BLG-00730,PLANNED,Điểm nghỉ chân trên đường đến Đảo Cốm và Bãi trước sông Đáy,Biết điểm dừng trên đường đến Đảo Cốm và Bãi trước sông Đáy,nghỉ chân đường đi Đảo Cốm và Bãi trước sông Đáy,điểm dừng Đảo Cốm và Bãi trước sông Đáy; cà phê trên đường Đảo Cốm và Bãi trước sông Đáy,P-CUNG-DUONG,C-CD-CUOI-TUAN,CUNG-DUONG,/blog/cung-duong/{date}/iem-nghi-chan-tren-uong-en-ao-com-va-bai-truoc-song-ay/,_posts/{date}-iem-nghi-chan-tren-uong-en-ao-com-va-bai-truoc-song-ay.md,/blog/cung-duong/{date}/iem-nghi-chan-tren-uong-en-ao-com-va-bai-truoc-song-ay/,/cung-duong/cung-duong-cuoi-tuan/,false,none,,planned:matrix-seed/C-CD-CUOI-TUAN
BLG-00731,PLANNED,Cung Hà Nội Mai Châu qua Cao tốc Hòa Bình,Biết cung đến Mai Châu,hà nội mai châu,cung mai châu; mai châu bao xa,P-CUNG-DUONG,C-CD-MAI-CHAU,CUNG-DUONG,/blog/cung-duong/{date}/cung-ha-noi-mai-chau-qua-cao-toc-hoa-binh/,_posts/{date}-cung-ha-noi-mai-chau-qua-cao-toc-hoa-binh.md,/blog/cung-duong/{date}/cung-ha-noi-mai-chau-qua-cao-toc-hoa-binh/,/cung-duong/mai-chau/,false,none,,planned:matrix-seed/C-CD-MAI-CHAU
BLG-00732,PLANNED,Tháng Mười và bản Lác Mai Châu nên đi lúc nào,Chọn thời điểm đi Mai Châu,mai châu nên đi tháng nào,thời điểm mai châu; mùa lúa mai châu,P-CUNG-DUONG,C-CD-MAI-CHAU,CUNG-DUONG,/blog/cung-duong/{date}/thang-muoi-va-ban-lac-mai-chau-nen-i-luc-nao/,_posts/{date}-thang-muoi-va-ban-lac-mai-chau-nen-i-luc-nao.md,/blog/cung-duong/{date}/thang-muoi-va-ban-lac-mai-chau-nen-i-luc-nao/,/cung-duong/mai-chau/,false,none,,planned:matrix-seed/C-CD-MAI-CHAU
BLG-00733,PLANNED,Chạy xe máy qua đèo Thung Khe an toàn thế nào,Biết chạy đèo Thung Khe an toàn,đèo thung khe,chạy đèo an toàn; đèo trên đường mai châu,P-CUNG-DUONG,C-CD-MAI-CHAU,CUNG-DUONG,/blog/cung-duong/{date}/chay-xe-may-qua-eo-thung-khe-an-toan-the-nao/,_posts/{date}-chay-xe-may-qua-eo-thung-khe-an-toan-the-nao.md,/blog/cung-duong/{date}/chay-xe-may-qua-eo-thung-khe-an-toan-the-nao/,/cung-duong/mai-chau/; /ky-nang/thoi-tiet-va-duong-sa/,false,none,,planned:matrix-seed/C-CD-MAI-CHAU
BLG-00734,PLANNED,Nghỉ ở Mai Châu khi đi bằng xe máy,Biết chỗ nghỉ Mai Châu,nghỉ mai châu,homestay mai châu,P-CUNG-DUONG,C-CD-MAI-CHAU,CUNG-DUONG,/blog/cung-duong/{date}/nghi-o-mai-chau-khi-i-bang-xe-may/,_posts/{date}-nghi-o-mai-chau-khi-i-bang-xe-may.md,/blog/cung-duong/{date}/nghi-o-mai-chau-khi-i-bang-xe-may/,/cung-duong/mai-chau/,false,none,,planned:matrix-seed/C-CD-MAI-CHAU
BLG-00735,PLANNED,Cung Hà Nội Mộc Châu qua quốc lộ 6,Biết cung đến Mộc Châu,hà nội mộc châu,cung mộc châu; mộc châu bao xa,P-CUNG-DUONG,C-CD-MOC-CHAU,CUNG-DUONG,/blog/cung-duong/{date}/cung-ha-noi-moc-chau-qua-quoc-lo-6/,_posts/{date}-cung-ha-noi-moc-chau-qua-quoc-lo-6.md,/blog/cung-duong/{date}/cung-ha-noi-moc-chau-qua-quoc-lo-6/,/cung-duong/moc-chau/,false,none,,planned:matrix-seed/C-CD-MOC-CHAU
BLG-00736,PLANNED,Mộc Châu mùa hoa mận trắng đi tháng mấy,Chọn mùa hoa Mộc Châu,mộc châu mùa hoa mận,hoa mận mộc châu tháng mấy,P-CUNG-DUONG,C-CD-MOC-CHAU,CUNG-DUONG,/blog/cung-duong/{date}/moc-chau-mua-hoa-man-trang-i-thang-may/,_posts/{date}-moc-chau-mua-hoa-man-trang-i-thang-may.md,/blog/cung-duong/{date}/moc-chau-mua-hoa-man-trang-i-thang-may/,/cung-duong/moc-chau/,false,none,,planned:matrix-seed/C-CD-MOC-CHAU
BLG-00737,PLANNED,Đồi chè Mộc Châu và cánh đồng nghiên,Biết điểm đến Mộc Châu,đồi chè mộc châu,cánh đồng nghiên mộc châu,P-CUNG-DUONG,C-CD-MOC-CHAU,CUNG-DUONG,/blog/cung-duong/{date}/oi-che-moc-chau-va-canh-ong-nghien/,_posts/{date}-oi-che-moc-chau-va-canh-ong-nghien.md,/blog/cung-duong/{date}/oi-che-moc-chau-va-canh-ong-nghien/,/cung-duong/moc-chau/,false,none,,planned:matrix-seed/C-CD-MOC-CHAU
BLG-00738,PLANNED,Chạy xe máy Mộc Châu trong 2 ngày,Lịch trình 2 ngày Mộc Châu,mộc châu 2 ngày,lịch trình mộc châu,P-CUNG-DUONG,C-CD-MOC-CHAU,CUNG-DUONG,/blog/cung-duong/{date}/chay-xe-may-moc-chau-trong-2-ngay/,_posts/{date}-chay-xe-may-moc-chau-trong-2-ngay.md,/blog/cung-duong/{date}/chay-xe-may-moc-chau-trong-2-ngay/,/cung-duong/moc-chau/,false,none,,planned:matrix-seed/C-CD-MOC-CHAU
BLG-00739,PLANNED,Đèo dốc trên đường Mộc Châu và cách vào số,Biết chạy dốc Mộc Châu,đèo mộc châu,chạy dốc mộc châu; vào số khi xuống dốc,P-CUNG-DUONG,C-CD-MOC-CHAU,CUNG-DUONG,/blog/cung-duong/{date}/eo-doc-tren-uong-moc-chau-va-cach-vao-so/,_posts/{date}-eo-doc-tren-uong-moc-chau-va-cach-vao-so.md,/blog/cung-duong/{date}/eo-doc-tren-uong-moc-chau-va-cach-vao-so/,/cung-duong/moc-chau/; /xe-may/xe-so/,false,none,,planned:matrix-seed/C-CD-MOC-CHAU
BLG-00740,PLANNED,Chuẩn bị xe máy đi Hà Giang từ nhà xe thuê,Biết chuẩn bị xe đi Hà Giang,chuẩn bị xe đi hà giang,xe máy đi hà giang; thuê xe đi hà giang,P-CUNG-DUONG,C-CD-HA-GIANG,CUNG-DUONG,/blog/cung-duong/{date}/chuan-bi-xe-may-i-ha-giang-tu-nha-xe-thue/,_posts/{date}-chuan-bi-xe-may-i-ha-giang-tu-nha-xe-thue.md,/blog/cung-duong/{date}/chuan-bi-xe-may-i-ha-giang-tu-nha-xe-thue/,/cung-duong/ha-giang/; /thue-xe/,false,none,,planned:matrix-seed/C-CD-HA-GIANG
BLG-00741,PLANNED,Cung tam giác Mậu Duệ Phó Bảng Lô Xô đi thế nào,Hiểc các cung chính Hà Giang,cung hà giang,tam giác mậu; phó bảng; lô xô,P-CUNG-DUONG,C-CD-HA-GIANG,CUNG-DUONG,/blog/cung-duong/{date}/cung-tam-giac-mau-due-pho-bang-lo-xo-i-the-nao/,_posts/{date}-cung-tam-giac-mau-due-pho-bang-lo-xo-i-the-nao.md,/blog/cung-duong/{date}/cung-tam-giac-mau-due-pho-bang-lo-xo-i-the-nao/,/cung-duong/ha-giang/,false,none,,planned:matrix-seed/C-CD-HA-GIANG
BLG-00742,PLANNED,Chạy đèo Mã Pí Lèng bằng xe số an toàn,Biết chạy Mã Pí Lèng an toàn,mã pí lèng xe máy,chạy đèo hà giang; an toàn đèo mã pí lèng,P-CUNG-DUONG,C-CD-HA-GIANG,CUNG-DUONG,/blog/cung-duong/{date}/chay-eo-ma-pi-leng-bang-xe-so-an-toan/,_posts/{date}-chay-eo-ma-pi-leng-bang-xe-so-an-toan.md,/blog/cung-duong/{date}/chay-eo-ma-pi-leng-bang-xe-so-an-toan/,/cung-duong/ha-giang/; /ky-nang/thoi-tiet-va-duong-sa/,false,none,,planned:matrix-seed/C-CD-HA-GIANG
BLG-00743,PLANNED,Thẻ thông hành và giấy tờ khi đi Hà Giang,Biết thủ tục giấy tờ vùng biên Hà Giang,thẻ thông hành hà giang,giấy tờ vùng biên,P-CUNG-DUONG,C-CD-HA-GIANG,CUNG-DUONG,/blog/cung-duong/{date}/the-thong-hanh-va-giay-to-khi-i-ha-giang/,_posts/{date}-the-thong-hanh-va-giay-to-khi-i-ha-giang.md,/blog/cung-duong/{date}/the-thong-hanh-va-giay-to-khi-i-ha-giang/,/cung-duong/ha-giang/; /an-toan-phap-ly/giay-to/,false,none,,planned:matrix-seed/C-CD-HA-GIANG
BLG-00744,PLANNED,Xe ga đi được Hà Giang không,Đánh giá xe ga cho cung Hà Giang,xe ga đi hà giang,xe ga đường núi,P-CUNG-DUONG,C-CD-HA-GIANG,CUNG-DUONG,/blog/cung-duong/{date}/xe-ga-i-uoc-ha-giang-khong/,_posts/{date}-xe-ga-i-uoc-ha-giang-khong.md,/blog/cung-duong/{date}/xe-ga-i-uoc-ha-giang-khong/,/cung-duong/ha-giang/; /xe-may/xe-ga/,false,none,,planned:matrix-seed/C-CD-HA-GIANG
BLG-00745,PLANNED,Chạy xe máy từ Hà Nội lên Pác Bó và thác Bản Giốc Cao Bằng,Biết cung từ Hà Nội đến Pác Bó và thác Bản Giốc Cao Bằng,hà nội đến Pác Bó và thác Bản Giốc Cao Bằng,chạy xe Pác Bó và thác Bản Giốc Cao Bằng; cung đường Pác Bó và thác Bản Giốc Cao Bằng,P-CUNG-DUONG,C-CD-PHO-BAC,CUNG-DUONG,/blog/cung-duong/{date}/chay-xe-may-tu-ha-noi-len-pac-bo-va-thac-ban-gioc-cao-bang/,_posts/{date}-chay-xe-may-tu-ha-noi-len-pac-bo-va-thac-ban-gioc-cao-bang.md,/blog/cung-duong/{date}/chay-xe-may-tu-ha-noi-len-pac-bo-va-thac-ban-gioc-cao-bang/,/cung-duong/cac-tinh-phia-bac/,false,none,,planned:matrix-seed/C-CD-PHO-BAC
BLG-00746,PLANNED,Kinh nghiệm đường đến Pác Bó và thác Bản Giốc Cao Bằng: xăng và nghỉ,Biết kinh nghiệm tiếp tế trên đường Pác Bó và thác Bản Giốc Cao Bằng,kinh nghiệm đi Pác Bó và thác Bản Giốc Cao Bằng,trạm xăng đường Pác Bó và thác Bản Giốc Cao Bằng; nghỉ đêm Pác Bó và thác Bản Giốc Cao Bằng,P-CUNG-DUONG,C-CD-PHO-BAC,CUNG-DUONG,/blog/cung-duong/{date}/kinh-nghiem-uong-en-pac-bo-va-thac-ban-gioc-cao-bang-xang-va-nghi/,_posts/{date}-kinh-nghiem-uong-en-pac-bo-va-thac-ban-gioc-cao-bang-xang-va-nghi.md,/blog/cung-duong/{date}/kinh-nghiem-uong-en-pac-bo-va-thac-ban-gioc-cao-bang-xang-va-nghi/,/cung-duong/cac-tinh-phia-bac/,false,none,,planned:matrix-seed/C-CD-PHO-BAC
BLG-00747,PLANNED,Chạy xe máy từ Hà Nội lên Ba Bể,Biết cung từ Hà Nội đến Ba Bể,hà nội đến Ba Bể,chạy xe Ba Bể; cung đường Ba Bể,P-CUNG-DUONG,C-CD-PHO-BAC,CUNG-DUONG,/blog/cung-duong/{date}/chay-xe-may-tu-ha-noi-len-ba-be/,_posts/{date}-chay-xe-may-tu-ha-noi-len-ba-be.md,/blog/cung-duong/{date}/chay-xe-may-tu-ha-noi-len-ba-be/,/cung-duong/cac-tinh-phia-bac/,false,none,,planned:matrix-seed/C-CD-PHO-BAC
BLG-00748,PLANNED,Kinh nghiệm đường đến Ba Bể: xăng và nghỉ,Biết kinh nghiệm tiếp tế trên đường Ba Bể,kinh nghiệm đi Ba Bể,trạm xăng đường Ba Bể; nghỉ đêm Ba Bể,P-CUNG-DUONG,C-CD-PHO-BAC,CUNG-DUONG,/blog/cung-duong/{date}/kinh-nghiem-uong-en-ba-be-xang-va-nghi/,_posts/{date}-kinh-nghiem-uong-en-ba-be-xang-va-nghi.md,/blog/cung-duong/{date}/kinh-nghiem-uong-en-ba-be-xang-va-nghi/,/cung-duong/cac-tinh-phia-bac/,false,none,,planned:matrix-seed/C-CD-PHO-BAC
BLG-00749,PLANNED,Chạy xe máy từ Hà Nội lên Yên Tử,Biết cung từ Hà Nội đến Yên Tử,hà nội đến Yên Tử,chạy xe Yên Tử; cung đường Yên Tử,P-CUNG-DUONG,C-CD-PHO-BAC,CUNG-DUONG,/blog/cung-duong/{date}/chay-xe-may-tu-ha-noi-len-yen-tu/,_posts/{date}-chay-xe-may-tu-ha-noi-len-yen-tu.md,/blog/cung-duong/{date}/chay-xe-may-tu-ha-noi-len-yen-tu/,/cung-duong/cac-tinh-phia-bac/,false,none,,planned:matrix-seed/C-CD-PHO-BAC
BLG-00750,PLANNED,Kinh nghiệm đường đến Yên Tử: xăng và nghỉ,Biết kinh nghiệm tiếp tế trên đường Yên Tử,kinh nghiệm đi Yên Tử,trạm xăng đường Yên Tử; nghỉ đêm Yên Tử,P-CUNG-DUONG,C-CD-PHO-BAC,CUNG-DUONG,/blog/cung-duong/{date}/kinh-nghiem-uong-en-yen-tu-xang-va-nghi/,_posts/{date}-kinh-nghiem-uong-en-yen-tu-xang-va-nghi.md,/blog/cung-duong/{date}/kinh-nghiem-uong-en-yen-tu-xang-va-nghi/,/cung-duong/cac-tinh-phia-bac/,false,none,,planned:matrix-seed/C-CD-PHO-BAC
BLG-00751,PLANNED,Chạy xe máy từ Hà Nội lên Côn Sơn - Kiếp Bạc,Biết cung từ Hà Nội đến Côn Sơn - Kiếp Bạc,hà nội đến Côn Sơn - Kiếp Bạc,chạy xe Côn Sơn - Kiếp Bạc; cung đường Côn Sơn - Kiếp Bạc,P-CUNG-DUONG,C-CD-PHO-BAC,CUNG-DUONG,/blog/cung-duong/{date}/chay-xe-may-tu-ha-noi-len-con-son-kiep-bac/,_posts/{date}-chay-xe-may-tu-ha-noi-len-con-son-kiep-bac.md,/blog/cung-duong/{date}/chay-xe-may-tu-ha-noi-len-con-son-kiep-bac/,/cung-duong/cac-tinh-phia-bac/,false,none,,planned:matrix-seed/C-CD-PHO-BAC
BLG-00752,PLANNED,Kinh nghiệm đường đến Côn Sơn - Kiếp Bạc: xăng và nghỉ,Biết kinh nghiệm tiếp tế trên đường Côn Sơn - Kiếp Bạc,kinh nghiệm đi Côn Sơn - Kiếp Bạc,trạm xăng đường Côn Sơn - Kiếp Bạc; nghỉ đêm Côn Sơn - Kiếp Bạc,P-CUNG-DUONG,C-CD-PHO-BAC,CUNG-DUONG,/blog/cung-duong/{date}/kinh-nghiem-uong-en-con-son-kiep-bac-xang-va-nghi/,_posts/{date}-kinh-nghiem-uong-en-con-son-kiep-bac-xang-va-nghi.md,/blog/cung-duong/{date}/kinh-nghiem-uong-en-con-son-kiep-bac-xang-va-nghi/,/cung-duong/cac-tinh-phia-bac/,false,none,,planned:matrix-seed/C-CD-PHO-BAC
BLG-00753,PLANNED,Chạy xe máy từ Hà Nội lên Chùa Hương - Mỹ Đức,Biết cung từ Hà Nội đến Chùa Hương - Mỹ Đức,hà nội đến Chùa Hương - Mỹ Đức,chạy xe Chùa Hương - Mỹ Đức; cung đường Chùa Hương - Mỹ Đức,P-CUNG-DUONG,C-CD-PHO-BAC,CUNG-DUONG,/blog/cung-duong/{date}/chay-xe-may-tu-ha-noi-len-chua-huong-my-uc/,_posts/{date}-chay-xe-may-tu-ha-noi-len-chua-huong-my-uc.md,/blog/cung-duong/{date}/chay-xe-may-tu-ha-noi-len-chua-huong-my-uc/,/cung-duong/cac-tinh-phia-bac/,false,none,,planned:matrix-seed/C-CD-PHO-BAC
BLG-00754,PLANNED,Kinh nghiệm đường đến Chùa Hương - Mỹ Đức: xăng và nghỉ,Biết kinh nghiệm tiếp tế trên đường Chùa Hương - Mỹ Đức,kinh nghiệm đi Chùa Hương - Mỹ Đức,trạm xăng đường Chùa Hương - Mỹ Đức; nghỉ đêm Chùa Hương - Mỹ Đức,P-CUNG-DUONG,C-CD-PHO-BAC,CUNG-DUONG,/blog/cung-duong/{date}/kinh-nghiem-uong-en-chua-huong-my-uc-xang-va-nghi/,_posts/{date}-kinh-nghiem-uong-en-chua-huong-my-uc-xang-va-nghi.md,/blog/cung-duong/{date}/kinh-nghiem-uong-en-chua-huong-my-uc-xang-va-nghi/,/cung-duong/cac-tinh-phia-bac/,false,none,,planned:matrix-seed/C-CD-PHO-BAC
BLG-00755,PLANNED,Chạy xe máy từ Hà Nội lên Cửa Lò,Biết cung từ Hà Nội đến Cửa Lò,hà nội đến Cửa Lò,chạy xe Cửa Lò; cung đường Cửa Lò,P-CUNG-DUONG,C-CD-PHO-BAC,CUNG-DUONG,/blog/cung-duong/{date}/chay-xe-may-tu-ha-noi-len-cua-lo/,_posts/{date}-chay-xe-may-tu-ha-noi-len-cua-lo.md,/blog/cung-duong/{date}/chay-xe-may-tu-ha-noi-len-cua-lo/,/cung-duong/cac-tinh-phia-bac/,false,none,,planned:matrix-seed/C-CD-PHO-BAC
BLG-00756,PLANNED,Kinh nghiệm đường đến Cửa Lò: xăng và nghỉ,Biết kinh nghiệm tiếp tế trên đường Cửa Lò,kinh nghiệm đi Cửa Lò,trạm xăng đường Cửa Lò; nghỉ đêm Cửa Lò,P-CUNG-DUONG,C-CD-PHO-BAC,CUNG-DUONG,/blog/cung-duong/{date}/kinh-nghiem-uong-en-cua-lo-xang-va-nghi/,_posts/{date}-kinh-nghiem-uong-en-cua-lo-xang-va-nghi.md,/blog/cung-duong/{date}/kinh-nghiem-uong-en-cua-lo-xang-va-nghi/,/cung-duong/cac-tinh-phia-bac/,false,none,,planned:matrix-seed/C-CD-PHO-BAC
BLG-00757,PLANNED,Chạy xe máy từ Hà Nội lên Sầm Sơn,Biết cung từ Hà Nội đến Sầm Sơn,hà nội đến Sầm Sơn,chạy xe Sầm Sơn; cung đường Sầm Sơn,P-CUNG-DUONG,C-CD-PHO-BAC,CUNG-DUONG,/blog/cung-duong/{date}/chay-xe-may-tu-ha-noi-len-sam-son/,_posts/{date}-chay-xe-may-tu-ha-noi-len-sam-son.md,/blog/cung-duong/{date}/chay-xe-may-tu-ha-noi-len-sam-son/,/cung-duong/cac-tinh-phia-bac/,false,none,,planned:matrix-seed/C-CD-PHO-BAC
BLG-00758,PLANNED,Kinh nghiệm đường đến Sầm Sơn: xăng và nghỉ,Biết kinh nghiệm tiếp tế trên đường Sầm Sơn,kinh nghiệm đi Sầm Sơn,trạm xăng đường Sầm Sơn; nghỉ đêm Sầm Sơn,P-CUNG-DUONG,C-CD-PHO-BAC,CUNG-DUONG,/blog/cung-duong/{date}/kinh-nghiem-uong-en-sam-son-xang-va-nghi/,_posts/{date}-kinh-nghiem-uong-en-sam-son-xang-va-nghi.md,/blog/cung-duong/{date}/kinh-nghiem-uong-en-sam-son-xang-va-nghi/,/cung-duong/cac-tinh-phia-bac/,false,none,,planned:matrix-seed/C-CD-PHO-BAC
BLG-00759,PLANNED,Chạy xe máy từ Hà Nội lên Thiên Cầm,Biết cung từ Hà Nội đến Thiên Cầm,hà nội đến Thiên Cầm,chạy xe Thiên Cầm; cung đường Thiên Cầm,P-CUNG-DUONG,C-CD-PHO-BAC,CUNG-DUONG,/blog/cung-duong/{date}/chay-xe-may-tu-ha-noi-len-thien-cam/,_posts/{date}-chay-xe-may-tu-ha-noi-len-thien-cam.md,/blog/cung-duong/{date}/chay-xe-may-tu-ha-noi-len-thien-cam/,/cung-duong/cac-tinh-phia-bac/,false,none,,planned:matrix-seed/C-CD-PHO-BAC
BLG-00760,PLANNED,Kinh nghiệm đường đến Thiên Cầm: xăng và nghỉ,Biết kinh nghiệm tiếp tế trên đường Thiên Cầm,kinh nghiệm đi Thiên Cầm,trạm xăng đường Thiên Cầm; nghỉ đêm Thiên Cầm,P-CUNG-DUONG,C-CD-PHO-BAC,CUNG-DUONG,/blog/cung-duong/{date}/kinh-nghiem-uong-en-thien-cam-xang-va-nghi/,_posts/{date}-kinh-nghiem-uong-en-thien-cam-xang-va-nghi.md,/blog/cung-duong/{date}/kinh-nghiem-uong-en-thien-cam-xang-va-nghi/,/cung-duong/cac-tinh-phia-bac/,false,none,,planned:matrix-seed/C-CD-PHO-BAC
BLG-00761,PLANNED,Chạy xe máy từ Hà Nội lên Kỳ Sơn và Hòa Bình thượng nguồn,Biết cung từ Hà Nội đến Kỳ Sơn và Hòa Bình thượng nguồn,hà nội đến Kỳ Sơn và Hòa Bình thượng nguồn,chạy xe Kỳ Sơn và Hòa Bình thượng nguồn; cung đường Kỳ Sơn và Hòa Bình thượng nguồn,P-CUNG-DUONG,C-CD-PHO-BAC,CUNG-DUONG,/blog/cung-duong/{date}/chay-xe-may-tu-ha-noi-len-ky-son-va-hoa-binh-thuong-nguon/,_posts/{date}-chay-xe-may-tu-ha-noi-len-ky-son-va-hoa-binh-thuong-nguon.md,/blog/cung-duong/{date}/chay-xe-may-tu-ha-noi-len-ky-son-va-hoa-binh-thuong-nguon/,/cung-duong/cac-tinh-phia-bac/,false,none,,planned:matrix-seed/C-CD-PHO-BAC
BLG-00762,PLANNED,Kinh nghiệm đường đến Kỳ Sơn và Hòa Bình thượng nguồn: xăng và nghỉ,Biết kinh nghiệm tiếp tế trên đường Kỳ Sơn và Hòa Bình thượng nguồn,kinh nghiệm đi Kỳ Sơn và Hòa Bình thượng nguồn,trạm xăng đường Kỳ Sơn và Hòa Bình thượng nguồn; nghỉ đêm Kỳ Sơn và Hòa Bình thượng nguồn,P-CUNG-DUONG,C-CD-PHO-BAC,CUNG-DUONG,/blog/cung-duong/{date}/kinh-nghiem-uong-en-ky-son-va-hoa-binh-thuong-nguon-xang-va-nghi/,_posts/{date}-kinh-nghiem-uong-en-ky-son-va-hoa-binh-thuong-nguon-xang-va-nghi.md,/blog/cung-duong/{date}/kinh-nghiem-uong-en-ky-son-va-hoa-binh-thuong-nguon-xang-va-nghi/,/cung-duong/cac-tinh-phia-bac/,false,none,,planned:matrix-seed/C-CD-PHO-BAC
BLG-00763,PLANNED,Vào ga và trả ga mượt cho người mới,Tập thao tác ga cho người mới,cách vào ga xe máy,nhả ga; thao tác ga,P-KY-NANG,C-KY-NANG-CO-BAN,KY-NANG,/blog/ky-nang/{date}/vao-ga-va-tra-ga-muot-cho-nguoi-moi/,_posts/{date}-vao-ga-va-tra-ga-muot-cho-nguoi-moi.md,/blog/ky-nang/{date}/vao-ga-va-tra-ga-muot-cho-nguoi-moi/,/ky-nang/ky-nang-lai-co-ban/,false,medium,,planned:matrix-seed/C-KY-NANG-CO-BAN
BLG-00764,PLANNED,Phanh trước phanh sau dùng thế nào,Hiểu kỹ thuật phanh,phanh trước phanh sau,cách phanh xe máy; phanh an toàn,P-KY-NANG,C-KY-NANG-CO-BAN,KY-NANG,/blog/ky-nang/{date}/phanh-truoc-phanh-sau-dung-the-nao/,_posts/{date}-phanh-truoc-phanh-sau-dung-the-nao.md,/blog/ky-nang/{date}/phanh-truoc-phanh-sau-dung-the-nao/,/ky-nang/ky-nang-lai-co-ban/,false,medium,,planned:matrix-seed/C-KY-NANG-CO-BAN
BLG-00765,PLANNED,Làm quen xe máy lạ trước khi lên đường,Biết cách làm quen xe mới,làm quen xe máy lạ,chạy thử xe máy; đọc vị xe lạ,P-KY-NANG,C-KY-NANG-CO-BAN,KY-NANG,/blog/ky-nang/{date}/lam-quen-xe-may-la-truoc-khi-len-uong/,_posts/{date}-lam-quen-xe-may-la-truoc-khi-len-uong.md,/blog/ky-nang/{date}/lam-quen-xe-may-la-truoc-khi-len-uong/,/ky-nang/ky-nang-lai-co-ban/; /thue-xe/nhan-tra-xe/,false,medium,,planned:matrix-seed/C-KY-NANG-CO-BAN
BLG-00766,PLANNED,Ra vào làn đường đúng cách,Biết quy tắc chuyển làn,chuyển làn đường,ra vào làn; nhường đường,P-KY-NANG,C-KY-NANG-CO-BAN,KY-NANG,/blog/ky-nang/{date}/ra-vao-lan-uong-ung-cach/,_posts/{date}-ra-vao-lan-uong-ung-cach.md,/blog/ky-nang/{date}/ra-vao-lan-uong-ung-cach/,/ky-nang/ky-nang-lai-co-ban/; /an-toan-phap-ly/quy-dinh-giao-thong/,false,medium,,planned:matrix-seed/C-KY-NANG-CO-BAN
BLG-00767,PLANNED,Quay đầu xe máy trong phố,Biết cách quay đầu an toàn,quay đầu xe máy,quay xe trong phố; nơi cho quay đầu,P-KY-NANG,C-KY-NANG-CO-BAN,KY-NANG,/blog/ky-nang/{date}/quay-au-xe-may-trong-pho/,_posts/{date}-quay-au-xe-may-trong-pho.md,/blog/ky-nang/{date}/quay-au-xe-may-trong-pho/,/ky-nang/ky-nang-lai-co-ban/,false,medium,,planned:matrix-seed/C-KY-NANG-CO-BAN
BLG-00768,PLANNED,Giữ khoảng cách với xe container trong nội đô,Biết xử lý khi đi cạnh xe lớn,đi cạnh xe container,góc mù xe tải; khoảng cách xe lớn,P-KY-NANG,C-KY-NANG-CO-BAN,KY-NANG,/blog/ky-nang/{date}/giu-khoang-cach-voi-xe-container-trong-noi-o/,_posts/{date}-giu-khoang-cach-voi-xe-container-trong-noi-o.md,/blog/ky-nang/{date}/giu-khoang-cach-voi-xe-container-trong-noi-o/,/ky-nang/tinh-huong-giao-thong/,false,medium,,planned:matrix-seed/C-KY-NANG-CO-BAN
BLG-00769,PLANNED,Đề tanh và đề máy mùa đông,Biết mẹo đề máy mùa lạnh,đề máy mùa đông,xe khó đề; đề xe mùa lạnh,P-KY-NANG,C-KY-NANG-CO-BAN,KY-NANG,/blog/ky-nang/{date}/e-tanh-va-e-may-mua-ong/,_posts/{date}-e-tanh-va-e-may-mua-ong.md,/blog/ky-nang/{date}/e-tanh-va-e-may-mua-ong/,/ky-nang/thoi-tiet-va-duong-sa/,false,medium,,planned:matrix-seed/C-KY-NANG-CO-BAN
BLG-00770,PLANNED,Xử lý khi xe máy phía trước ngắt đầu,Biết phản xạ khi xe trước phanh gấp,xe trước phanh gấp,ngắt đầu là gì; phản xạ lái xe,P-KY-NANG,C-KY-NANG-TINH-HUONG,KY-NANG,/blog/ky-nang/{date}/xu-ly-khi-xe-may-phia-truoc-ngat-au/,_posts/{date}-xu-ly-khi-xe-may-phia-truoc-ngat-au.md,/blog/ky-nang/{date}/xu-ly-khi-xe-may-phia-truoc-ngat-au/,/ky-nang/tinh-huong-giao-thong/,false,medium,,planned:matrix-seed/C-KY-NANG-TINH-HUONG
BLG-00771,PLANNED,Đi qua giao lộ không đèn xanh,Biết cách qua giao lộ không đèn,giao lộ không đèn,nhường ai; giao lộ không tín hiệu,P-KY-NANG,C-KY-NANG-TINH-HUONG,KY-NANG,/blog/ky-nang/{date}/i-qua-giao-lo-khong-en-xanh/,_posts/{date}-i-qua-giao-lo-khong-en-xanh.md,/blog/ky-nang/{date}/i-qua-giao-lo-khong-en-xanh/,/ky-nang/tinh-huong-giao-thong/; /an-toan-phap-ly/quy-dinh-giao-thong/,false,medium,,planned:matrix-seed/C-KY-NANG-TINH-HUONG
BLG-00772,PLANNED,Tránh góc mù xe tải ở vòng xuyến,Biết vòng xuyến với xe lớn,vòng xuyến xe tải,góc mù vòng xuyến; qua vòng xuyến,P-KY-NANG,C-KY-NANG-TINH-HUONG,KY-NANG,/blog/ky-nang/{date}/tranh-goc-mu-xe-tai-o-vong-xuyen/,_posts/{date}-tranh-goc-mu-xe-tai-o-vong-xuyen.md,/blog/ky-nang/{date}/tranh-goc-mu-xe-tai-o-vong-xuyen/,/ky-nang/tinh-huong-giao-thong/,false,medium,,planned:matrix-seed/C-KY-NANG-TINH-HUONG
BLG-00773,PLANNED,Lốp bị xì đang đi: giữ xe thế nào,Xử lý xì lốp khi đang chạy,lốp xe xì đang đi,lốp xì giữa đường; xe mất lái,P-KY-NANG,C-KY-NANG-TINH-HUONG,KY-NANG,/blog/ky-nang/{date}/lop-bi-xi-ang-i-giu-xe-the-nao/,_posts/{date}-lop-bi-xi-ang-i-giu-xe-the-nao.md,/blog/ky-nang/{date}/lop-bi-xi-ang-i-giu-xe-the-nao/,/ky-nang/tinh-huong-giao-thong/; /thue-xe/su-co/,false,medium,,planned:matrix-seed/C-KY-NANG-TINH-HUONG
BLG-00774,PLANNED,Đi sau xe buýt đúng khoảng cách,Biết khoảng cách với xe buýt,đi sau xe buýt,khoảng cách xe buýt,P-KY-NANG,C-KY-NANG-TINH-HUONG,KY-NANG,/blog/ky-nang/{date}/i-sau-xe-buyt-ung-khoang-cach/,_posts/{date}-i-sau-xe-buyt-ung-khoang-cach.md,/blog/ky-nang/{date}/i-sau-xe-buyt-ung-khoang-cach/,/ky-nang/tinh-huong-giao-thong/,false,medium,,planned:matrix-seed/C-KY-NANG-TINH-HUONG
BLG-00775,PLANNED,Người đi bộ bỗng xuất hiện: cách phản ứng,Biết phản ứng với người đi bộ,người đi bộ băng đường,phản xạ khi gặp người đi bộ,P-KY-NANG,C-KY-NANG-TINH-HUONG,KY-NANG,/blog/ky-nang/{date}/nguoi-i-bo-bong-xuat-hien-cach-phan-ung/,_posts/{date}-nguoi-i-bo-bong-xuat-hien-cach-phan-ung.md,/blog/ky-nang/{date}/nguoi-i-bo-bong-xuat-hien-cach-phan-ung/,/ky-nang/tinh-huong-giao-thong/,false,medium,,planned:matrix-seed/C-KY-NANG-TINH-HUONG
BLG-00776,PLANNED,Xe tải chuyển làn đột ngột tránh sao,Biết tránh xe chuyển làn đột ngột,xe tải chuyển làn,tránh va xe lớn,P-KY-NANG,C-KY-NANG-TINH-HUONG,KY-NANG,/blog/ky-nang/{date}/xe-tai-chuyen-lan-ot-ngot-tranh-sao/,_posts/{date}-xe-tai-chuyen-lan-ot-ngot-tranh-sao.md,/blog/ky-nang/{date}/xe-tai-chuyen-lan-ot-ngot-tranh-sao/,/ky-nang/tinh-huong-giao-thong/,false,medium,,planned:matrix-seed/C-KY-NANG-TINH-HUONG
BLG-00777,PLANNED,Chạy xe máy trời mưa lớn: giảm tốc và đèn,Biết chạy xe trong mưa lớn,chạy xe trời mưa,lái xe mưa lớn; mưa to chạy xe,P-KY-NANG,C-KY-NANG-THOI-TIET,KY-NANG,/blog/ky-nang/{date}/chay-xe-may-troi-mua-lon-giam-toc-va-en/,_posts/{date}-chay-xe-may-troi-mua-lon-giam-toc-va-en.md,/blog/ky-nang/{date}/chay-xe-may-troi-mua-lon-giam-toc-va-en/,/ky-nang/thoi-tiet-va-duong-sa/,false,medium,,planned:matrix-seed/C-KY-NANG-THOI-TIET
BLG-00778,PLANNED,Đường trơn và vũng nước qua thế nào,Biết xử lý đường trơn,đường trơn trượt,vũng nước trên đường; đường ướt,P-KY-NANG,C-KY-NANG-THOI-TIET,KY-NANG,/blog/ky-nang/{date}/uong-tron-va-vung-nuoc-qua-the-nao/,_posts/{date}-uong-tron-va-vung-nuoc-qua-the-nao.md,/blog/ky-nang/{date}/uong-tron-va-vung-nuoc-qua-the-nao/,/ky-nang/thoi-tiet-va-duong-sa/,false,medium,,planned:matrix-seed/C-KY-NANG-THOI-TIET
BLG-00779,PLANNED,Sương mù sáng sớm trên đường đèo,Biết chạy trong sương mù,chạy xe sương mù,mù trên đèo; tầm nhìn hạn chế,P-KY-NANG,C-KY-NANG-THOI-TIET,KY-NANG,/blog/ky-nang/{date}/suong-mu-sang-som-tren-uong-eo/,_posts/{date}-suong-mu-sang-som-tren-uong-eo.md,/blog/ky-nang/{date}/suong-mu-sang-som-tren-uong-eo/,/ky-nang/thoi-tiet-va-duong-sa/,false,medium,,planned:matrix-seed/C-KY-NANG-THOI-TIET
BLG-00780,PLANNED,Trời nắng gắt và say nắng khi chạy xe,Biết chống say nắng khi chạy xe,say nắng khi chạy xe,chạy xe nắng gắt; mắt chói nắng,P-KY-NANG,C-KY-NANG-THOI-TIET,KY-NANG,/blog/ky-nang/{date}/troi-nang-gat-va-say-nang-khi-chay-xe/,_posts/{date}-troi-nang-gat-va-say-nang-khi-chay-xe.md,/blog/ky-nang/{date}/troi-nang-gat-va-say-nang-khi-chay-xe/,/ky-nang/suc-khoe-khi-lai-xe/; /ky-nang/thoi-tiet-va-duong-sa/,false,medium,,planned:matrix-seed/C-KY-NANG-THOI-TIET
BLG-00781,PLANNED,Đường đá dăm và đường vùng núi,Biết chạy đường đá dăm,đường đá dăm,đường vùng núi; đường sỏi đá,P-KY-NANG,C-KY-NANG-THOI-TIET,KY-NANG,/blog/ky-nang/{date}/uong-a-dam-va-uong-vung-nui/,_posts/{date}-uong-a-dam-va-uong-vung-nui.md,/blog/ky-nang/{date}/uong-a-dam-va-uong-vung-nui/,/ky-nang/thoi-tiet-va-duong-sa/,false,medium,,planned:matrix-seed/C-KY-NANG-THOI-TIET
BLG-00782,PLANNED,Chạy xe ban đêm trong nội đô,Biết chạy xe đêm nội đô,chạy xe ban đêm,đèn xe ban đêm; lái đêm hà nội,P-KY-NANG,C-KY-NANG-THOI-TIET,KY-NANG,/blog/ky-nang/{date}/chay-xe-ban-em-trong-noi-o/,_posts/{date}-chay-xe-ban-em-trong-noi-o.md,/blog/ky-nang/{date}/chay-xe-ban-em-trong-noi-o/,/ky-nang/thoi-tiet-va-duong-sa/,false,medium,,planned:matrix-seed/C-KY-NANG-THOI-TIET
BLG-00783,PLANNED,Gió lớn và cơn giông giữa đường,Biết xử lý gió giông,chạy xe gió lớn,giông khi đang chạy xe,P-KY-NANG,C-KY-NANG-THOI-TIET,KY-NANG,/blog/ky-nang/{date}/gio-lon-va-con-giong-giua-uong/,_posts/{date}-gio-lon-va-con-giong-giua-uong.md,/blog/ky-nang/{date}/gio-lon-va-con-giong-giua-uong/,/ky-nang/thoi-tiet-va-duong-sa/,false,medium,,planned:matrix-seed/C-KY-NANG-THOI-TIET
BLG-00784,PLANNED,Buộc đồ sau xe máy đúng cách,Biết cách buộc đồ phía sau,buộc đồ sau xe máy,cột đồ lên xe; chở hành lý xe máy,P-KY-NANG,C-KY-NANG-CHO-DO,KY-NANG,/blog/ky-nang/{date}/buoc-o-sau-xe-may-ung-cach/,_posts/{date}-buoc-o-sau-xe-may-ung-cach.md,/blog/ky-nang/{date}/buoc-o-sau-xe-may-ung-cach/,/ky-nang/cho-do-va-hanh-ly/,false,medium,,planned:matrix-seed/C-KY-NANG-CHO-DO
BLG-00785,PLANNED,Đeo ba lô khi chạy xe dài hay buộc sau,So sánh đeo balo với buộc đồ,đeo ba lô chạy xe,balo hay buộc sau xe; đeo balo đi xa,P-KY-NANG,C-KY-NANG-CHO-DO,KY-NANG,/blog/ky-nang/{date}/eo-ba-lo-khi-chay-xe-dai-hay-buoc-sau/,_posts/{date}-eo-ba-lo-khi-chay-xe-dai-hay-buoc-sau.md,/blog/ky-nang/{date}/eo-ba-lo-khi-chay-xe-dai-hay-buoc-sau/,/ky-nang/cho-do-va-hanh-ly/,false,medium,,planned:matrix-seed/C-KY-NANG-CHO-DO
BLG-00786,PLANNED,Chở người phía sau an toàn khi đi đôi,Biết chở người sau an toàn,chở người sau xe máy,đi đôi xe máy; chở bạn cùng xe,P-KY-NANG,C-KY-NANG-CHO-DO,KY-NANG,/blog/ky-nang/{date}/cho-nguoi-phia-sau-an-toan-khi-i-oi/,_posts/{date}-cho-nguoi-phia-sau-an-toan-khi-i-oi.md,/blog/ky-nang/{date}/cho-nguoi-phia-sau-an-toan-khi-i-oi/,/ky-nang/cho-do-va-hanh-ly/; /an-toan-phap-ly/quy-dinh-giao-thong/,false,medium,,planned:matrix-seed/C-KY-NANG-CHO-DO
BLG-00787,PLANNED,Hộp giữ mũ và đồ nhỏ trên xe ga,Biết chứa đồ nhỏ trên xe,hộp đồ xe máy,chứa mũ bảo hiểm; hook mũ xe ga,P-KY-NANG,C-KY-NANG-CHO-DO,KY-NANG,/blog/ky-nang/{date}/hop-giu-mu-va-o-nho-tren-xe-ga/,_posts/{date}-hop-giu-mu-va-o-nho-tren-xe-ga.md,/blog/ky-nang/{date}/hop-giu-mu-va-o-nho-tren-xe-ga/,/ky-nang/cho-do-va-hanh-ly/,false,medium,,planned:matrix-seed/C-KY-NANG-CHO-DO
BLG-00788,PLANNED,Cho đồ khi trời mưa: cách bọc kín,Biết bọc đồ khi mưa,bọc đồ trên xe mưa,túi nilon đồ; che đồ khi mưa,P-KY-NANG,C-KY-NANG-CHO-DO,KY-NANG,/blog/ky-nang/{date}/cho-o-khi-troi-mua-cach-boc-kin/,_posts/{date}-cho-o-khi-troi-mua-cach-boc-kin.md,/blog/ky-nang/{date}/cho-o-khi-troi-mua-cach-boc-kin/,/ky-nang/cho-do-va-hanh-ly/; /ky-nang/thoi-tiet-va-duong-sa/,false,medium,,planned:matrix-seed/C-KY-NANG-CHO-DO
BLG-00789,PLANNED,Gửi xe máy quanh trung tâm giá và vị trí,Biết bãi gửi xe trung tâm,gửi xe máy trung tâm,bãi xe quanh hồ gươm; giá gửi xe hà nội,P-KY-NANG,C-KY-NANG-GUI-XE,KY-NANG,/blog/ky-nang/{date}/gui-xe-may-quanh-trung-tam-gia-va-vi-tri/,_posts/{date}-gui-xe-may-quanh-trung-tam-gia-va-vi-tri.md,/blog/ky-nang/{date}/gui-xe-may-quanh-trung-tam-gia-va-vi-tri/,/ky-nang/gui-xe-va-giu-xe/,false,medium,,planned:matrix-seed/C-KY-NANG-GUI-XE
BLG-00790,PLANNED,Gửi xe qua đêm có được không,Hiểu gửi xe qua đêm,gửi xe qua đêm,để xe qua đêm hà nội,P-KY-NANG,C-KY-NANG-GUI-XE,KY-NANG,/blog/ky-nang/{date}/gui-xe-qua-em-co-uoc-khong/,_posts/{date}-gui-xe-qua-em-co-uoc-khong.md,/blog/ky-nang/{date}/gui-xe-qua-em-co-uoc-khong/,/ky-nang/gui-xe-va-giu-xe/,false,medium,,planned:matrix-seed/C-KY-NANG-GUI-XE
BLG-00791,PLANNED,Giữ xe máy an toàn trước nhà dân khu phố cổ,Biết để xe trước nhà phố cổ,giữ xe phố cổ,để xe trước nhà dân; gửi xe phố cổ,P-KY-NANG,C-KY-NANG-GUI-XE,KY-NANG,/blog/ky-nang/{date}/giu-xe-may-an-toan-truoc-nha-dan-khu-pho-co/,_posts/{date}-giu-xe-may-an-toan-truoc-nha-dan-khu-pho-co.md,/blog/ky-nang/{date}/giu-xe-may-an-toan-truoc-nha-dan-khu-pho-co/,/ky-nang/gui-xe-va-giu-xe/; /du-lich/pho-co/,false,medium,,planned:matrix-seed/C-KY-NANG-GUI-XE
BLG-00792,PLANNED,Chống trộm xe máy khi để ngoài đường,Biết chống trộm xe máy,chống trộm xe máy,khóa xe máy; để xe ngoài đường,P-KY-NANG,C-KY-NANG-GUI-XE,KY-NANG,/blog/ky-nang/{date}/chong-trom-xe-may-khi-e-ngoai-uong/,_posts/{date}-chong-trom-xe-may-khi-e-ngoai-uong.md,/blog/ky-nang/{date}/chong-trom-xe-may-khi-e-ngoai-uong/,/ky-nang/gui-xe-va-giu-xe/; /thue-xe/su-co/,false,medium,,planned:matrix-seed/C-KY-NANG-GUI-XE
BLG-00793,PLANNED,Giữ mũ bảo hiểm khi xuống xe đi bộ,Biết cách giữ mũ khi rời xe,giữ mũ bảo hiểm,mang mũ theo hay để trên xe; còng mũ,P-KY-NANG,C-KY-NANG-GUI-XE,KY-NANG,/blog/ky-nang/{date}/giu-mu-bao-hiem-khi-xuong-xe-i-bo/,_posts/{date}-giu-mu-bao-hiem-khi-xuong-xe-i-bo.md,/blog/ky-nang/{date}/giu-mu-bao-hiem-khi-xuong-xe-i-bo/,/ky-nang/gui-xe-va-giu-xe/,false,medium,,planned:matrix-seed/C-KY-NANG-GUI-XE
BLG-00794,PLANNED,Xe máy thuê để ở bãi gửi có an toàn không,Hiểu rủi ro khi để xe thuê ở bãi,để xe thuê ở bãi gửi,trách nhiệm bãi gửi; xe thuê bị mất ở bãi,P-KY-NANG,C-KY-NANG-GUI-XE,KY-NANG,/blog/ky-nang/{date}/xe-may-thue-e-o-bai-gui-co-an-toan-khong/,_posts/{date}-xe-may-thue-e-o-bai-gui-co-an-toan-khong.md,/blog/ky-nang/{date}/xe-may-thue-e-o-bai-gui-co-an-toan-khong/,/ky-nang/gui-xe-va-giu-xe/; /thue-xe/su-co/,false,medium,,planned:matrix-seed/C-KY-NANG-GUI-XE
BLG-00795,PLANNED,Uống nước và nghỉ đúng nhịp khi chạy xe đường dài,Biết nhịp nghỉ đường dài,nghỉ khi chạy xe đường dài,uống nước khi chạy xe; mệt khi lái xe,P-KY-NANG,C-KY-NANG-SUC-KHOE,KY-NANG,/blog/ky-nang/{date}/uong-nuoc-va-nghi-ung-nhip-khi-chay-xe-uong-dai/,_posts/{date}-uong-nuoc-va-nghi-ung-nhip-khi-chay-xe-uong-dai.md,/blog/ky-nang/{date}/uong-nuoc-va-nghi-ung-nhip-khi-chay-xe-uong-dai/,/ky-nang/suc-khoe-khi-lai-xe/,true,high,,planned:matrix-seed/C-KY-NANG-SUC-KHOE
BLG-00796,PLANNED,Chứng say xe khi ngồi sau và cách hạn chế,Hiểu say xe khi đi sau,say xe khi ngồi sau,chống say xe máy,P-KY-NANG,C-KY-NANG-SUC-KHOE,KY-NANG,/blog/ky-nang/{date}/chung-say-xe-khi-ngoi-sau-va-cach-han-che/,_posts/{date}-chung-say-xe-khi-ngoi-sau-va-cach-han-che.md,/blog/ky-nang/{date}/chung-say-xe-khi-ngoi-sau-va-cach-han-che/,/ky-nang/suc-khoe-khi-lai-xe/,true,high,,planned:matrix-seed/C-KY-NANG-SUC-KHOE
BLG-00797,PLANNED,Đau lưng và đau cổ khi chạy xe dài,Biết tư thế ngồi giảm đau lưng,đau lưng khi chạy xe,tư thế ngồi xe máy; đau cổ chạy xe,P-KY-NANG,C-KY-NANG-SUC-KHOE,KY-NANG,/blog/ky-nang/{date}/au-lung-va-au-co-khi-chay-xe-dai/,_posts/{date}-au-lung-va-au-co-khi-chay-xe-dai.md,/blog/ky-nang/{date}/au-lung-va-au-co-khi-chay-xe-dai/,/ky-nang/suc-khoe-khi-lai-xe/,true,high,,planned:matrix-seed/C-KY-NANG-SUC-KHOE
BLG-00798,PLANNED,Chạy xe khi đang mệt hay thiếu ngủ: rủi ro,Hiểu rủi ro lái khi thiếu ngủ,chạy xe khi thiếu ngủ,lái xe mệt,P-KY-NANG,C-KY-NANG-SUC-KHOE,KY-NANG,/blog/ky-nang/{date}/chay-xe-khi-ang-met-hay-thieu-ngu-rui-ro/,_posts/{date}-chay-xe-khi-ang-met-hay-thieu-ngu-rui-ro.md,/blog/ky-nang/{date}/chay-xe-khi-ang-met-hay-thieu-ngu-rui-ro/,/ky-nang/suc-khoe-khi-lai-xe/,true,high,,planned:matrix-seed/C-KY-NANG-SUC-KHOE
BLG-00799,PLANNED,Mũ bảo hiểm sạch và sức khỏe da đầu,Biết giữ mũ sạch,giữ mũ bảo hiểm sạch,mũ bốc mùi; vệ sinh mũ bảo hiểm,P-KY-NANG,C-KY-NANG-SUC-KHOE,KY-NANG,/blog/ky-nang/{date}/mu-bao-hiem-sach-va-suc-khoe-da-au/,_posts/{date}-mu-bao-hiem-sach-va-suc-khoe-da-au.md,/blog/ky-nang/{date}/mu-bao-hiem-sach-va-suc-khoe-da-au/,/ky-nang/suc-khoe-khi-lai-xe/,true,high,,planned:matrix-seed/C-KY-NANG-SUC-KHOE
BLG-00800,PLANNED,Ăn nhẹ trước chuyến xe dài buổi sáng,Biết chuẩn bị thể lực trước chuyến dài,ăn trước khi chạy xe dài,chạy xe bụng đói,P-KY-NANG,C-KY-NANG-SUC-KHOE,KY-NANG,/blog/ky-nang/{date}/an-nhe-truoc-chuyen-xe-dai-buoi-sang/,_posts/{date}-an-nhe-truoc-chuyen-xe-dai-buoi-sang.md,/blog/ky-nang/{date}/an-nhe-truoc-chuyen-xe-dai-buoi-sang/,/ky-nang/suc-khoe-khi-lai-xe/,true,high,,planned:matrix-seed/C-KY-NANG-SUC-KHOE
BLG-00801,PLANNED,Thuê xe máy ở Hà Nội giá bao nhiêu một ngày,Trả lời nhanh câu hỏi giá thuê theo ngày,thuê xe máy hà nội bao nhiêu tiền 1 ngày,giá thuê mỗi ngày,P-HOI-DAP,C-HD-GIA,HOI-DAP,/blog/hoi-dap/{date}/thue-xe-may-o-ha-noi-gia-bao-nhieu-mot-ngay/,_posts/{date}-thue-xe-may-o-ha-noi-gia-bao-nhieu-mot-ngay.md,/blog/hoi-dap/{date}/thue-xe-may-o-ha-noi-gia-bao-nhieu-mot-ngay/,/bang-gia/; /hoi-dap/hoi-dap-gia/,false,none,,planned:matrix-seed/C-HD-GIA
BLG-00802,PLANNED,Thuê xe tuần có rẻ hơn thuê ngày không,Trả lời so sánh giá tuần ngày,thuê xe tuần rẻ hơn không,giá tuần so ngày,P-HOI-DAP,C-HD-GIA,HOI-DAP,/blog/hoi-dap/{date}/thue-xe-tuan-co-re-hon-thue-ngay-khong/,_posts/{date}-thue-xe-tuan-co-re-hon-thue-ngay-khong.md,/blog/hoi-dap/{date}/thue-xe-tuan-co-re-hon-thue-ngay-khong/,/bang-gia/; /thue-xe/thue-tuan/,false,none,,planned:matrix-seed/C-HD-GIA
BLG-00803,PLANNED,Giá thuê xe máy có gồm mũ bảo hiểm không,Trả lời mũ bảo hiểm trong giá thuê,giá thuê có gồm mũ không,mũ bảo hiểm kèm xe,P-HOI-DAP,C-HD-GIA,HOI-DAP,/blog/hoi-dap/{date}/gia-thue-xe-may-co-gom-mu-bao-hiem-khong/,_posts/{date}-gia-thue-xe-may-co-gom-mu-bao-hiem-khong.md,/blog/hoi-dap/{date}/gia-thue-xe-may-co-gom-mu-bao-hiem-khong/,/bang-gia/; /hoi-dap/hoi-dap-gia/,false,none,,planned:matrix-seed/C-HD-GIA
BLG-00804,PLANNED,Có phát sinh thêm tiền nào ngoài giá niêm yết không,Trả lời khoản phát sinh ngoài giá,thuê xe có phát sinh gì,phí ngoài giá thuê,P-HOI-DAP,C-HD-GIA,HOI-DAP,/blog/hoi-dap/{date}/co-phat-sinh-them-tien-nao-ngoai-gia-niem-yet-khong/,_posts/{date}-co-phat-sinh-them-tien-nao-ngoai-gia-niem-yet-khong.md,/blog/hoi-dap/{date}/co-phat-sinh-them-tien-nao-ngoai-gia-niem-yet-khong/,/bang-gia/,false,none,,planned:matrix-seed/C-HD-GIA
BLG-00805,PLANNED,Trẻ dưới bao nhiêu tuổi thuê xe được không,Trả lời điều kiện độ tuổi thuê xe,mấy tuổi được thuê xe máy,độ tuổi thuê xe,P-HOI-DAP,C-HD-GIA,HOI-DAP,/blog/hoi-dap/{date}/tre-duoi-bao-nhieu-tuoi-thue-xe-uoc-khong/,_posts/{date}-tre-duoi-bao-nhieu-tuoi-thue-xe-uoc-khong.md,/blog/hoi-dap/{date}/tre-duoi-bao-nhieu-tuoi-thue-xe-uoc-khong/,/hoi-dap/hoi-dap-gia/; /an-toan-phap-ly/giay-phep-lai-xe/,false,none,,planned:matrix-seed/C-HD-GIA
BLG-00806,PLANNED,Thuê xe máy cần những giấy tờ gì,Trả lời nhanh giấy tờ thuê xe,thuê xe máy cần giấy tờ gì,chứng minh nhân dân thuê xe,P-HOI-DAP,C-HD-THU-TUC,HOI-DAP,/blog/hoi-dap/{date}/thue-xe-may-can-nhung-giay-to-gi/,_posts/{date}-thue-xe-may-can-nhung-giay-to-gi.md,/blog/hoi-dap/{date}/thue-xe-may-can-nhung-giay-to-gi/,/thue-xe/thu-tuc/; /hoi-dap/hoi-dap-thu-tuc/,false,low,,planned:matrix-seed/C-HD-THU-TUC
BLG-00807,PLANNED,Chỉ có CCCD photo có thuê được xe không,Trả lời câu giấy tờ photo,cccd photo thuê xe được không,giấy tờ bản photo,P-HOI-DAP,C-HD-THU-TUC,HOI-DAP,/blog/hoi-dap/{date}/chi-co-cccd-photo-co-thue-uoc-xe-khong/,_posts/{date}-chi-co-cccd-photo-co-thue-uoc-xe-khong.md,/blog/hoi-dap/{date}/chi-co-cccd-photo-co-thue-uoc-xe-khong/,/thue-xe/thu-tuc/,false,low,,planned:matrix-seed/C-HD-THU-TUC
BLG-00808,PLANNED,Không có bằng lái có thuê được xe máy không,Trả lời thuê xe khi không bằng lái,không bằng lái thuê xe được không,thuê xe không cần bằng,P-HOI-DAP,C-HD-THU-TUC,HOI-DAP,/blog/hoi-dap/{date}/khong-co-bang-lai-co-thue-uoc-xe-may-khong/,_posts/{date}-khong-co-bang-lai-co-thue-uoc-xe-may-khong.md,/blog/hoi-dap/{date}/khong-co-bang-lai-co-thue-uoc-xe-may-khong/,/thue-xe/thu-tuc/; /an-toan-phap-ly/giay-phep-lai-xe/,false,low,,planned:matrix-seed/C-HD-THU-TUC
BLG-00809,PLANNED,Bao nhiêu tuổi mới được thuê xe máy,Trả lời giới hạn tuổi thuê xe,bao nhiêu tuổi được thuê xe,tuổi thuê xe máy,P-HOI-DAP,C-HD-THU-TUC,HOI-DAP,/blog/hoi-dap/{date}/bao-nhieu-tuoi-moi-uoc-thue-xe-may/,_posts/{date}-bao-nhieu-tuoi-moi-uoc-thue-xe-may.md,/blog/hoi-dap/{date}/bao-nhieu-tuoi-moi-uoc-thue-xe-may/,/thue-xe/thu-tuc/,false,low,,planned:matrix-seed/C-HD-THU-TUC
BLG-00810,PLANNED,Đặt xe trước bao lâu thì nên,Trả lời thời điểm đặt xe,đặt xe trước bao lâu,thuê xe gấp có được không,P-HOI-DAP,C-HD-THU-TUC,HOI-DAP,/blog/hoi-dap/{date}/at-xe-truoc-bao-lau-thi-nen/,_posts/{date}-at-xe-truoc-bao-lau-thi-nen.md,/blog/hoi-dap/{date}/at-xe-truoc-bao-lau-thi-nen/,/lien-he/,false,low,,planned:matrix-seed/C-HD-THU-TUC
BLG-00811,PLANNED,Xe 50cc có cần bằng lái không,Trả lời nhanh bằng lái xe 50cc,xe 50cc cần bằng lái không,thẻ 50cc,P-HOI-DAP,C-HD-PHAP-LY,HOI-DAP,/blog/hoi-dap/{date}/xe-50cc-co-can-bang-lai-khong/,_posts/{date}-xe-50cc-co-can-bang-lai-khong.md,/blog/hoi-dap/{date}/xe-50cc-co-can-bang-lai-khong/,/an-toan-phap-ly/giay-phep-lai-xe/,true,high,,planned:matrix-seed/C-HD-PHAP-LY
BLG-00812,PLANNED,Người nước ngoài bằng lái nước ngoài đi xe được không,Trả lời bằng lái cho khách quốc tế,bằng lái nước ngoài đi được không,idl việt nam,P-HOI-DAP,C-HD-PHAP-LY,HOI-DAP,/blog/hoi-dap/{date}/nguoi-nuoc-ngoai-bang-lai-nuoc-ngoai-i-xe-uoc-khong/,_posts/{date}-nguoi-nuoc-ngoai-bang-lai-nuoc-ngoai-i-xe-uoc-khong.md,/blog/hoi-dap/{date}/nguoi-nuoc-ngoai-bang-lai-nuoc-ngoai-i-xe-uoc-khong/,/an-toan-phap-ly/giay-phep-lai-xe/; /thue-xe/khach-quoc-te/,true,high,,planned:matrix-seed/C-HD-PHAP-LY
BLG-00813,PLANNED,Chở 2 người trên xe máy có bị phạt không,Trả lời chở người trên xe,chở 2 người có phạt không,chở người trên xe máy,P-HOI-DAP,C-HD-PHAP-LY,HOI-DAP,/blog/hoi-dap/{date}/cho-2-nguoi-tren-xe-may-co-bi-phat-khong/,_posts/{date}-cho-2-nguoi-tren-xe-may-co-bi-phat-khong.md,/blog/hoi-dap/{date}/cho-2-nguoi-tren-xe-may-co-bi-phat-khong/,/an-toan-phap-ly/quy-dinh-giao-thong/,true,high,,planned:matrix-seed/C-HD-PHAP-LY
BLG-00814,PLANNED,Xe máy thuê bị phạt nguội ai nộp phạt,Trả lời trách nhiệm phạt nguội xe thuê,phạt nguội xe thuê ai chịu,người thuê hay cửa hàng,P-HOI-DAP,C-HD-PHAP-LY,HOI-DAP,/blog/hoi-dap/{date}/xe-may-thue-bi-phat-nguoi-ai-nop-phat/,_posts/{date}-xe-may-thue-bi-phat-nguoi-ai-nop-phat.md,/blog/hoi-dap/{date}/xe-may-thue-bi-phat-nguoi-ai-nop-phat/,/an-toan-phap-ly/phat-nguoi/; /thue-xe/su-co/,true,high,,planned:matrix-seed/C-HD-PHAP-LY
BLG-00815,PLANNED,Đi xe không mũ bảo hiểm phạt bao nhiêu,Trả lời mức phạt không mũ,không mũ bảo hiểm phạt bao nhiêu,phạt không đội mũ,P-HOI-DAP,C-HD-PHAP-LY,HOI-DAP,/blog/hoi-dap/{date}/i-xe-khong-mu-bao-hiem-phat-bao-nhieu/,_posts/{date}-i-xe-khong-mu-bao-hiem-phat-bao-nhieu.md,/blog/hoi-dap/{date}/i-xe-khong-mu-bao-hiem-phat-bao-nhieu/,/an-toan-phap-ly/quy-dinh-giao-thong/,true,high,,planned:matrix-seed/C-HD-PHAP-LY
BLG-00816,PLANNED,Xe thuê không có đăng ký xe có bị giữ không,Trả lời giấy tờ xe thiếu khi thuê,xe thuê không đăng ký xe,thiếu giấy tờ xe thuê,P-HOI-DAP,C-HD-PHAP-LY,HOI-DAP,/blog/hoi-dap/{date}/xe-thue-khong-co-ang-ky-xe-co-bi-giu-khong/,_posts/{date}-xe-thue-khong-co-ang-ky-xe-co-bi-giu-khong.md,/blog/hoi-dap/{date}/xe-thue-khong-co-ang-ky-xe-co-bi-giu-khong/,/an-toan-phap-ly/giay-to/; /thue-xe/thu-tuc/,true,high,,planned:matrix-seed/C-HD-PHAP-LY
BLG-00817,PLANNED,Năm 2026 nên thuê xe số hay xe ga,Trả lời chọn xe số hay ga,nên thuê xe số hay xe ga,xe nào dễ đi hơn,P-HOI-DAP,C-HD-CHON-XE,HOI-DAP,/blog/hoi-dap/{date}/nam-2026-nen-thue-xe-so-hay-xe-ga/,_posts/{date}-nam-2026-nen-thue-xe-so-hay-xe-ga.md,/blog/hoi-dap/{date}/nam-2026-nen-thue-xe-so-hay-xe-ga/,/xe-may/xe-so/; /xe-may/xe-ga/,false,none,,planned:matrix-seed/C-HD-CHON-XE
BLG-00818,PLANNED,Người mới biết lái nên thuê xe nào,Trả lời xe cho người mới,người mới thuê xe nào,xe dễ đi cho người mới,P-HOI-DAP,C-HD-CHON-XE,HOI-DAP,/blog/hoi-dap/{date}/nguoi-moi-biet-lai-nen-thue-xe-nao/,_posts/{date}-nguoi-moi-biet-lai-nen-thue-xe-nao.md,/blog/hoi-dap/{date}/nguoi-moi-biet-lai-nen-thue-xe-nao/,/xe-may/xe-50cc/; /ky-nang/ky-nang-lai-co-ban/,false,none,,planned:matrix-seed/C-HD-CHON-XE
BLG-00819,PLANNED,Nữ đi làm hằng ngày nên thuê xe gì,Trả lời xe cho nữ đi làm,xe máy cho nữ đi làm,xe ga cho nữ,P-HOI-DAP,C-HD-CHON-XE,HOI-DAP,/blog/hoi-dap/{date}/nu-i-lam-hang-ngay-nen-thue-xe-gi/,_posts/{date}-nu-i-lam-hang-ngay-nen-thue-xe-gi.md,/blog/hoi-dap/{date}/nu-i-lam-hang-ngay-nen-thue-xe-gi/,/xe-may/xe-ga/,false,none,,planned:matrix-seed/C-HD-CHON-XE
BLG-00820,PLANNED,Hai người đi du lịch nên thuê xe nào,Trả lời xe cho cặp đôi đi chơi,thuê xe cho 2 người,xe mạnh chở 2 người,P-HOI-DAP,C-HD-CHON-XE,HOI-DAP,/blog/hoi-dap/{date}/hai-nguoi-i-du-lich-nen-thue-xe-nao/,_posts/{date}-hai-nguoi-i-du-lich-nen-thue-xe-nao.md,/blog/hoi-dap/{date}/hai-nguoi-i-du-lich-nen-thue-xe-nao/,/xe-may/honda-air-blade/,false,none,,planned:matrix-seed/C-HD-CHON-XE
BLG-00821,PLANNED,Đi xa ngoài tỉnh nên thuê xe gì,Trả lời xe cho cung đường xa,đi xa nên thuê xe nào,xe đường trường,P-HOI-DAP,C-HD-CHON-XE,HOI-DAP,/blog/hoi-dap/{date}/i-xa-ngoai-tinh-nen-thue-xe-gi/,_posts/{date}-i-xa-ngoai-tinh-nen-thue-xe-gi.md,/blog/hoi-dap/{date}/i-xa-ngoai-tinh-nen-thue-xe-gi/,/xe-may/xe-so/; /cung-duong/,false,none,,planned:matrix-seed/C-HD-CHON-XE
BLG-00822,PLANNED,Sinh viên nên thuê xe số hay đạp điện,Trả lời xe cho sinh viên,sinh viên thuê xe gì,xe rẻ cho sinh viên,P-HOI-DAP,C-HD-CHON-XE,HOI-DAP,/blog/hoi-dap/{date}/sinh-vien-nen-thue-xe-so-hay-ap-ien/,_posts/{date}-sinh-vien-nen-thue-xe-so-hay-ap-ien.md,/blog/hoi-dap/{date}/sinh-vien-nen-thue-xe-so-hay-ap-ien/,/xe-may/xe-dap-dien/,false,none,,planned:matrix-seed/C-HD-CHON-XE
BLG-00823,PLANNED,Xe thuê chết máy giữa đường gọi ai,Trả lời nhanh khi xe chết máy,xe thuê chết máy gọi ai,cứu hộ xe thuê,P-HOI-DAP,C-HD-SU-CO,HOI-DAP,/blog/hoi-dap/{date}/xe-thue-chet-may-giua-uong-goi-ai/,_posts/{date}-xe-thue-chet-may-giua-uong-goi-ai.md,/blog/hoi-dap/{date}/xe-thue-chet-may-giua-uong-goi-ai/,/thue-xe/su-co/; /lien-he/,false,medium,,planned:matrix-seed/C-HD-SU-CO
BLG-00824,PLANNED,Xe thuê bị thủng lốp ai sửa,Trả lời trách nhiệm thủng lốp,xe thuê thủng lốp,thủng lốp ai chịu,P-HOI-DAP,C-HD-SU-CO,HOI-DAP,/blog/hoi-dap/{date}/xe-thue-bi-thung-lop-ai-sua/,_posts/{date}-xe-thue-bi-thung-lop-ai-sua.md,/blog/hoi-dap/{date}/xe-thue-bi-thung-lop-ai-sua/,/thue-xe/su-co/,false,medium,,planned:matrix-seed/C-HD-SU-CO
BLG-00825,PLANNED,Đổ nhầm xăng xe máy điện thì sao,Trả lời sự cố nạp sai xe điện,đổ nhầm xăng xe điện,sự cố xe điện,P-HOI-DAP,C-HD-SU-CO,HOI-DAP,/blog/hoi-dap/{date}/o-nham-xang-xe-may-ien-thi-sao/,_posts/{date}-o-nham-xang-xe-may-ien-thi-sao.md,/blog/hoi-dap/{date}/o-nham-xang-xe-may-ien-thi-sao/,/thue-xe/su-co/; /xe-may/xe-dien/,false,medium,,planned:matrix-seed/C-HD-SU-CO
BLG-00826,PLANNED,Xe máy thuê phanh yếu phải làm gì,Trả lời khi phanh xe thuê yếu,phanh xe máy yếu,phanh không ăn; séc xi phanh,P-HOI-DAP,C-HD-SU-CO,HOI-DAP,/blog/hoi-dap/{date}/xe-may-thue-phanh-yeu-phai-lam-gi/,_posts/{date}-xe-may-thue-phanh-yeu-phai-lam-gi.md,/blog/hoi-dap/{date}/xe-may-thue-phanh-yeu-phai-lam-gi/,/thue-xe/su-co/; /xe-may/bao-duong-xe/,false,medium,,planned:matrix-seed/C-HD-SU-CO
BLG-00827,PLANNED,Xe máy ướt nước mưa ngập đề không nổ,Trả lời xe đã chết máy sau mưa,xe chết máy sau mưa,xe ngập nước đề không; xử lý xe ướt,P-HOI-DAP,C-HD-SU-CO,HOI-DAP,/blog/hoi-dap/{date}/xe-may-uot-nuoc-mua-ngap-e-khong-no/,_posts/{date}-xe-may-uot-nuoc-mua-ngap-e-khong-no.md,/blog/hoi-dap/{date}/xe-may-uot-nuoc-mua-ngap-e-khong-no/,/thue-xe/su-co/; /ky-nang/thoi-tiet-va-duong-sa/,false,medium,,planned:matrix-seed/C-HD-SU-CO
BLG-00828,PLANNED,Lần đầu thuê xe máy nên chuẩn bị gì,Trả lời chuẩn bị lần đầu thuê,lần đầu thuê xe máy,chuẩn bị gì khi thuê xe lần đầu,P-HOI-DAP,C-HD-NGUOI-MOI,HOI-DAP,/blog/hoi-dap/{date}/lan-au-thue-xe-may-nen-chuan-bi-gi/,_posts/{date}-lan-au-thue-xe-may-nen-chuan-bi-gi.md,/blog/hoi-dap/{date}/lan-au-thue-xe-may-nen-chuan-bi-gi/,/thue-xe/thu-tuc/; /hoi-dap/hoi-dap-nguoi-moi/,false,low,,planned:matrix-seed/C-HD-NGUOI-MOI
BLG-00829,PLANNED,Chưa từng đi xe máy có nên thuê ngày đầu ở Hà Nội,Trả lời băn khoăn người chưa biết lái,chưa biết lái có nên thuê xe,học xe trước khi thuê,P-HOI-DAP,C-HD-NGUOI-MOI,HOI-DAP,/blog/hoi-dap/{date}/chua-tung-i-xe-may-co-nen-thue-ngay-au-o-ha-noi/,_posts/{date}-chua-tung-i-xe-may-co-nen-thue-ngay-au-o-ha-noi.md,/blog/hoi-dap/{date}/chua-tung-i-xe-may-co-nen-thue-ngay-au-o-ha-noi/,/ky-nang/ky-nang-lai-co-ban/,false,low,,planned:matrix-seed/C-HD-NGUOI-MOI
BLG-00830,PLANNED,Đi xe máy Hà Nội đáng sợ thật không,Trả lời lo lắng giao thông Hà Nội,đi xe ở hà nội có đáng sợ không,giao thông hà nội khó đi,P-HOI-DAP,C-HD-NGUOI-MOI,HOI-DAP,/blog/hoi-dap/{date}/i-xe-may-ha-noi-ang-so-that-khong/,_posts/{date}-i-xe-may-ha-noi-ang-so-that-khong.md,/blog/hoi-dap/{date}/i-xe-may-ha-noi-ang-so-that-khong/,/ky-nang/tinh-huong-giao-thong/,false,low,,planned:matrix-seed/C-HD-NGUOI-MOI
BLG-00831,PLANNED,Một mình nữ thuê xe máy an toàn không,Trả lời an toàn cho nữ đi một mình,nữ đi xe máy một mình,an toàn cho nữ,P-HOI-DAP,C-HD-NGUOI-MOI,HOI-DAP,/blog/hoi-dap/{date}/mot-minh-nu-thue-xe-may-an-toan-khong/,_posts/{date}-mot-minh-nu-thue-xe-may-an-toan-khong.md,/blog/hoi-dap/{date}/mot-minh-nu-thue-xe-may-an-toan-khong/,/ky-nang/tinh-huong-giao-thong/; /ky-nang/gui-xe-va-giu-xe/,false,low,,planned:matrix-seed/C-HD-NGUOI-MOI
BLG-00832,PLANNED,Ba lô và đồ đạc lần đầu thuê xe nên mang gì,Trả lời chuẩn bị đồ đạc khi thuê,mang gì khi thuê xe máy,đồ cần mang đi thuê xe,P-HOI-DAP,C-HD-NGUOI-MOI,HOI-DAP,/blog/hoi-dap/{date}/ba-lo-va-o-ac-lan-au-thue-xe-nen-mang-gi/,_posts/{date}-ba-lo-va-o-ac-lan-au-thue-xe-nen-mang-gi.md,/blog/hoi-dap/{date}/ba-lo-va-o-ac-lan-au-thue-xe-nen-mang-gi/,/ky-nang/cho-do-va-hanh-ly/,false,low,,planned:matrix-seed/C-HD-NGUOI-MOI
BLG-00833,PLANNED,Tài xế mới với biển báo khó hiểu,Trả lời biển báo cho người mới,biển báo cho người mới,đọc biển báo lần đầu,P-HOI-DAP,C-HD-NGUOI-MOI,HOI-DAP,/blog/hoi-dap/{date}/tai-xe-moi-voi-bien-bao-kho-hieu/,_posts/{date}-tai-xe-moi-voi-bien-bao-kho-hieu.md,/blog/hoi-dap/{date}/tai-xe-moi-voi-bien-bao-kho-hieu/,/an-toan-phap-ly/bien-bao/,false,low,,planned:matrix-seed/C-HD-NGUOI-MOI
